#SXD20|20006|50051|50206|2011.10.13 18:13:00|lc1|0|116|4703|
#TA nv3_authors`1`232|nv3_authors_config`0`0|nv3_banip`0`0|nv3_banners_click`8`588|nv3_banners_clients`1`152|nv3_banners_plans`3`132|nv3_banners_rows`10`1332|nv3_config`111`4520|nv3_cronjobs`8`912|nv3_en_about`0`0|nv3_en_blocks_groups`0`0|nv3_en_blocks_weight`0`0|nv3_en_contact_rows`1`32|nv3_en_contact_send`0`0|nv3_en_counter`481`10060|nv3_en_modfuncs`48`2704|nv3_en_modthemes`1`32|nv3_en_modules`9`476|nv3_en_news_admins`0`0|nv3_en_news_block`0`0|nv3_en_news_block_cat`0`0|nv3_en_news_cat`0`0|nv3_en_news_comments`0`0|nv3_en_news_config_post`0`0|nv3_en_news_log`0`0|nv3_en_news_rows`0`0|nv3_en_news_sources`0`0|nv3_en_news_topics`0`0|nv3_en_referer_stats`0`0|nv3_en_searchkeys`0`0|nv3_en_voting`0`0|nv3_en_voting_rows`0`0|nv3_groups`0`0|nv3_language`0`0|nv3_language_file`0`0|nv3_logs`537`34856|nv3_sessions`3`256128|nv3_setup`0`0|nv3_setup_language`2`16|nv3_setup_modules`20`1672|nv3_users`1`564|nv3_users_config`5`4776|nv3_users_openid`1`156|nv3_users_question`16`1016|nv3_users_reg`0`0|nv3_vi_albums_album`1`128|nv3_vi_albums_picture`1`88|nv3_vi_blocks_groups`27`3328|nv3_vi_blocks_weight`1022`13286|nv3_vi_contact_rows`1`32|nv3_vi_contact_send`0`0|nv3_vi_counter`481`10128|nv3_vi_download`0`0|nv3_vi_download_categories`3`160|nv3_vi_download_comments`0`0|nv3_vi_download_config`15`328|nv3_vi_download_report`0`0|nv3_vi_download_tmp`0`0|nv3_vi_menu_menu`0`0|nv3_vi_menu_rows`0`0|nv3_vi_modfuncs`68`3460|nv3_vi_modthemes`151`4956|nv3_vi_modules`13`712|nv3_vi_news_1`2`12792|nv3_vi_news_10`1`164|nv3_vi_news_11`0`0|nv3_vi_news_12`0`0|nv3_vi_news_13`0`0|nv3_vi_news_14`0`0|nv3_vi_news_15`0`0|nv3_vi_news_16`0`0|nv3_vi_news_17`0`0|nv3_vi_news_18`0`0|nv3_vi_news_19`1`164|nv3_vi_news_2`0`0|nv3_vi_news_20`0`0|nv3_vi_news_21`0`0|nv3_vi_news_22`0`0|nv3_vi_news_23`0`0|nv3_vi_news_24`0`0|nv3_vi_news_25`0`0|nv3_vi_news_26`0`0|nv3_vi_news_27`2`1328|nv3_vi_news_28`0`0|nv3_vi_news_29`0`0|nv3_vi_news_30`0`0|nv3_vi_news_31`0`0|nv3_vi_news_32`0`0|nv3_vi_news_33`0`0|nv3_vi_news_34`2`1328|nv3_vi_news_8`1`12628|nv3_vi_news_9`0`0|nv3_vi_news_admins`0`0|nv3_vi_news_block`6`78|nv3_vi_news_block_cat`2`148|nv3_vi_news_cat`29`2812|nv3_vi_news_comments`0`0|nv3_vi_news_config_post`0`0|nv3_vi_news_log`7`51560|nv3_vi_news_rows`4`14120|nv3_vi_news_sources`3`104|nv3_vi_news_topics`1`68|nv3_vi_referer_stats`1`36|nv3_vi_searchkeys`0`0|nv3_vi_tailieu`1`76|nv3_vi_tailieu_cat`1`36|nv3_vi_tkblop`300`14752|nv3_vi_tradiem_diem`1040`49148|nv3_vi_tradiem_dsgv`70`3128|nv3_vi_tradiem_dshs`40`2804|nv3_vi_tradiem_lop`1`20|nv3_vi_tradiem_monhoc`13`260|nv3_vi_tradiem_namhoc`1`20|nv3_vi_tradiem_xeploai`120`8760|nv3_vi_voting`1`260|nv3_vi_voting_rows`3`324
#EOH

#	TC`nv3_authors`utf8_general_ci	;
CREATE TABLE `nv3_authors` (
  `admin_id` mediumint(8) unsigned NOT NULL,
  `editor` varchar(100) NOT NULL,
  `lev` tinyint(1) unsigned NOT NULL default '0',
  `files_level` varchar(255) NOT NULL,
  `position` varchar(255) NOT NULL,
  `addtime` int(11) NOT NULL default '0',
  `edittime` int(11) NOT NULL default '0',
  `is_suspend` tinyint(1) unsigned NOT NULL default '0',
  `susp_reason` mediumtext NOT NULL,
  `check_num` varchar(40) NOT NULL,
  `last_login` int(11) unsigned NOT NULL default '0',
  `last_ip` varchar(45) NOT NULL,
  `last_agent` varchar(255) NOT NULL,
  PRIMARY KEY  (`admin_id`)
) ENGINE=MyISAM DEFAULT CHARSET=utf8	;
#	TD`nv3_authors`utf8_general_ci	;
INSERT INTO `nv3_authors` VALUES 
(1,'ckeditor',1,'adobe,application,archives,audio,documents,flash,images,real,video|1|1|1','Administrator',0,0,0,'','4cb6d8037716c05d90663dbd86663189e3e95086',1318500617,'127.0.0.1','Mozilla/5.0 (Windows NT 6.1; rv:2.0) Gecko/20100101 Firefox/4.0')	;
#	TC`nv3_authors_config`utf8_general_ci	;
CREATE TABLE `nv3_authors_config` (
  `id` mediumint(8) unsigned NOT NULL auto_increment,
  `keyname` varchar(32) default NULL,
  `mask` tinyint(4) NOT NULL default '0',
  `begintime` int(11) default NULL,
  `endtime` int(11) default NULL,
  `notice` varchar(255) NOT NULL,
  PRIMARY KEY  (`id`),
  UNIQUE KEY `keyname` (`keyname`)
) ENGINE=MyISAM DEFAULT CHARSET=utf8	;
#	TC`nv3_banip`utf8_general_ci	;
CREATE TABLE `nv3_banip` (
  `id` int(11) NOT NULL auto_increment,
  `ip` varchar(32) default NULL,
  `mask` tinyint(4) NOT NULL default '0',
  `area` tinyint(3) NOT NULL,
  `begintime` int(11) default NULL,
  `endtime` int(11) default NULL,
  `notice` varchar(255) NOT NULL,
  PRIMARY KEY  (`id`),
  UNIQUE KEY `ip` (`ip`)
) ENGINE=MyISAM DEFAULT CHARSET=utf8	;
#	TC`nv3_banners_click`utf8_general_ci	;
CREATE TABLE `nv3_banners_click` (
  `bid` mediumint(8) NOT NULL default '0',
  `click_time` int(11) unsigned NOT NULL default '0',
  `click_day` int(2) NOT NULL,
  `click_ip` varchar(15) NOT NULL,
  `click_country` varchar(10) NOT NULL,
  `click_browse_key` varchar(100) NOT NULL,
  `click_browse_name` varchar(100) NOT NULL,
  `click_os_key` varchar(100) NOT NULL,
  `click_os_name` varchar(100) NOT NULL,
  `click_ref` varchar(255) NOT NULL,
  KEY `bid` (`bid`),
  KEY `click_day` (`click_day`),
  KEY `click_ip` (`click_ip`),
  KEY `click_country` (`click_country`),
  KEY `click_browse_key` (`click_browse_key`),
  KEY `click_os_key` (`click_os_key`)
) ENGINE=MyISAM DEFAULT CHARSET=utf8	;
#	TD`nv3_banners_click`utf8_general_ci	;
INSERT INTO `nv3_banners_click` VALUES 
(1,1316089452,0,'127.0.0.1','ZZ','','firefox','','Windows 7','http://localhost/thpt/vi/'),
(2,1316439928,0,'127.0.0.1','ZZ','','firefox','','Windows 7','http://localhost/lc1/index.php?language=vi&nv=news&drag_block=1'),
(6,1316612293,0,'127.0.0.1','ZZ','','firefox','','Windows 7','http://localhost/lc1/'),
(5,1316612340,0,'127.0.0.1','ZZ','','firefox','','Windows 7','http://localhost/lc1/'),
(2,1316612375,0,'127.0.0.1','ZZ','','firefox','','Windows 7','http://localhost/lc1/'),
(7,1316614802,0,'127.0.0.1','ZZ','','firefox','','Windows 7','http://localhost/lc1/'),
(4,1316614864,0,'127.0.0.1','ZZ','','firefox','','Windows 7','http://localhost/lc1/'),
(1,1316614881,0,'127.0.0.1','ZZ','','firefox','','Windows 7','http://localhost/lc1/')	;
#	TC`nv3_banners_clients`utf8_general_ci	;
CREATE TABLE `nv3_banners_clients` (
  `id` mediumint(8) unsigned NOT NULL auto_increment,
  `login` varchar(60) NOT NULL,
  `pass` varchar(50) NOT NULL,
  `reg_time` int(11) unsigned NOT NULL default '0',
  `full_name` varchar(255) NOT NULL,
  `email` varchar(100) NOT NULL,
  `website` varchar(255) NOT NULL,
  `location` varchar(255) NOT NULL,
  `yim` varchar(100) NOT NULL,
  `phone` varchar(100) NOT NULL,
  `fax` varchar(100) NOT NULL,
  `mobile` varchar(100) NOT NULL,
  `act` tinyint(1) unsigned NOT NULL default '0',
  `check_num` varchar(40) NOT NULL,
  `last_login` int(11) unsigned NOT NULL default '0',
  `last_ip` varchar(15) NOT NULL,
  `last_agent` varchar(255) NOT NULL,
  `uploadtype` varchar(255) NOT NULL,
  PRIMARY KEY  (`id`),
  UNIQUE KEY `login` (`login`),
  UNIQUE KEY `email` (`email`),
  KEY `full_name` (`full_name`)
) ENGINE=MyISAM AUTO_INCREMENT=2 DEFAULT CHARSET=utf8	;
#	TD`nv3_banners_clients`utf8_general_ci	;
INSERT INTO `nv3_banners_clients` VALUES 
(1,'Mr.Duc','e767d7a220ebf2cd93e0e69797aed888e99dc270',1316440822,'Mr. Đức','admin@thptlaocai1.org','http://www.vietdiscovery.com/','Lào Cai','','','','',1,'',0,'','','images,flash')	;
#	TC`nv3_banners_plans`utf8_general_ci	;
CREATE TABLE `nv3_banners_plans` (
  `id` mediumint(8) unsigned NOT NULL auto_increment,
  `blang` char(2) NOT NULL,
  `title` varchar(255) NOT NULL,
  `description` varchar(255) NOT NULL,
  `form` varchar(100) NOT NULL,
  `width` smallint(4) unsigned NOT NULL default '0',
  `height` smallint(4) unsigned NOT NULL default '0',
  `act` tinyint(1) unsigned NOT NULL default '0',
  PRIMARY KEY  (`id`),
  KEY `title` (`title`)
) ENGINE=MyISAM AUTO_INCREMENT=4 DEFAULT CHARSET=utf8	;
#	TD`nv3_banners_plans`utf8_general_ci	;
INSERT INTO `nv3_banners_plans` VALUES 
(1,'','Quang cao giua trang','','sequential',670,100,1),
(2,'','Quang cao trai','','sequential',228,160,1),
(3,'','Flash nha truong','','sequential',240,5000,1)	;
#	TC`nv3_banners_rows`utf8_general_ci	;
CREATE TABLE `nv3_banners_rows` (
  `id` mediumint(8) unsigned NOT NULL auto_increment,
  `title` varchar(255) NOT NULL,
  `pid` mediumint(8) unsigned NOT NULL default '0',
  `clid` mediumint(8) unsigned NOT NULL default '0',
  `file_name` varchar(255) NOT NULL,
  `file_ext` varchar(100) NOT NULL,
  `file_mime` varchar(100) NOT NULL,
  `width` int(4) unsigned NOT NULL default '0',
  `height` int(4) unsigned NOT NULL default '0',
  `file_alt` varchar(255) NOT NULL,
  `click_url` varchar(255) NOT NULL,
  `file_name_tmp` varchar(255) NOT NULL,
  `file_alt_tmp` varchar(255) NOT NULL,
  `click_url_tmp` varchar(255) NOT NULL,
  `add_time` int(11) unsigned NOT NULL default '0',
  `publ_time` int(11) unsigned NOT NULL default '0',
  `exp_time` int(11) unsigned NOT NULL default '0',
  `hits_total` mediumint(8) unsigned NOT NULL default '0',
  `act` tinyint(1) unsigned NOT NULL default '0',
  `weight` int(11) NOT NULL default '0',
  PRIMARY KEY  (`id`),
  KEY `pid` (`pid`),
  KEY `clid` (`clid`)
) ENGINE=MyISAM AUTO_INCREMENT=11 DEFAULT CHARSET=utf8	;
#	TD`nv3_banners_rows`utf8_general_ci	;
INSERT INTO `nv3_banners_rows` VALUES 
(1,'Cây cảnh miền bắc',2,1,'cay-canh1.gif','gif','image/gif',349,209,'','http://caycanhmienbac.com/','','','',1316054767,1316054767,0,2,1,5),
(2,'Vé tầu Sa Pa',2,1,'0000000001.gif','gif','image/gif',218,109,'','http://www.vetaudisapa.com/','','','',1316054767,1316054767,0,2,1,6),
(3,'Flash',1,0,'item_479.swf','swf','application/x-shockwave-flash',666,120,'','','','','',1316054767,1316054767,0,0,1,1),
(4,'Sa Pa Spa',2,1,'top1001.gif','gif','image/gif',190,190,'','http://sapaspa.com.vn/','','','',1316440518,1316440518,0,1,1,4),
(5,'Du lịch leo núi',2,1,'fanupsapalaocai1.gif','gif','image/gif',130,89,'','http://sapalaocai.com/tour-leo-nui-fansipan.htm','','','',1316440615,1316440615,0,1,1,3),
(6,'Nhà hàng Sa Pa',2,1,'nha-hang81.gif','gif','image/gif',308,147,'','http://www.nhahangsapa.com/','','','',1316440662,1316440662,0,1,1,2),
(7,'Thuốc tắm',2,1,'tam-trang1.gif','gif','image/gif',350,199,'','http://thuoctamdaodo.com/','','','',1316440693,1316440693,0,1,1,1),
(8,'1',3,0,'logochinh.swf','swf','application/x-shockwave-flash',336,140,'','http://thptlaocai1.edu.vn','','','',1316599088,1316599088,0,0,1,3),
(9,'2',3,0,'nikko_.swf','swf','application/x-shockwave-flash',336,140,'','http://thptlaocai1.edu.vn','','','',1316599285,1316599285,0,0,1,2),
(10,'3',3,0,'kkee.swf','swf','application/x-shockwave-flash',336,140,'','http://thptlaocai1.edu.vn','','','',1316599327,1316599327,0,0,1,1)	;
#	TC`nv3_config`utf8_general_ci	;
CREATE TABLE `nv3_config` (
  `lang` char(3) NOT NULL default 'sys',
  `module` varchar(25) NOT NULL default 'global',
  `config_name` varchar(30) NOT NULL default '',
  `config_value` mediumtext NOT NULL,
  UNIQUE KEY `lang` (`lang`,`module`,`config_name`)
) ENGINE=MyISAM DEFAULT CHARSET=utf8	;
#	TD`nv3_config`utf8_general_ci	;
INSERT INTO `nv3_config` VALUES 
('sys','global','closed_site','0'),
('sys','global','site_keywords','Nukeviet, portal, mysql, php'),
('sys','global','site_phone',''),
('sys','global','site_lang','vi'),
('sys','global','admin_theme','admin_full'),
('sys','global','date_pattern','l, d-m-Y'),
('sys','global','time_pattern','H&#x3A;i'),
('sys','global','block_admin_ip','0'),
('sys','global','admfirewall','0'),
('sys','global','online_upd','1'),
('sys','global','statistic','1'),
('sys','global','dump_autobackup','1'),
('sys','global','dump_backup_ext','gz'),
('sys','global','dump_backup_day','30'),
('sys','global','gfx_chk','3'),
('sys','global','file_allowed_ext','adobe,application,archives,audio,documents,flash,images,real,video'),
('sys','global','forbid_extensions','php'),
('sys','global','forbid_mimes',''),
('sys','global','nv_max_size','2097152'),
('sys','global','upload_checking_mode','strong'),
('sys','global','update_revision_lang_mode','1'),
('sys','global','str_referer_blocker','0'),
('sys','global','getloadavg','0'),
('sys','global','mailer_mode',''),
('sys','global','smtp_host','smtp.gmail.com'),
('sys','global','smtp_ssl','1'),
('sys','global','smtp_port','465'),
('sys','global','smtp_username','user@gmail.com'),
('sys','global','smtp_password','userpass'),
('sys','global','allowuserreg','1'),
('sys','global','allowuserlogin','1'),
('sys','global','allowloginchange','0'),
('sys','global','allowquestion','1'),
('sys','global','allowuserpublic','0'),
('sys','global','useactivate','2'),
('sys','global','allowmailchange','1'),
('sys','global','allow_sitelangs','vi'),
('sys','global','allow_adminlangs','cs,en,fr,tr,vi'),
('sys','global','read_type','0'),
('sys','global','is_url_rewrite','1'),
('sys','global','rewrite_optional','0'),
('sys','global','rewrite_endurl','/'),
('sys','global','autocheckupdate','1'),
('sys','global','autoupdatetime','24'),
('sys','global','gzip_method','1'),
('sys','global','is_user_forum','0'),
('sys','global','openid_mode','1'),
('sys','global','authors_detail_main','0'),
('sys','global','spadmin_add_admin','1'),
('sys','global','openid_servers','yahoo,google,myopenid'),
('sys','global','optActive','1'),
('sys','global','googleAnalyticsID',''),
('sys','global','googleAnalyticsSetDomainName','0'),
('sys','global','revision','1203'),
('sys','global','version','3.2.00'),
('vi','global','site_name','THPT SỐ 1 LÀO CAI'),
('vi','global','site_logo','images/logo_2.png'),
('vi','global','site_description',''),
('vi','global','site_keywords',''),
('vi','global','site_theme','default'),
('vi','global','site_home_module','news'),
('vi','global','disable_site_content','Vì lý do kỹ thuật website tạm ngưng hoạt động. Thành thật xin lỗi các bạn vì sự bất tiện này!'),
('vi','news','indexfile','viewcat_main_right'),
('vi','news','per_page','20'),
('vi','news','st_links','10'),
('vi','news','auto_postcomm','1'),
('vi','news','homewidth','100'),
('vi','news','homeheight','80'),
('vi','news','blockwidth','52'),
('vi','news','blockheight','60'),
('vi','news','imagefull','460'),
('vi','news','setcomm','2'),
('vi','news','copyright','Chú ý: Việc đăng lại bài viết trên ở website hoặc các phương tiện truyền thông khác mà không ghi rõ nguồn http://nukeviet.vn là vi phạm bản quyền'),
('vi','news','showhometext','1'),
('vi','news','activecomm','1'),
('vi','news','emailcomm','1'),
('sys','global','site_email','thptso1laocai@gmail.com'),
('sys','global','error_send_email','thptso1laocai@gmail.com'),
('sys','global','my_domains','localhost,thptlaocai1.org'),
('sys','global','cookie_prefix','nv3c_Gdbap'),
('sys','global','session_prefix','nv3s_Gkb5ry'),
('sys','global','site_timezone','Asia&#x002F;Bangkok'),
('sys','global','proxy_blocker','0'),
('sys','global','lang_multi','0'),
('sys','global','ftp_server','localhost'),
('sys','global','ftp_port','21'),
('sys','global','ftp_user_name',''),
('sys','global','ftp_user_pass',''),
('sys','global','ftp_path','/'),
('sys','global','ftp_check_login','0'),
('en','global','site_name','Lao Cai High School No.1'),
('en','global','site_logo','images/logo.png'),
('en','global','site_description',''),
('en','global','site_keywords',''),
('en','global','site_theme','default'),
('en','global','site_home_module','news'),
('en','global','disable_site_content','For technical reasons Web site temporary not available. we are very sorry for any inconvenience!'),
('en','news','indexfile','viewcat_main_right'),
('en','news','per_page','20'),
('en','news','st_links','10'),
('en','news','auto_postcomm','1'),
('en','news','homewidth','100'),
('en','news','homeheight','80'),
('en','news','blockwidth','52'),
('en','news','blockheight','60'),
('en','news','imagefull','460'),
('en','news','setcomm','2'),
('en','news','copyright',''),
('en','news','showhometext','1'),
('en','news','activecomm','1'),
('en','news','emailcomm','1')	;
#	TC`nv3_cronjobs`utf8_general_ci	;
CREATE TABLE `nv3_cronjobs` (
  `id` mediumint(8) unsigned NOT NULL auto_increment,
  `start_time` int(11) unsigned NOT NULL default '0',
  `interval` int(11) unsigned NOT NULL default '0',
  `run_file` varchar(255) NOT NULL,
  `run_func` varchar(255) NOT NULL,
  `params` varchar(255) NOT NULL,
  `del` tinyint(1) unsigned NOT NULL default '0',
  `is_sys` tinyint(1) unsigned NOT NULL default '0',
  `act` tinyint(1) unsigned NOT NULL default '0',
  `last_time` int(11) unsigned NOT NULL default '0',
  `last_result` tinyint(1) unsigned NOT NULL default '0',
  `vi_cron_name` varchar(255) NOT NULL default '',
  `en_cron_name` varchar(255) NOT NULL default '',
  PRIMARY KEY  (`id`),
  KEY `is_sys` (`is_sys`)
) ENGINE=MyISAM AUTO_INCREMENT=9 DEFAULT CHARSET=utf8	;
#	TD`nv3_cronjobs`utf8_general_ci	;
INSERT INTO `nv3_cronjobs` VALUES 
(1,1316054767,5,'online_expired_del.php','cron_online_expired_del','',0,1,1,1318500390,1,'Xóa các dòng ghi trạng thái online đã cũ trong CSDL',''),
(2,1316054767,1440,'dump_autobackup.php','cron_dump_autobackup','',0,1,1,1318500390,1,'Tự động lưu CSDL',''),
(3,1316054767,60,'temp_download_destroy.php','cron_auto_del_temp_download','',0,1,1,1318500390,1,'Xóa các file tạm trong thư mục tmp',''),
(4,1316054767,30,'ip_logs_destroy.php','cron_del_ip_logs','',0,1,1,1318500390,1,'Xóa IP log files Xóa các file logo truy cập',''),
(5,1316054767,1440,'error_log_destroy.php','cron_auto_del_error_log','',0,1,1,1318500390,1,'Xóa các file error_log quá hạn',''),
(6,1316054767,360,'error_log_sendmail.php','cron_auto_sendmail_error_log','',0,1,0,0,0,'Gửi email các thông báo lỗi cho admin',''),
(7,1316054767,60,'ref_expired_del.php','cron_ref_expired_del','',0,1,1,1318500390,1,'Xóa các referer quá hạn',''),
(8,1316054767,1440,'siteDiagnostic_update.php','cron_siteDiagnostic_update','',0,1,1,1318500390,1,'Cập nhật đánh giá site từ các máy chủ tìm kiếm','')	;
#	TC`nv3_en_about`utf8_general_ci	;
CREATE TABLE `nv3_en_about` (
  `id` mediumint(8) unsigned NOT NULL auto_increment,
  `title` varchar(255) NOT NULL,
  `alias` varchar(255) NOT NULL,
  `bodytext` mediumtext NOT NULL,
  `keywords` mediumtext NOT NULL,
  `weight` smallint(4) NOT NULL default '0',
  `admin_id` mediumint(8) unsigned NOT NULL default '0',
  `add_time` int(11) NOT NULL default '0',
  `edit_time` int(11) NOT NULL default '0',
  `status` tinyint(1) unsigned NOT NULL default '0',
  PRIMARY KEY  (`id`),
  UNIQUE KEY `alias` (`alias`)
) ENGINE=MyISAM DEFAULT CHARSET=utf8	;
#	TC`nv3_en_blocks_groups`utf8_general_ci	;
CREATE TABLE `nv3_en_blocks_groups` (
  `bid` int(11) unsigned NOT NULL auto_increment,
  `theme` varchar(55) NOT NULL,
  `module` varchar(55) NOT NULL,
  `file_name` varchar(55) default NULL,
  `title` varchar(255) default NULL,
  `link` varchar(255) default NULL,
  `template` varchar(55) default NULL,
  `position` varchar(55) default NULL,
  `exp_time` int(11) default '0',
  `active` tinyint(4) default '0',
  `groups_view` varchar(255) default '',
  `all_func` tinyint(4) NOT NULL default '0',
  `weight` int(11) NOT NULL default '0',
  `config` text,
  PRIMARY KEY  (`bid`),
  KEY `theme` (`theme`),
  KEY `module` (`module`),
  KEY `position` (`position`),
  KEY `exp_time` (`exp_time`)
) ENGINE=MyISAM DEFAULT CHARSET=utf8	;
#	TC`nv3_en_blocks_weight`utf8_general_ci	;
CREATE TABLE `nv3_en_blocks_weight` (
  `bid` int(11) NOT NULL default '0',
  `func_id` int(11) NOT NULL default '0',
  `weight` int(11) NOT NULL default '0',
  UNIQUE KEY `bid` (`bid`,`func_id`)
) ENGINE=MyISAM DEFAULT CHARSET=utf8	;
#	TC`nv3_en_contact_rows`utf8_general_ci	;
CREATE TABLE `nv3_en_contact_rows` (
  `id` mediumint(8) unsigned NOT NULL auto_increment,
  `full_name` varchar(255) NOT NULL,
  `phone` varchar(255) NOT NULL,
  `fax` varchar(255) NOT NULL,
  `email` varchar(100) NOT NULL,
  `note` mediumtext NOT NULL,
  `admins` mediumtext NOT NULL,
  `act` tinyint(1) unsigned NOT NULL default '0',
  PRIMARY KEY  (`id`),
  UNIQUE KEY `full_name` (`full_name`)
) ENGINE=MyISAM AUTO_INCREMENT=2 DEFAULT CHARSET=utf8	;
#	TD`nv3_en_contact_rows`utf8_general_ci	;
INSERT INTO `nv3_en_contact_rows` VALUES 
(1,'Webmaster','','','','','1/1/1/0;',1)	;
#	TC`nv3_en_contact_send`utf8_general_ci	;
CREATE TABLE `nv3_en_contact_send` (
  `id` mediumint(8) unsigned NOT NULL auto_increment,
  `cid` mediumint(8) unsigned NOT NULL default '0',
  `title` varchar(255) NOT NULL,
  `content` mediumtext NOT NULL,
  `send_time` int(11) unsigned NOT NULL default '0',
  `sender_id` mediumint(8) unsigned NOT NULL default '0',
  `sender_name` varchar(100) NOT NULL,
  `sender_email` varchar(100) NOT NULL,
  `sender_phone` varchar(255) NOT NULL,
  `sender_ip` varchar(15) NOT NULL,
  `is_read` tinyint(1) unsigned NOT NULL default '0',
  `is_reply` tinyint(1) unsigned NOT NULL default '0',
  `reply_content` mediumtext NOT NULL,
  `reply_time` int(11) unsigned NOT NULL default '0',
  `reply_aid` mediumint(8) unsigned NOT NULL default '0',
  PRIMARY KEY  (`id`),
  KEY `sender_name` (`sender_name`)
) ENGINE=MyISAM DEFAULT CHARSET=utf8	;
#	TC`nv3_en_counter`utf8_general_ci	;
CREATE TABLE `nv3_en_counter` (
  `c_type` varchar(100) NOT NULL,
  `c_val` varchar(100) NOT NULL,
  `c_count` int(11) unsigned NOT NULL default '0',
  `last_update` int(11) NOT NULL default '0',
  UNIQUE KEY `c_type` (`c_type`,`c_val`)
) ENGINE=MyISAM DEFAULT CHARSET=utf8	;
#	TD`nv3_en_counter`utf8_general_ci	;
INSERT INTO `nv3_en_counter` VALUES 
('c_time','start',0,0),
('c_time','last',1316588436,0),
('total','hits',1,1316588436),
('year','2009',0,0),
('year','2010',0,0),
('year','2011',1,1316588436),
('year','2012',0,0),
('year','2013',0,0),
('year','2014',0,0),
('year','2015',0,0),
('year','2016',0,0),
('year','2017',0,0),
('year','2018',0,0),
('year','2019',0,0),
('year','2020',0,0),
('month','Jan',0,0),
('month','Feb',0,0),
('month','Mar',0,0),
('month','Apr',0,0),
('month','May',0,0),
('month','Jun',0,0),
('month','Jul',0,0),
('month','Aug',0,0),
('month','Sep',1,1316588436),
('month','Oct',0,0),
('month','Nov',0,0),
('month','Dec',0,0),
('day','01',0,0),
('day','02',0,0),
('day','03',0,0),
('day','04',0,0),
('day','05',0,0),
('day','06',0,0),
('day','07',0,0),
('day','08',0,0),
('day','09',0,0),
('day','10',0,0),
('day','11',0,0),
('day','12',0,0),
('day','13',0,0),
('day','14',0,0),
('day','15',0,0),
('day','16',0,0),
('day','17',0,0),
('day','18',0,0),
('day','19',0,0),
('day','20',0,0),
('day','21',1,1316588436),
('day','22',0,0),
('day','23',0,0),
('day','24',0,0),
('day','25',0,0),
('day','26',0,0),
('day','27',0,0),
('day','28',0,0),
('day','29',0,0),
('day','30',0,0),
('day','31',0,0),
('dayofweek','Sunday',0,0),
('dayofweek','Monday',0,0),
('dayofweek','Tuesday',0,0),
('dayofweek','Wednesday',1,1316588436),
('dayofweek','Thursday',0,0),
('dayofweek','Friday',0,0),
('dayofweek','Saturday',0,0),
('hour','00',0,0),
('hour','01',0,0),
('hour','02',0,0),
('hour','03',0,0),
('hour','04',0,0),
('hour','05',0,0),
('hour','06',0,0),
('hour','07',0,0),
('hour','08',0,0),
('hour','09',0,0),
('hour','10',0,0),
('hour','11',0,0),
('hour','12',0,0),
('hour','13',0,0),
('hour','14',1,1316588436),
('hour','15',0,0),
('hour','16',0,0),
('hour','17',0,0),
('hour','18',0,0),
('hour','19',0,0),
('hour','20',0,0),
('hour','21',0,0),
('hour','22',0,0),
('hour','23',0,0),
('bot','Alexa',0,0),
('bot','AltaVista Scooter',0,0),
('bot','Altavista Mercator',0,0),
('bot','Altavista Search',0,0),
('bot','Aport.ru Bot',0,0),
('bot','Ask Jeeves',0,0),
('bot','Baidu',0,0),
('bot','Exabot',0,0),
('bot','FAST Enterprise',0,0),
('bot','FAST WebCrawler',0,0),
('bot','Francis',0,0),
('bot','Gigablast',0,0),
('bot','Google AdsBot',0,0),
('bot','Google Adsense',0,0),
('bot','Google Bot',0,0),
('bot','Google Desktop',0,0),
('bot','Google Feedfetcher',0,0),
('bot','Heise IT-Markt',0,0),
('bot','Heritrix',0,0),
('bot','IBM Research',0,0),
('bot','ICCrawler - ICjobs',0,0),
('bot','Ichiro',0,0),
('bot','InfoSeek Spider',0,0),
('bot','Lycos.com Bot',0,0),
('bot','MSN Bot',0,0),
('bot','MSN Bot Media',0,0),
('bot','MSN Bot News',0,0),
('bot','MSN NewsBlogs',0,0),
('bot','Majestic-12',0,0),
('bot','Metager',0,0),
('bot','NG-Search',0,0),
('bot','Nutch Bot',0,0),
('bot','NutchCVS',0,0),
('bot','OmniExplorer',0,0),
('bot','Online Link Validator',0,0),
('bot','Open-source Web Search',0,0),
('bot','Psbot',0,0),
('bot','Rambler',0,0),
('bot','SEO Crawler',0,0),
('bot','SEOSearch',0,0),
('bot','Seekport',0,0),
('bot','Sensis',0,0),
('bot','Seoma',0,0),
('bot','Snappy',0,0),
('bot','Steeler',0,0),
('bot','Synoo',0,0),
('bot','Telekom',0,0),
('bot','TurnitinBot',0,0),
('bot','Vietnamese Search',0,0),
('bot','Voyager',0,0),
('bot','W3 Sitesearch',0,0),
('bot','W3C Linkcheck',0,0),
('bot','W3C Validator',0,0),
('bot','WiseNut',0,0),
('bot','YaCy',0,0),
('bot','Yahoo Bot',0,0),
('bot','Yahoo MMCrawler',0,0),
('bot','Yahoo Slurp',0,0),
('bot','YahooSeeker',0,0),
('bot','Yandex',0,0),
('bot','Yandex Blog',0,0),
('bot','Yandex Direct Bot',0,0),
('bot','Yandex Something',0,0),
('browser','netcaptor',0,0),
('browser','opera',0,0),
('browser','aol',0,0),
('browser','aol2',0,0),
('browser','mosaic',0,0),
('browser','k-meleon',0,0),
('browser','konqueror',0,0),
('browser','avantbrowser',0,0),
('browser','avantgo',0,0),
('browser','proxomitron',0,0),
('browser','chrome',0,0),
('browser','safari',0,0),
('browser','lynx',0,0),
('browser','links',0,0),
('browser','galeon',0,0),
('browser','abrowse',0,0),
('browser','amaya',0,0),
('browser','ant',0,0),
('browser','aweb',0,0),
('browser','beonex',0,0),
('browser','blazer',0,0),
('browser','camino',0,0),
('browser','chimera',0,0),
('browser','columbus',0,0),
('browser','crazybrowser',0,0),
('browser','curl',0,0),
('browser','deepnet',0,0),
('browser','dillo',0,0),
('browser','doris',0,0),
('browser','elinks',0,0),
('browser','epiphany',0,0),
('browser','ibrowse',0,0),
('browser','icab',0,0),
('browser','ice',0,0),
('browser','isilox',0,0),
('browser','lotus',0,0),
('browser','lunascape',0,0),
('browser','maxthon',0,0),
('browser','mbrowser',0,0),
('browser','multibrowser',0,0),
('browser','nautilus',0,0),
('browser','netfront',0,0),
('browser','netpositive',0,0),
('browser','omniweb',0,0),
('browser','oregano',0,0),
('browser','phaseout',0,0),
('browser','plink',0,0),
('browser','phoenix',0,0),
('browser','shiira',0,0),
('browser','sleipnir',0,0),
('browser','slimbrowser',0,0),
('browser','staroffice',0,0),
('browser','sunrise',0,0),
('browser','voyager',0,0),
('browser','w3m',0,0),
('browser','webtv',0,0),
('browser','xiino',0,0),
('browser','explorer',0,0),
('browser','firefox',1,1316588436),
('browser','netscape',0,0),
('browser','netscape2',0,0),
('browser','mozilla',0,0),
('browser','mozilla2',0,0),
('browser','firebird',0,0),
('browser','Mobile',0,0),
('browser','Unknown',0,0),
('os','windows7',1,1316588436),
('os','windowsvista',0,0),
('os','windows2003',0,0),
('os','windowsxp',0,0),
('os','windowsxp2',0,0),
('os','windows2k',0,0),
('os','windows95',0,0),
('os','windowsce',0,0),
('os','windowsme',0,0),
('os','windowsme2',0,0),
('os','windowsnt',0,0),
('os','windowsnt2',0,0),
('os','windows98',0,0),
('os','windows',0,0),
('os','linux',0,0),
('os','linux2',0,0),
('os','linux3',0,0),
('os','macosx',0,0),
('os','macppc',0,0),
('os','mac',0,0),
('os','amiga',0,0),
('os','beos',0,0),
('os','freebsd',0,0),
('os','freebsd2',0,0),
('os','irix',0,0),
('os','netbsd',0,0),
('os','netbsd2',0,0),
('os','os2',0,0),
('os','os22',0,0),
('os','openbsd',0,0),
('os','openbsd2',0,0),
('os','palm',0,0),
('os','palm2',0,0),
('os','Unspecified',0,0),
('country','AD',0,0),
('country','AE',0,0),
('country','AF',0,0),
('country','AG',0,0),
('country','AI',0,0),
('country','AL',0,0),
('country','AM',0,0),
('country','AN',0,0),
('country','AO',0,0),
('country','AQ',0,0),
('country','AR',0,0),
('country','AS',0,0),
('country','AT',0,0),
('country','AU',0,0),
('country','AW',0,0),
('country','AZ',0,0),
('country','BA',0,0),
('country','BB',0,0),
('country','BD',0,0),
('country','BE',0,0),
('country','BF',0,0),
('country','BG',0,0),
('country','BH',0,0),
('country','BI',0,0),
('country','BJ',0,0),
('country','BM',0,0),
('country','BN',0,0),
('country','BO',0,0),
('country','BR',0,0),
('country','BS',0,0),
('country','BT',0,0),
('country','BW',0,0),
('country','BY',0,0),
('country','BZ',0,0),
('country','CA',0,0),
('country','CD',0,0),
('country','CF',0,0),
('country','CG',0,0),
('country','CH',0,0),
('country','CI',0,0),
('country','CK',0,0),
('country','CL',0,0),
('country','CM',0,0),
('country','CN',0,0),
('country','CO',0,0),
('country','CR',0,0),
('country','CS',0,0),
('country','CU',0,0),
('country','CV',0,0),
('country','CY',0,0),
('country','CZ',0,0),
('country','DE',0,0),
('country','DJ',0,0),
('country','DK',0,0),
('country','DM',0,0),
('country','DO',0,0),
('country','DZ',0,0),
('country','EC',0,0),
('country','EE',0,0),
('country','EG',0,0),
('country','ER',0,0),
('country','ES',0,0),
('country','ET',0,0),
('country','EU',0,0),
('country','FI',0,0),
('country','FJ',0,0),
('country','FK',0,0),
('country','FM',0,0),
('country','FO',0,0),
('country','FR',0,0),
('country','GA',0,0),
('country','GB',0,0),
('country','GD',0,0),
('country','GE',0,0),
('country','GF',0,0),
('country','GH',0,0),
('country','GI',0,0),
('country','GL',0,0),
('country','GM',0,0),
('country','GN',0,0),
('country','GP',0,0),
('country','GQ',0,0),
('country','GR',0,0),
('country','GS',0,0),
('country','GT',0,0),
('country','GU',0,0),
('country','GW',0,0),
('country','GY',0,0),
('country','HK',0,0),
('country','HN',0,0),
('country','HR',0,0),
('country','HT',0,0),
('country','HU',0,0),
('country','ID',0,0),
('country','IE',0,0),
('country','IL',0,0),
('country','IN',0,0),
('country','IO',0,0),
('country','IQ',0,0),
('country','IR',0,0),
('country','IS',0,0),
('country','IT',0,0),
('country','JM',0,0),
('country','JO',0,0),
('country','JP',0,0),
('country','KE',0,0),
('country','KG',0,0),
('country','KH',0,0),
('country','KI',0,0),
('country','KM',0,0),
('country','KN',0,0),
('country','KR',0,0),
('country','KW',0,0),
('country','KY',0,0),
('country','KZ',0,0),
('country','LA',0,0),
('country','LB',0,0),
('country','LC',0,0),
('country','LI',0,0),
('country','LK',0,0),
('country','LR',0,0),
('country','LS',0,0),
('country','LT',0,0),
('country','LU',0,0),
('country','LV',0,0),
('country','LY',0,0),
('country','MA',0,0),
('country','MC',0,0),
('country','MD',0,0),
('country','MG',0,0),
('country','MH',0,0),
('country','MK',0,0),
('country','ML',0,0),
('country','MM',0,0),
('country','MN',0,0),
('country','MO',0,0),
('country','MP',0,0),
('country','MQ',0,0),
('country','MR',0,0),
('country','MT',0,0),
('country','MU',0,0),
('country','MV',0,0),
('country','MW',0,0),
('country','MX',0,0),
('country','MY',0,0),
('country','MZ',0,0),
('country','NA',0,0),
('country','NC',0,0),
('country','NE',0,0),
('country','NF',0,0),
('country','NG',0,0),
('country','NI',0,0),
('country','NL',0,0),
('country','NO',0,0),
('country','NP',0,0),
('country','NR',0,0),
('country','NU',0,0),
('country','NZ',0,0),
('country','OM',0,0),
('country','PA',0,0),
('country','PE',0,0),
('country','PF',0,0),
('country','PG',0,0),
('country','PH',0,0),
('country','PK',0,0),
('country','PL',0,0),
('country','PR',0,0),
('country','PS',0,0),
('country','PT',0,0),
('country','PW',0,0),
('country','PY',0,0),
('country','QA',0,0),
('country','RE',0,0),
('country','RO',0,0),
('country','RU',0,0),
('country','RW',0,0),
('country','SA',0,0),
('country','SB',0,0),
('country','SC',0,0),
('country','SD',0,0),
('country','SE',0,0),
('country','SG',0,0),
('country','SI',0,0),
('country','SK',0,0),
('country','SL',0,0),
('country','SM',0,0),
('country','SN',0,0),
('country','SO',0,0),
('country','SR',0,0),
('country','ST',0,0),
('country','SV',0,0),
('country','SY',0,0),
('country','SZ',0,0),
('country','TD',0,0),
('country','TF',0,0),
('country','TG',0,0),
('country','TH',0,0),
('country','TJ',0,0),
('country','TK',0,0),
('country','TL',0,0),
('country','TM',0,0),
('country','TN',0,0),
('country','TO',0,0),
('country','TR',0,0),
('country','TT',0,0),
('country','TV',0,0),
('country','TW',0,0),
('country','TZ',0,0),
('country','UA',0,0),
('country','UG',0,0),
('country','US',0,0),
('country','UY',0,0),
('country','UZ',0,0),
('country','VA',0,0),
('country','VC',0,0),
('country','VE',0,0),
('country','VG',0,0),
('country','VI',0,0),
('country','VN',0,0),
('country','VU',0,0),
('country','WS',0,0),
('country','YE',0,0),
('country','YT',0,0),
('country','YU',0,0),
('country','ZA',0,0),
('country','ZM',0,0),
('country','ZW',0,0),
('country','ZZ',1,1316588436),
('country','unkown',0,0)	;
#	TC`nv3_en_modfuncs`utf8_general_ci	;
CREATE TABLE `nv3_en_modfuncs` (
  `func_id` mediumint(8) unsigned NOT NULL auto_increment,
  `func_name` varchar(55) NOT NULL,
  `func_custom_name` varchar(255) NOT NULL,
  `in_module` varchar(55) NOT NULL,
  `show_func` tinyint(4) NOT NULL default '0',
  `in_submenu` tinyint(1) unsigned NOT NULL default '0',
  `subweight` smallint(2) unsigned NOT NULL default '1',
  `layout` varchar(50) NOT NULL default 'leftbodyright',
  `setting` varchar(255) NOT NULL default '',
  PRIMARY KEY  (`func_id`),
  UNIQUE KEY `func_name` (`func_name`,`in_module`)
) ENGINE=MyISAM AUTO_INCREMENT=49 DEFAULT CHARSET=utf8	;
#	TD`nv3_en_modfuncs`utf8_general_ci	;
INSERT INTO `nv3_en_modfuncs` VALUES 
(1,'active','Active','users',1,0,7,'left-body-right',''),
(2,'changepass','Changepass','users',1,0,6,'left-body-right',''),
(3,'editinfo','Editinfo','users',1,0,8,'left-body-right',''),
(4,'login','Login','users',1,0,2,'left-body-right',''),
(5,'logout','Logout','users',1,0,3,'left-body-right',''),
(6,'lostactivelink','Lostactivelink','users',1,0,9,'left-body-right',''),
(7,'lostpass','Lostpass','users',1,0,5,'left-body-right',''),
(8,'main','Main','users',1,0,1,'left-body-right',''),
(9,'openid','Openid','users',1,0,10,'left-body-right',''),
(10,'register','Register','users',1,0,4,'left-body-right',''),
(11,'regroups','Regroups','users',1,0,11,'left-body-right',''),
(12,'allbots','Allbots','statistics',1,0,6,'left-body',''),
(13,'allbrowsers','Allbrowsers','statistics',1,0,4,'left-body',''),
(14,'allcountries','Allcountries','statistics',1,0,3,'left-body',''),
(15,'allos','Allos','statistics',1,0,5,'left-body',''),
(16,'allreferers','Allreferers','statistics',1,0,2,'left-body',''),
(17,'main','Main','statistics',1,0,1,'left-body',''),
(18,'referer','Referer','statistics',1,0,7,'left-body',''),
(19,'addads','Addads','banners',1,0,3,'left-body-right',''),
(20,'cledit','Cledit','banners',0,0,0,'left-body-right',''),
(21,'click','Click','banners',0,0,0,'left-body-right',''),
(22,'clientinfo','Clientinfo','banners',1,0,2,'left-body-right',''),
(23,'clinfo','Clinfo','banners',0,0,0,'left-body-right',''),
(24,'logininfo','Logininfo','banners',0,0,0,'left-body-right',''),
(25,'main','Main','banners',1,0,1,'left-body-right',''),
(26,'stats','Stats','banners',1,0,4,'left-body-right',''),
(27,'viewmap','Viewmap','banners',0,0,0,'left-body-right',''),
(28,'adv','Adv','search',0,0,0,'left-body-right',''),
(29,'main','Main','search',1,0,1,'left-body-right',''),
(30,'comment','Comment','news',0,0,0,'left-body-right',''),
(31,'content','Content','news',1,0,6,'left-body-right',''),
(32,'detail','Detail','news',1,0,4,'left-body-right',''),
(33,'main','Main','news',1,0,1,'left-body-right',''),
(34,'postcomment','Postcomment','news',0,0,0,'left-body-right',''),
(35,'print','Print','news',0,0,0,'left-body-right',''),
(36,'rating','Rating','news',0,0,0,'left-body-right',''),
(37,'rss','Rss','news',0,0,0,'left-body-right',''),
(38,'savefile','Savefile','news',0,0,0,'left-body-right',''),
(39,'search','Search','news',1,0,5,'left-body-right',''),
(40,'sendmail','Sendmail','news',0,0,0,'left-body-right',''),
(41,'Sitemap','Sitemap','news',0,0,0,'left-body-right',''),
(42,'topic','Topic','news',1,0,3,'left-body-right',''),
(43,'viewcat','Viewcat','news',1,0,2,'left-body-right',''),
(44,'main','Main','contact',1,0,1,'left-body-right',''),
(45,'main','Main','about',1,0,1,'left-body-right',''),
(46,'Sitemap','Sitemap','about',0,0,0,'left-body-right',''),
(47,'main','Main','voting',0,0,0,'left-body-right',''),
(48,'main','Main','rss',1,0,1,'left-body-right','')	;
#	TC`nv3_en_modthemes`utf8_general_ci	;
CREATE TABLE `nv3_en_modthemes` (
  `func_id` int(11) default NULL,
  `layout` varchar(100) default NULL,
  `theme` varchar(100) default NULL,
  UNIQUE KEY `func_id` (`func_id`,`layout`,`theme`)
) ENGINE=MyISAM DEFAULT CHARSET=utf8	;
#	TD`nv3_en_modthemes`utf8_general_ci	;
INSERT INTO `nv3_en_modthemes` VALUES 
(0,'left-body-right','default')	;
#	TC`nv3_en_modules`utf8_general_ci	;
CREATE TABLE `nv3_en_modules` (
  `title` varchar(55) NOT NULL,
  `module_file` varchar(55) NOT NULL default '',
  `module_data` varchar(55) NOT NULL default '',
  `custom_title` varchar(255) NOT NULL,
  `set_time` int(11) unsigned NOT NULL default '0',
  `admin_file` tinyint(1) unsigned NOT NULL default '0',
  `theme` varchar(100) NOT NULL,
  `keywords` mediumtext NOT NULL,
  `groups_view` varchar(255) NOT NULL,
  `in_menu` tinyint(1) unsigned NOT NULL default '0',
  `weight` tinyint(3) unsigned NOT NULL default '1',
  `submenu` tinyint(1) unsigned NOT NULL default '0',
  `act` tinyint(1) unsigned NOT NULL default '0',
  `admins` varchar(255) NOT NULL,
  `rss` tinyint(4) NOT NULL default '1',
  PRIMARY KEY  (`title`)
) ENGINE=MyISAM DEFAULT CHARSET=utf8	;
#	TD`nv3_en_modules`utf8_general_ci	;
INSERT INTO `nv3_en_modules` VALUES 
('about','about','about','About',1276333182,1,'','','0',1,1,1,1,'',0),
('news','news','news','News',1270400000,1,'','','0',1,2,1,1,'',1),
('users','users','users','Users',1274080277,1,'','','0',1,5,1,1,'',0),
('contact','contact','contact','Contact',1275351337,1,'','','0',1,6,1,1,'',0),
('statistics','statistics','statistics','Statistics',1276520928,0,'','online, statistics','0',1,7,1,1,'',0),
('voting','voting','voting','Voting',1275315261,1,'','','0',0,8,1,1,'',0),
('banners','banners','banners','Banners',1270400000,1,'','','0',0,9,1,1,'',0),
('search','search','search','Search',1273474173,0,'','','0',0,10,1,1,'',0),
('rss','rss','rss','Rss',1279360267,1,'','','0',0,11,1,1,'',0)	;
#	TC`nv3_en_news_admins`utf8_general_ci	;
CREATE TABLE `nv3_en_news_admins` (
  `userid` int(11) NOT NULL default '0',
  `catid` int(11) NOT NULL default '0',
  `admin` tinyint(4) NOT NULL default '0',
  `add_content` tinyint(4) NOT NULL default '0',
  `pub_content` tinyint(4) NOT NULL default '0',
  `edit_content` tinyint(4) NOT NULL default '0',
  `del_content` tinyint(4) NOT NULL default '0',
  `comment` tinyint(4) NOT NULL default '0',
  UNIQUE KEY `userid` (`userid`,`catid`)
) ENGINE=MyISAM DEFAULT CHARSET=utf8	;
#	TC`nv3_en_news_block`utf8_general_ci	;
CREATE TABLE `nv3_en_news_block` (
  `bid` int(11) unsigned NOT NULL,
  `id` int(11) unsigned NOT NULL,
  `weight` int(11) unsigned NOT NULL,
  UNIQUE KEY `bid` (`bid`,`id`)
) ENGINE=MyISAM DEFAULT CHARSET=utf8	;
#	TC`nv3_en_news_block_cat`utf8_general_ci	;
CREATE TABLE `nv3_en_news_block_cat` (
  `bid` mediumint(8) unsigned NOT NULL auto_increment,
  `adddefault` tinyint(4) NOT NULL default '0',
  `number` mediumint(4) NOT NULL default '10',
  `title` varchar(255) NOT NULL default '',
  `alias` varchar(255) NOT NULL default '',
  `image` varchar(255) NOT NULL,
  `thumbnail` varchar(255) NOT NULL,
  `description` varchar(255) NOT NULL,
  `weight` smallint(4) NOT NULL default '0',
  `keywords` mediumtext NOT NULL,
  `add_time` int(11) NOT NULL default '0',
  `edit_time` int(11) NOT NULL default '0',
  PRIMARY KEY  (`bid`),
  UNIQUE KEY `title` (`title`),
  UNIQUE KEY `alias` (`alias`)
) ENGINE=MyISAM DEFAULT CHARSET=utf8	;
#	TC`nv3_en_news_cat`utf8_general_ci	;
CREATE TABLE `nv3_en_news_cat` (
  `catid` mediumint(8) unsigned NOT NULL auto_increment,
  `parentid` mediumint(8) unsigned NOT NULL default '0',
  `title` varchar(255) NOT NULL,
  `alias` varchar(255) NOT NULL default '',
  `description` varchar(255) NOT NULL,
  `image` varchar(255) NOT NULL default '',
  `thumbnail` varchar(255) NOT NULL default '',
  `weight` smallint(4) unsigned NOT NULL default '0',
  `order` mediumint(8) NOT NULL default '0',
  `lev` smallint(4) NOT NULL default '0',
  `viewcat` varchar(50) NOT NULL default 'viewcat_page_new',
  `numsubcat` int(11) NOT NULL default '0',
  `subcatid` varchar(255) NOT NULL default '',
  `inhome` tinyint(1) unsigned NOT NULL default '0',
  `numlinks` tinyint(2) unsigned NOT NULL default '3',
  `keywords` mediumtext NOT NULL,
  `admins` mediumtext NOT NULL,
  `add_time` int(11) unsigned NOT NULL default '0',
  `edit_time` int(11) unsigned NOT NULL default '0',
  `del_cache_time` int(11) NOT NULL default '0',
  `who_view` tinyint(2) unsigned NOT NULL default '0',
  `groups_view` varchar(255) NOT NULL default '',
  PRIMARY KEY  (`catid`),
  UNIQUE KEY `alias` (`alias`),
  KEY `parentid` (`parentid`)
) ENGINE=MyISAM DEFAULT CHARSET=utf8	;
#	TC`nv3_en_news_comments`utf8_general_ci	;
CREATE TABLE `nv3_en_news_comments` (
  `cid` mediumint(8) unsigned NOT NULL auto_increment,
  `id` mediumint(8) unsigned NOT NULL default '0',
  `content` mediumtext NOT NULL,
  `post_time` int(11) unsigned NOT NULL default '0',
  `userid` int(11) NOT NULL default '0',
  `post_name` varchar(100) NOT NULL,
  `post_email` varchar(100) NOT NULL,
  `post_ip` varchar(15) NOT NULL,
  `status` tinyint(1) unsigned NOT NULL default '0',
  PRIMARY KEY  (`cid`),
  KEY `post_time` (`post_time`),
  KEY `id` (`id`)
) ENGINE=MyISAM DEFAULT CHARSET=utf8	;
#	TC`nv3_en_news_config_post`utf8_general_ci	;
CREATE TABLE `nv3_en_news_config_post` (
  `pid` mediumint(9) NOT NULL auto_increment,
  `member` tinyint(4) NOT NULL,
  `group_id` mediumint(9) NOT NULL,
  `addcontent` tinyint(4) NOT NULL,
  `postcontent` tinyint(4) NOT NULL,
  `editcontent` tinyint(4) NOT NULL,
  `delcontent` tinyint(4) NOT NULL,
  PRIMARY KEY  (`pid`),
  UNIQUE KEY `member` (`member`,`group_id`)
) ENGINE=MyISAM DEFAULT CHARSET=utf8	;
#	TC`nv3_en_news_log`utf8_general_ci	;
CREATE TABLE `nv3_en_news_log` (
  `log_id` int(11) unsigned NOT NULL auto_increment,
  `log_time` int(11) NOT NULL default '0',
  `log_admin` int(11) NOT NULL default '0',
  `id` int(11) NOT NULL default '0',
  `listcatid` varchar(255) NOT NULL default '',
  `topicid` mediumint(8) unsigned NOT NULL default '0',
  `admin_id` mediumint(8) unsigned NOT NULL default '0',
  `author` varchar(255) NOT NULL default '',
  `sourceid` mediumint(8) NOT NULL default '0',
  `addtime` int(11) unsigned NOT NULL default '0',
  `edittime` int(11) unsigned NOT NULL default '0',
  `status` tinyint(4) NOT NULL default '1',
  `publtime` int(11) unsigned NOT NULL default '0',
  `exptime` int(11) unsigned NOT NULL default '0',
  `archive` tinyint(1) unsigned NOT NULL default '0',
  `title` varchar(255) NOT NULL default '',
  `alias` varchar(255) NOT NULL default '',
  `hometext` mediumtext NOT NULL,
  `homeimgfile` varchar(255) NOT NULL default '',
  `homeimgalt` varchar(255) NOT NULL default '',
  `homeimgthumb` varchar(255) NOT NULL default '',
  `imgposition` tinyint(1) NOT NULL default '1',
  `bodytext` mediumtext NOT NULL,
  `copyright` tinyint(1) unsigned NOT NULL default '0',
  `inhome` tinyint(1) unsigned NOT NULL default '0',
  `allowed_comm` tinyint(1) unsigned NOT NULL default '0',
  `allowed_rating` tinyint(1) unsigned NOT NULL default '0',
  `allowed_send` tinyint(1) unsigned NOT NULL default '0',
  `allowed_print` tinyint(1) unsigned NOT NULL default '0',
  `allowed_save` tinyint(1) unsigned NOT NULL default '0',
  `hitstotal` mediumint(8) unsigned NOT NULL default '0',
  `hitscm` mediumint(8) unsigned NOT NULL default '0',
  `total_rating` int(11) NOT NULL default '0',
  `click_rating` int(11) NOT NULL default '0',
  `keywords` text NOT NULL,
  PRIMARY KEY  (`log_id`),
  KEY `id` (`id`),
  KEY `topicid` (`topicid`),
  KEY `admin_id` (`admin_id`),
  KEY `author` (`author`),
  KEY `title` (`title`),
  KEY `addtime` (`addtime`),
  KEY `publtime` (`publtime`),
  KEY `exptime` (`exptime`),
  KEY `listcatid` (`listcatid`)
) ENGINE=MyISAM DEFAULT CHARSET=utf8	;
#	TC`nv3_en_news_rows`utf8_general_ci	;
CREATE TABLE `nv3_en_news_rows` (
  `id` int(11) unsigned NOT NULL auto_increment,
  `listcatid` varchar(255) NOT NULL default '',
  `topicid` mediumint(8) unsigned NOT NULL default '0',
  `admin_id` mediumint(8) unsigned NOT NULL default '0',
  `author` varchar(255) NOT NULL default '',
  `sourceid` mediumint(8) NOT NULL default '0',
  `addtime` int(11) unsigned NOT NULL default '0',
  `edittime` int(11) unsigned NOT NULL default '0',
  `status` tinyint(4) NOT NULL default '1',
  `publtime` int(11) unsigned NOT NULL default '0',
  `exptime` int(11) unsigned NOT NULL default '0',
  `archive` tinyint(1) unsigned NOT NULL default '0',
  `title` varchar(255) NOT NULL default '',
  `alias` varchar(255) NOT NULL default '',
  `hometext` mediumtext NOT NULL,
  `homeimgfile` varchar(255) NOT NULL default '',
  `homeimgalt` varchar(255) NOT NULL default '',
  `homeimgthumb` varchar(255) NOT NULL default '',
  `imgposition` tinyint(1) NOT NULL default '1',
  `bodytext` mediumtext NOT NULL,
  `copyright` tinyint(1) unsigned NOT NULL default '0',
  `inhome` tinyint(1) unsigned NOT NULL default '0',
  `allowed_comm` tinyint(1) unsigned NOT NULL default '0',
  `allowed_rating` tinyint(1) unsigned NOT NULL default '0',
  `allowed_send` tinyint(1) unsigned NOT NULL default '0',
  `allowed_print` tinyint(1) unsigned NOT NULL default '0',
  `allowed_save` tinyint(1) unsigned NOT NULL default '0',
  `hitstotal` mediumint(8) unsigned NOT NULL default '0',
  `hitscm` mediumint(8) unsigned NOT NULL default '0',
  `total_rating` int(11) NOT NULL default '0',
  `click_rating` int(11) NOT NULL default '0',
  `keywords` text NOT NULL,
  PRIMARY KEY  (`id`),
  KEY `topicid` (`topicid`),
  KEY `admin_id` (`admin_id`),
  KEY `author` (`author`),
  KEY `title` (`title`),
  KEY `addtime` (`addtime`),
  KEY `publtime` (`publtime`),
  KEY `exptime` (`exptime`),
  KEY `listcatid` (`listcatid`)
) ENGINE=MyISAM DEFAULT CHARSET=utf8	;
#	TC`nv3_en_news_sources`utf8_general_ci	;
CREATE TABLE `nv3_en_news_sources` (
  `sourceid` mediumint(8) unsigned NOT NULL auto_increment,
  `title` varchar(255) NOT NULL default '',
  `link` varchar(255) NOT NULL default '',
  `logo` varchar(255) NOT NULL default '',
  `weight` mediumint(8) unsigned NOT NULL default '0',
  `add_time` int(11) unsigned NOT NULL,
  `edit_time` int(11) unsigned NOT NULL,
  PRIMARY KEY  (`sourceid`),
  UNIQUE KEY `title` (`title`)
) ENGINE=MyISAM DEFAULT CHARSET=utf8	;
#	TC`nv3_en_news_topics`utf8_general_ci	;
CREATE TABLE `nv3_en_news_topics` (
  `topicid` mediumint(8) unsigned NOT NULL auto_increment,
  `title` varchar(255) NOT NULL default '',
  `alias` varchar(255) NOT NULL default '',
  `image` varchar(255) NOT NULL,
  `thumbnail` varchar(255) NOT NULL,
  `description` varchar(255) NOT NULL,
  `weight` smallint(4) NOT NULL default '0',
  `keywords` mediumtext NOT NULL,
  `add_time` int(11) NOT NULL default '0',
  `edit_time` int(11) NOT NULL default '0',
  PRIMARY KEY  (`topicid`),
  UNIQUE KEY `title` (`title`),
  UNIQUE KEY `alias` (`alias`)
) ENGINE=MyISAM DEFAULT CHARSET=utf8	;
#	TC`nv3_en_referer_stats`utf8_general_ci	;
CREATE TABLE `nv3_en_referer_stats` (
  `host` varchar(255) NOT NULL,
  `total` int(11) NOT NULL default '0',
  `month01` int(11) NOT NULL default '0',
  `month02` int(11) NOT NULL default '0',
  `month03` int(11) NOT NULL default '0',
  `month04` int(11) NOT NULL default '0',
  `month05` int(11) NOT NULL default '0',
  `month06` int(11) NOT NULL default '0',
  `month07` int(11) NOT NULL default '0',
  `month08` int(11) NOT NULL default '0',
  `month09` int(11) NOT NULL default '0',
  `month10` int(11) NOT NULL default '0',
  `month11` int(11) NOT NULL default '0',
  `month12` int(11) NOT NULL default '0',
  `last_update` int(11) NOT NULL default '0',
  UNIQUE KEY `host` (`host`),
  KEY `total` (`total`)
) ENGINE=MyISAM DEFAULT CHARSET=utf8	;
#	TC`nv3_en_searchkeys`utf8_general_ci	;
CREATE TABLE `nv3_en_searchkeys` (
  `id` varchar(32) NOT NULL default '',
  `keys` varchar(255) NOT NULL,
  `total` int(11) NOT NULL default '0',
  `search_engine` varchar(50) NOT NULL,
  KEY `id` (`id`),
  KEY `keys` (`keys`),
  KEY `search_engine` (`search_engine`)
) ENGINE=MyISAM DEFAULT CHARSET=utf8	;
#	TC`nv3_en_voting`utf8_general_ci	;
CREATE TABLE `nv3_en_voting` (
  `vid` mediumint(8) unsigned NOT NULL auto_increment,
  `question` varchar(255) NOT NULL,
  `acceptcm` int(2) NOT NULL default '1',
  `admin_id` mediumint(8) unsigned NOT NULL default '0',
  `who_view` tinyint(2) unsigned NOT NULL default '0',
  `groups_view` varchar(255) NOT NULL,
  `publ_time` int(11) unsigned NOT NULL default '0',
  `exp_time` int(11) unsigned NOT NULL default '0',
  `act` tinyint(1) unsigned NOT NULL default '0',
  PRIMARY KEY  (`vid`),
  UNIQUE KEY `question` (`question`)
) ENGINE=MyISAM DEFAULT CHARSET=utf8	;
#	TC`nv3_en_voting_rows`utf8_general_ci	;
CREATE TABLE `nv3_en_voting_rows` (
  `id` int(11) unsigned NOT NULL auto_increment,
  `vid` int(11) unsigned NOT NULL,
  `title` varchar(255) NOT NULL default '',
  `hitstotal` int(11) unsigned NOT NULL default '0',
  PRIMARY KEY  (`id`),
  UNIQUE KEY `vid` (`vid`,`title`)
) ENGINE=MyISAM DEFAULT CHARSET=utf8	;
#	TC`nv3_groups`utf8_general_ci	;
CREATE TABLE `nv3_groups` (
  `group_id` mediumint(8) unsigned NOT NULL auto_increment,
  `title` varchar(255) NOT NULL,
  `content` mediumtext NOT NULL,
  `add_time` int(11) NOT NULL,
  `exp_time` int(11) NOT NULL,
  `users` mediumtext NOT NULL,
  `public` tinyint(1) unsigned NOT NULL default '0',
  `weight` int(11) unsigned NOT NULL default '0',
  `act` tinyint(1) unsigned NOT NULL,
  PRIMARY KEY  (`group_id`),
  UNIQUE KEY `title` (`title`),
  KEY `exp_time` (`exp_time`)
) ENGINE=MyISAM DEFAULT CHARSET=utf8	;
#	TC`nv3_language`utf8_general_ci	;
CREATE TABLE `nv3_language` (
  `id` mediumint(8) unsigned NOT NULL auto_increment,
  `idfile` mediumint(8) unsigned NOT NULL default '0',
  `lang_key` varchar(50) NOT NULL,
  PRIMARY KEY  (`id`),
  UNIQUE KEY `filelang` (`idfile`,`lang_key`)
) ENGINE=MyISAM DEFAULT CHARSET=utf8	;
#	TC`nv3_language_file`utf8_general_ci	;
CREATE TABLE `nv3_language_file` (
  `idfile` mediumint(8) unsigned NOT NULL auto_increment,
  `module` varchar(50) NOT NULL,
  `admin_file` varchar(255) NOT NULL default '0',
  `langtype` varchar(50) NOT NULL,
  PRIMARY KEY  (`idfile`),
  UNIQUE KEY `module` (`module`,`admin_file`)
) ENGINE=MyISAM DEFAULT CHARSET=utf8	;
#	TC`nv3_logs`utf8_general_ci	;
CREATE TABLE `nv3_logs` (
  `id` int(11) NOT NULL auto_increment,
  `lang` varchar(10) NOT NULL,
  `module_name` varchar(150) NOT NULL,
  `name_key` varchar(255) NOT NULL,
  `note_action` text NOT NULL,
  `link_acess` varchar(255) NOT NULL,
  `userid` int(11) NOT NULL,
  `log_time` int(11) NOT NULL,
  PRIMARY KEY  (`id`)
) ENGINE=MyISAM AUTO_INCREMENT=538 DEFAULT CHARSET=utf8	;
#	TD`nv3_logs`utf8_general_ci	;
INSERT INTO `nv3_logs` VALUES 
(1,'vi','themes','Thiết lập layout theme: \"default\"','','',1,1316054859),
(2,'vi','themes','Kích hoạt theme: \"default\"','','',1,1316054863),
(3,'vi','upload','Upload file','images/logo_1.png','images/logo_1.png',1,1316054890),
(4,'vi','webtools','Dọn dẹp hệ thống','','',1,1316054910),
(5,'vi','webtools','Dọn dẹp hệ thống','','',1,1316054990),
(6,'vi','webtools','Dọn dẹp hệ thống','','',1,1316057054),
(7,'vi','webtools','Dọn dẹp hệ thống','','',1,1316057426),
(8,'vi','webtools','Dọn dẹp hệ thống','','',1,1316057453),
(9,'vi','webtools','Dọn dẹp hệ thống','','',1,1316057470),
(10,'vi','webtools','Dọn dẹp hệ thống','','',1,1316057585),
(11,'vi','webtools','Dọn dẹp hệ thống','','',1,1316057605),
(12,'vi','webtools','Dọn dẹp hệ thống','','',1,1316057648),
(13,'vi','webtools','Dọn dẹp hệ thống','','',1,1316057668),
(14,'vi','webtools','Dọn dẹp hệ thống','','',1,1316057764),
(15,'vi','webtools','Dọn dẹp hệ thống','','',1,1316057793),
(16,'vi','webtools','Dọn dẹp hệ thống','','',1,1316057866),
(17,'vi','webtools','Dọn dẹp hệ thống','','',1,1316057961),
(18,'vi','webtools','Dọn dẹp hệ thống','','',1,1316058185),
(19,'vi','webtools','Dọn dẹp hệ thống','','',1,1316058389),
(20,'vi','webtools','Dọn dẹp hệ thống','','',1,1316058595),
(21,'vi','webtools','Dọn dẹp hệ thống','','',1,1316058610),
(22,'vi','webtools','Dọn dẹp hệ thống','','',1,1316058697),
(23,'vi','webtools','Dọn dẹp hệ thống','','',1,1316058753),
(24,'vi','webtools','Dọn dẹp hệ thống','','',1,1316058778),
(25,'vi','webtools','Dọn dẹp hệ thống','','',1,1316058811),
(26,'vi','webtools','Dọn dẹp hệ thống','','',1,1316058851),
(27,'vi','webtools','Dọn dẹp hệ thống','','',1,1316058896),
(28,'vi','webtools','Dọn dẹp hệ thống','','',1,1316058959),
(29,'vi','webtools','Dọn dẹp hệ thống','','',1,1316058996),
(30,'vi','webtools','Dọn dẹp hệ thống','','',1,1316059046),
(31,'vi','webtools','Dọn dẹp hệ thống','','',1,1316059135),
(32,'vi','webtools','Dọn dẹp hệ thống','','',1,1316059526),
(33,'vi','webtools','Dọn dẹp hệ thống','','',1,1316059705),
(34,'vi','webtools','Dọn dẹp hệ thống','','',1,1316059755),
(35,'vi','webtools','Dọn dẹp hệ thống','','',1,1316059868),
(36,'vi','themes','Thiết lập layout theme: \"ThaiHoa\"','','',1,1316067643),
(37,'vi','themes','Sao chép block',' từ theme  default  sang theme  ThaiHoa',' từ theme  default  sang theme  ThaiHoa',1,1316067656),
(38,'vi','themes','Kích hoạt theme: \"ThaiHoa\"','','',1,1316067667),
(39,'vi','themes','Kích hoạt theme: \"default\"','','',1,1316068066),
(40,'vi','themes','Kích hoạt theme: \"default\"','','',1,1316068088),
(41,'vi','webtools','Dọn dẹp hệ thống','','',1,1316068358),
(42,'vi','webtools','Dọn dẹp hệ thống','','',1,1316068947),
(43,'vi','webtools','Dọn dẹp hệ thống','','',1,1316069592),
(44,'vi','themes','Kích hoạt theme: \"ThaiHoa\"','','',1,1316069688),
(45,'vi','themes','Kích hoạt theme: \"default\"','','',1,1316069711),
(46,'vi','webtools','Dọn dẹp hệ thống','','',1,1316069884),
(47,'vi','webtools','Dọn dẹp hệ thống','','',1,1316070420),
(48,'vi','webtools','Dọn dẹp hệ thống','','',1,1316070451),
(49,'vi','webtools','Dọn dẹp hệ thống','','',1,1316070464),
(50,'vi','webtools','Dọn dẹp hệ thống','','',1,1316070496),
(51,'vi','webtools','Dọn dẹp hệ thống','','',1,1316070557),
(52,'vi','webtools','Dọn dẹp hệ thống','','',1,1316070628),
(53,'vi','webtools','Dọn dẹp hệ thống','','',1,1316071309),
(54,'vi','webtools','Dọn dẹp hệ thống','','',1,1316071343),
(55,'vi','webtools','Dọn dẹp hệ thống','','',1,1316071369),
(56,'vi','webtools','Dọn dẹp hệ thống','','',1,1316071396),
(57,'vi','webtools','Dọn dẹp hệ thống','','',1,1316071471),
(58,'vi','webtools','Dọn dẹp hệ thống','','',1,1316071492),
(59,'vi','webtools','Dọn dẹp hệ thống','','',1,1316071522),
(60,'vi','webtools','Dọn dẹp hệ thống','','',1,1316071528),
(61,'vi','webtools','Dọn dẹp hệ thống','','',1,1316071557),
(62,'vi','webtools','Dọn dẹp hệ thống','','',1,1316071585),
(63,'vi','themes','Kích hoạt theme: \"ThaiHoa\"','','',1,1316071640),
(64,'vi','themes','Kích hoạt theme: \"default\"','','',1,1316071766),
(65,'vi','webtools','Dọn dẹp hệ thống','','',1,1316071867),
(66,'vi','webtools','Dọn dẹp hệ thống','','',1,1316071982),
(67,'vi','webtools','Dọn dẹp hệ thống','','',1,1316072019),
(68,'vi','webtools','Dọn dẹp hệ thống','','',1,1316072025),
(69,'vi','webtools','Dọn dẹp hệ thống','','',1,1316072092),
(70,'vi','webtools','Dọn dẹp hệ thống','','',1,1316072137),
(71,'vi','webtools','Dọn dẹp hệ thống','','',1,1316072164),
(72,'vi','webtools','Dọn dẹp hệ thống','','',1,1316072172),
(73,'vi','webtools','Dọn dẹp hệ thống','','',1,1316072181),
(74,'vi','webtools','Dọn dẹp hệ thống','','',1,1316072251),
(75,'vi','webtools','Dọn dẹp hệ thống','','',1,1316072358),
(76,'vi','webtools','Dọn dẹp hệ thống','','',1,1316072440),
(77,'vi','webtools','Dọn dẹp hệ thống','','',1,1316072532),
(78,'vi','webtools','Dọn dẹp hệ thống','','',1,1316072550),
(79,'vi','webtools','Dọn dẹp hệ thống','','',1,1316072647),
(80,'vi','webtools','Dọn dẹp hệ thống','','',1,1316072676),
(81,'vi','themes','Sửa block','Name : Quảng cáo','Name : Quảng cáo',1,1316072956),
(82,'vi','themes','Sửa block','Name : Thành viên','Name : Thành viên',1,1316073024),
(83,'vi','news','Thêm chuyên mục','Cơ sở vật chất','Cơ sở vật chất',1,1316073393),
(84,'vi','news','Thêm chuyên mục','Thành tựu nhà trường','Thành tựu nhà trường',1,1316073402),
(85,'vi','news','Thêm chuyên mục','Tin nhà trường','Tin nhà trường',1,1316073464),
(86,'vi','news','Thêm chuyên mục','Tin giáo dục','Tin giáo dục',1,1316073471),
(87,'vi','news','Thêm chuyên mục','Thi cử, tuyển sinh','Thi cử, tuyển sinh',1,1316073480),
(88,'vi','news','Thêm chuyên mục','Gương sáng','Gương sáng',1,1316073489),
(89,'vi','news','Thêm chuyên mục','Chi bộ Đảng','Chi bộ Đảng',1,1316073519),
(90,'vi','news','Thêm chuyên mục','Công đoàn','Công đoàn',1,1316073525),
(91,'vi','news','Thêm chuyên mục','Đoàn thanh niên','Đoàn thanh niên',1,1316073534),
(92,'vi','news','Thêm chuyên mục','Hội phụ huynh học sinh','Hội phụ huynh học sinh',1,1316073542),
(93,'vi','news','Thêm chuyên mục','Cựu học sinh','Cựu học sinh',1,1316073551),
(94,'vi','news','Thêm chuyên mục','Thể thao văn hóa','Thể thao văn hóa',1,1316073590),
(95,'vi','news','Thêm chuyên mục','Hoạt động xã hội','Hoạt động xã hội',1,1316073598),
(96,'vi','news','Thêm chuyên mục','Câu lạc bộ','Câu lạc bộ',1,1316073611),
(97,'vi','news','Thêm chuyên mục','Tri thức học đường','Tri thức học đường',1,1316073630),
(98,'vi','news','Thêm chuyên mục','Phương pháp học tập','Phương pháp học tập',1,1316073642),
(99,'vi','news','Thêm chuyên mục','Hướng nghiệp','Hướng nghiệp',1,1316073649),
(100,'vi','news','Thêm chuyên mục','Dòng tri thức','Dòng tri thức',1,1316073658),
(101,'vi','news','Thêm chuyên mục','Giáo dục học đường','Giáo dục học đường',1,1316073675),
(102,'vi','news','Thêm chuyên mục','Sức khỏe giới tính','Sức khỏe giới tính',1,1316073685),
(103,'vi','news','Thêm chuyên mục','Bài học cuộc sống','Bài học cuộc sống',1,1316073693),
(104,'vi','webtools','Dọn dẹp hệ thống','','',1,1316073783),
(105,'vi','modules','Kích hoạt module \"about\"','Không','Không',1,1316073862),
(106,'vi','modules','Kích hoạt module \"rss\"','Không','Không',1,1316073871),
(107,'vi','webtools','Dọn dẹp hệ thống','','',1,1316074056),
(108,'vi','webtools','Dọn dẹp hệ thống','','',1,1316074060),
(109,'vi','webtools','Dọn dẹp hệ thống','','',1,1316074173),
(110,'vi','webtools','Dọn dẹp hệ thống','','',1,1316074214),
(111,'vi','webtools','Dọn dẹp hệ thống','','',1,1316074314),
(112,'vi','webtools','Dọn dẹp hệ thống','','',1,1316074345),
(113,'vi','webtools','Dọn dẹp hệ thống','','',1,1316074390),
(114,'vi','webtools','Dọn dẹp hệ thống','','',1,1316074406),
(115,'vi','webtools','Dọn dẹp hệ thống','','',1,1316074441),
(116,'vi','webtools','Dọn dẹp hệ thống','','',1,1316074462),
(117,'vi','webtools','Dọn dẹp hệ thống','','',1,1316074490),
(118,'vi','webtools','Dọn dẹp hệ thống','','',1,1316074546),
(119,'vi','webtools','Dọn dẹp hệ thống','','',1,1316074583),
(120,'vi','webtools','Dọn dẹp hệ thống','','',1,1316074588),
(121,'vi','webtools','Dọn dẹp hệ thống','','',1,1316074875),
(122,'vi','webtools','Dọn dẹp hệ thống','','',1,1316074926),
(123,'vi','webtools','Dọn dẹp hệ thống','','',1,1316074939),
(124,'vi','webtools','Dọn dẹp hệ thống','','',1,1316074984),
(125,'vi','webtools','Dọn dẹp hệ thống','','',1,1316074991),
(126,'vi','webtools','Dọn dẹp hệ thống','','',1,1316075045),
(127,'vi','webtools','Dọn dẹp hệ thống','','',1,1316075114),
(128,'vi','webtools','Dọn dẹp hệ thống','','',1,1316075155),
(129,'vi','webtools','Dọn dẹp hệ thống','','',1,1316075204),
(130,'vi','webtools','Dọn dẹp hệ thống','','',1,1316075266),
(131,'vi','webtools','Dọn dẹp hệ thống','','',1,1316075310),
(132,'vi','webtools','Dọn dẹp hệ thống','','',1,1316075404),
(133,'vi','modules','Thiết lập module mới download\"','','',1,1316075425),
(134,'vi','modules','Sửa module &ldquo;download&rdquo;','','',1,1316075433),
(135,'vi','modules','Thiết lập module mới tradiem\"','','',1,1316076151),
(136,'vi','modules','Sửa module &ldquo;tradiem&rdquo;','','',1,1316076159),
(137,'vi','modules','Thiết lập module mới tkbgv\"','','',1,1316076496),
(138,'vi','modules','Sửa module &ldquo;tkbgv&rdquo;','','',1,1316076506),
(139,'vi','modules','Thiết lập module mới tkblop\"','','',1,1316076522),
(140,'vi','modules','Sửa module &ldquo;tkblop&rdquo;','','',1,1316076530),
(141,'vi','modules','Thứ tự module \"tradiem\"','14 -> 3','14 -> 3',1,1316076564),
(142,'vi','modules','Thứ tự module \"news\"','14 -> 1','14 -> 1',1,1316076566),
(143,'vi','modules','Thứ tự module \"tradiem\"','14 -> 2','14 -> 2',1,1316076575),
(144,'vi','modules','Thứ tự module \"tkbgv\"','14 -> 3','14 -> 3',1,1316076589),
(145,'vi','modules','Thứ tự module \"tkblop\"','14 -> 4','14 -> 4',1,1316076593),
(146,'vi','modules','Thứ tự module \"users\"','14 -> 5','14 -> 5',1,1316076597),
(147,'vi','modules','Thứ tự module \"download\"','14 -> 7','14 -> 7',1,1316076622),
(148,'vi','modules','Thứ tự module \"download\"','14 -> 5','14 -> 5',1,1316076635),
(149,'vi','modules','Thứ tự module \"contact\"','14 -> 7','14 -> 7',1,1316076641),
(150,'vi','modules','Thứ tự module \"statistics\"','14 -> 8','14 -> 8',1,1316076644),
(151,'vi','modules','Thứ tự module \"voting\"','14 -> 9','14 -> 9',1,1316076648),
(152,'vi','modules','Thứ tự module \"banners\"','14 -> 10','14 -> 10',1,1316076651),
(153,'vi','modules','Thứ tự module \"search\"','14 -> 11','14 -> 11',1,1316076655),
(154,'vi','modules','Thứ tự module \"menu\"','14 -> 12','14 -> 12',1,1316076659),
(155,'vi','modules','Xóa module \"about\"','','',1,1316076664),
(156,'vi','upload','Upload file','uploads/news/2011_09/thu-2.jpg','uploads/news/2011_09/thu-2.jpg',1,1316076893),
(157,'vi','news','Sửa bài viết','Nửa thế kỷ một trường vùng biên','Nửa thế kỷ một trường vùng biên',1,1316077018),
(158,'vi','themes','Sửa block','Name : footer site','Name : footer site',1,1316077226),
(159,'vi','themes','Sửa block','Name : footer site','Name : footer site',1,1316077266),
(160,'vi','themes','Sửa block','Name : footer site','Name : footer site',1,1316077484),
(161,'vi','banners','log_edit_banner','bannerid 3','bannerid 3',1,1316077652),
(162,'vi','webtools','Dọn dẹp hệ thống','','',1,1316077786),
(163,'vi','webtools','Dọn dẹp hệ thống','','',1,1316077842),
(164,'vi','voting','log_del_vote','votingid 3','votingid 3',1,1316077884),
(165,'vi','voting','Sửa thăm dò của bạn','Bộ GD-ĐT vừa công bố nội dung dự kiến giảm tải chương trình sách giáo khoa phổ thông các bậc học, từ cấp tiểu học, THCS đến THPT. Theo bạn, có cần thiết giảm tải sách giáo khoa&#x3A;','Bộ GD-ĐT vừa công bố nội dung dự kiến giảm tải chương trình sách giáo khoa phổ thông các bậc học, từ cấp tiểu học, THCS đến THPT. Theo bạn, có cần thiết giảm tải sách giáo khoa&#x3A;',1,1316077954),
(166,'vi','upload','Upload file','images/logo_2.png','images/logo_2.png',1,1316078095),
(167,'vi','webtools','Dọn dẹp hệ thống','','',1,1316087197),
(168,'vi','webtools','Dọn dẹp hệ thống','','',1,1316087208),
(169,'vi','webtools','Dọn dẹp hệ thống','','',1,1316087213),
(170,'vi','webtools','Dọn dẹp hệ thống','','',1,1316087219),
(171,'vi','download','Thêm chủ đề','Thư viện đề thi','Thư viện đề thi',1,1316090221),
(172,'vi','download','Thêm chủ đề','Dành cho học sinh','Dành cho học sinh',1,1316090232),
(173,'vi','download','Thêm chủ đề','Dành cho giáo viên','Dành cho giáo viên',1,1316090241),
(174,'vi','news','Thêm chuyên mục','Bài giảng trực tuyến','Bài giảng trực tuyến',1,1316090258),
(175,'vi','news','Sửa chuyên mục','Bài giảng trực tuyến','Bài giảng trực tuyến',1,1316090283),
(176,'vi','upload','Upload file','uploads/news/2011_09/hocthidaihoc.jpg','uploads/news/2011_09/hocthidaihoc.jpg',1,1316090656),
(177,'vi','news','Thêm bài viết','Toán lớp 12 Một số dạng Phương trình lượng giác thường gặp thầy Nguyễn Anh Dũng','Toán lớp 12 Một số dạng Phương trình lượng giác thường gặp thầy Nguyễn Anh Dũng',1,1316090754),
(178,'vi','users','Đăng ký thành viên','loving_youlc91 | 171.229.166.65 | Simple','loving_youlc91 | 171.229.166.65 | Simple',0,1316093914),
(179,'vi','login','[admin] Đăng nhập',' Client IP:113.167.204.109',' Client IP:113.167.204.109',0,1316095080),
(180,'vi','themes','Thêm block','Name : global html','Name : global html',1,1316095201),
(181,'vi','users','Thêm OpenID mới','admin | 113.167.204.109 | e9403fb0bd26d06d769aeca0655eb57a046287f5','admin | 113.167.204.109 | e9403fb0bd26d06d769aeca0655eb57a046287f5',0,1316097221),
(182,'vi','login','[admin] thoát khỏi tài khoản quản trị',' Client IP:113.167.204.109',' Client IP:113.167.204.109',0,1316097239),
(183,'vi','login','[admin] Đăng nhập',' Client IP:113.167.204.109',' Client IP:113.167.204.109',0,1316097932),
(184,'vi','login','[admin] thoát khỏi tài khoản quản trị',' Client IP:113.167.204.109',' Client IP:113.167.204.109',0,1316098157),
(185,'vi','login','[admin] Đăng nhập',' Client IP:113.167.204.109',' Client IP:113.167.204.109',0,1316098201),
(186,'vi','login','[admin] Đăng nhập',' Client IP:113.167.201.124',' Client IP:113.167.201.124',0,1316135307),
(187,'vi','news','Sửa bài viết','Nửa thế kỷ một trường vùng biên','Nửa thế kỷ một trường vùng biên',1,1316135341),
(188,'vi','login','[admin] Đăng nhập',' Client IP:113.167.201.124',' Client IP:113.167.201.124',0,1316151820),
(189,'vi','themes','Thêm block','Name : global html','Name : global html',1,1316151985),
(190,'vi','webtools','Dọn dẹp hệ thống','','',1,1316162473),
(191,'vi','webtools','Dọn dẹp hệ thống','','',1,1316162477),
(192,'vi','webtools','Dọn dẹp hệ thống','','',1,1316162619),
(193,'vi','webtools','Dọn dẹp hệ thống','','',1,1316162627),
(194,'vi','webtools','Dọn dẹp hệ thống','','',1,1316162668),
(195,'vi','webtools','Dọn dẹp hệ thống','','',1,1316162827),
(196,'vi','webtools','Dọn dẹp hệ thống','','',1,1316162928),
(197,'vi','webtools','Dọn dẹp hệ thống','','',1,1316163160),
(198,'vi','webtools','Dọn dẹp hệ thống','','',1,1316163197),
(199,'vi','webtools','Dọn dẹp hệ thống','','',1,1316163222),
(200,'vi','webtools','Dọn dẹp hệ thống','','',1,1316163243),
(201,'vi','webtools','Dọn dẹp hệ thống','','',1,1316163273),
(202,'vi','webtools','Dọn dẹp hệ thống','','',1,1316163295),
(203,'vi','webtools','Dọn dẹp hệ thống','','',1,1316163308),
(204,'vi','webtools','Dọn dẹp hệ thống','','',1,1316163322),
(205,'vi','webtools','Dọn dẹp hệ thống','','',1,1316163328),
(206,'vi','webtools','Dọn dẹp hệ thống','','',1,1316163334),
(207,'vi','webtools','Dọn dẹp hệ thống','','',1,1316163340),
(208,'vi','webtools','Dọn dẹp hệ thống','','',1,1316163364),
(209,'vi','webtools','Dọn dẹp hệ thống','','',1,1316163589),
(210,'vi','webtools','Dọn dẹp hệ thống','','',1,1316163596),
(211,'vi','webtools','Dọn dẹp hệ thống','','',1,1316163604),
(212,'vi','webtools','Dọn dẹp hệ thống','','',1,1316163611),
(213,'vi','webtools','Dọn dẹp hệ thống','','',1,1316163616),
(214,'vi','webtools','Dọn dẹp hệ thống','','',1,1316163630),
(215,'vi','webtools','Dọn dẹp hệ thống','','',1,1316164549),
(216,'vi','webtools','Dọn dẹp hệ thống','','',1,1316164555),
(217,'vi','webtools','Dọn dẹp hệ thống','','',1,1316164581),
(218,'vi','webtools','Dọn dẹp hệ thống','','',1,1316164759),
(219,'vi','webtools','Dọn dẹp hệ thống','','',1,1316164765),
(220,'vi','webtools','Dọn dẹp hệ thống','','',1,1316164795),
(221,'vi','webtools','Dọn dẹp hệ thống','','',1,1316164800),
(222,'vi','webtools','Dọn dẹp hệ thống','','',1,1316164868),
(223,'vi','webtools','Dọn dẹp hệ thống','','',1,1316164876),
(224,'vi','webtools','Dọn dẹp hệ thống','','',1,1316164904),
(225,'vi','webtools','Dọn dẹp hệ thống','','',1,1316164947),
(226,'vi','webtools','Dọn dẹp hệ thống','','',1,1316164955),
(227,'vi','news','log_edit_blockcat','blockid 1','blockid 1',1,1316165001),
(228,'vi','news','log_edit_blockcat','blockid 2','blockid 2',1,1316165018),
(229,'vi','news','log_edit_blockcat','blockid 2','blockid 2',1,1316165039),
(230,'vi','news','log_edit_blockcat','blockid 1','blockid 1',1,1316165049),
(231,'vi','news','log_edit_blockcat','blockid 2','blockid 2',1,1316165071),
(232,'vi','news','log_edit_blockcat','blockid 2','blockid 2',1,1316165072),
(233,'vi','webtools','Dọn dẹp hệ thống','','',1,1316165094),
(234,'vi','news','log_edit_blockcat','blockid 1','blockid 1',1,1316165137),
(235,'vi','webtools','Dọn dẹp hệ thống','','',1,1316165150),
(236,'vi','webtools','Dọn dẹp hệ thống','','',1,1316165197),
(237,'vi','webtools','Dọn dẹp hệ thống','','',1,1316165225),
(238,'vi','webtools','Dọn dẹp hệ thống','','',1,1316165251),
(239,'vi','webtools','Dọn dẹp hệ thống','','',1,1316165325),
(240,'vi','webtools','Dọn dẹp hệ thống','','',1,1316165338),
(241,'vi','webtools','Dọn dẹp hệ thống','','',1,1316165377),
(242,'vi','webtools','Dọn dẹp hệ thống','','',1,1316165433),
(243,'vi','webtools','Dọn dẹp hệ thống','','',1,1316165462),
(244,'vi','webtools','Dọn dẹp hệ thống','','',1,1316165503),
(245,'vi','webtools','Dọn dẹp hệ thống','','',1,1316165840),
(246,'vi','webtools','Dọn dẹp hệ thống','','',1,1316165888),
(247,'vi','webtools','Dọn dẹp hệ thống','','',1,1316165969),
(248,'vi','webtools','Dọn dẹp hệ thống','','',1,1316165996),
(249,'vi','webtools','Dọn dẹp hệ thống','','',1,1316166014),
(250,'vi','webtools','Dọn dẹp hệ thống','','',1,1316166051),
(251,'vi','webtools','Dọn dẹp hệ thống','','',1,1316166095),
(252,'vi','webtools','Dọn dẹp hệ thống','','',1,1316166154),
(253,'vi','webtools','Dọn dẹp hệ thống','','',1,1316166199),
(254,'vi','webtools','Dọn dẹp hệ thống','','',1,1316166238),
(255,'vi','webtools','Dọn dẹp hệ thống','','',1,1316166264),
(256,'vi','webtools','Dọn dẹp hệ thống','','',1,1316166288),
(257,'vi','webtools','Dọn dẹp hệ thống','','',1,1316166312),
(258,'vi','webtools','Dọn dẹp hệ thống','','',1,1316166348),
(259,'vi','webtools','Dọn dẹp hệ thống','','',1,1316166370),
(260,'vi','webtools','Dọn dẹp hệ thống','','',1,1316166392),
(261,'vi','webtools','Dọn dẹp hệ thống','','',1,1316166761),
(262,'vi','webtools','Dọn dẹp hệ thống','','',1,1316166860),
(263,'vi','webtools','Dọn dẹp hệ thống','','',1,1316166873),
(264,'vi','upload','Upload file','uploads/news/2011_09/dap_an_de_thi_dai_hoc_mon_su_khoi_c_nam_2011.jpg','uploads/news/2011_09/dap_an_de_thi_dai_hoc_mon_su_khoi_c_nam_2011.jpg',1,1316170676),
(265,'vi','news','Thêm bài viết','Video giải đề thi đại học phần 1','Video giải đề thi đại học phần 1',1,1316170755),
(266,'vi','banners','log_edit_plan','planid 1','planid 1',1,1316171334),
(267,'vi','banners','log_edit_plan','planid 1','planid 1',1,1316171352),
(268,'vi','banners','log_edit_plan','planid 1','planid 1',1,1316171364),
(269,'vi','banners','log_edit_plan','planid 1','planid 1',1,1316171378),
(270,'vi','login','[admin] Đăng nhập',' Client IP:123.17.216.198',' Client IP:123.17.216.198',0,1316176250),
(271,'vi','login','[admin] thoát khỏi tài khoản quản trị',' Client IP:123.17.216.198',' Client IP:123.17.216.198',0,1316184439),
(272,'vi','login','[admin] Đăng nhập',' Client IP:113.167.192.63',' Client IP:113.167.192.63',0,1316420636),
(273,'vi','modules','Xóa module \"tkbgv\"','','',1,1316423999),
(274,'vi','webtools','Dọn dẹp hệ thống','','',1,1316437987),
(275,'vi','webtools','Dọn dẹp hệ thống','','',1,1316438014),
(276,'vi','webtools','Dọn dẹp hệ thống','','',1,1316438064),
(277,'vi','webtools','Dọn dẹp hệ thống','','',1,1316438098),
(278,'vi','webtools','Dọn dẹp hệ thống','','',1,1316438132),
(279,'vi','webtools','Dọn dẹp hệ thống','','',1,1316438166),
(280,'vi','webtools','Dọn dẹp hệ thống','','',1,1316438203),
(281,'vi','webtools','Dọn dẹp hệ thống','','',1,1316438252),
(282,'vi','webtools','Dọn dẹp hệ thống','','',1,1316438423),
(283,'vi','webtools','Dọn dẹp hệ thống','','',1,1316438430),
(284,'vi','webtools','Dọn dẹp hệ thống','','',1,1316438465),
(285,'vi','webtools','Dọn dẹp hệ thống','','',1,1316438495),
(286,'vi','webtools','Dọn dẹp hệ thống','','',1,1316438512),
(287,'vi','webtools','Dọn dẹp hệ thống','','',1,1316438584),
(288,'vi','webtools','Dọn dẹp hệ thống','','',1,1316438606),
(289,'vi','webtools','Dọn dẹp hệ thống','','',1,1316438627),
(290,'vi','webtools','Dọn dẹp hệ thống','','',1,1316438660),
(291,'vi','webtools','Dọn dẹp hệ thống','','',1,1316438666),
(292,'vi','webtools','Dọn dẹp hệ thống','','',1,1316438690),
(293,'vi','webtools','Dọn dẹp hệ thống','','',1,1316438723),
(294,'vi','webtools','Dọn dẹp hệ thống','','',1,1316439219),
(295,'vi','webtools','Dọn dẹp hệ thống','','',1,1316439250),
(296,'vi','banners','log_edit_plan','planid 1','planid 1',1,1316439323),
(297,'vi','banners','log_edit_plan','planid 2','planid 2',1,1316439366),
(298,'vi','banners','log_edit_plan','planid 2','planid 2',1,1316439380),
(299,'vi','banners','log_edit_plan','planid 2','planid 2',1,1316439394),
(300,'vi','banners','log_edit_plan','planid 2','planid 2',1,1316439407),
(301,'vi','banners','log_edit_plan','planid 2','planid 2',1,1316439419),
(302,'vi','themes','Sửa block','Name : Quảng cáo','Name : Quảng cáo',1,1316440035),
(303,'vi','themes','Sửa block','Name : Quảng cáo','Name : Quảng cáo',1,1316440093),
(304,'vi','themes','Sửa block','Name : Quảng cáo','Name : Quảng cáo',1,1316440126),
(305,'vi','themes','Sửa block','Name : Quảng cáo','Name : Quảng cáo',1,1316440158),
(306,'vi','themes','Sửa block','Name : Quảng cáo','Name : Quảng cáo',1,1316440187),
(307,'vi','banners','log_edit_banner','bannerid 1','bannerid 1',1,1316440331),
(308,'vi','banners','log_edit_banner','bannerid 2','bannerid 2',1,1316440398),
(309,'vi','banners','log_add_banner','bannerid 4','bannerid 4',1,1316440518),
(310,'vi','banners','log_edit_banner','bannerid 4','bannerid 4',1,1316440534),
(311,'vi','banners','log_add_banner','bannerid 5','bannerid 5',1,1316440615),
(312,'vi','banners','log_add_banner','bannerid 6','bannerid 6',1,1316440662),
(313,'vi','banners','log_add_banner','bannerid 7','bannerid 7',1,1316440693),
(314,'vi','banners','log_edit_banner','bannerid 7','bannerid 7',1,1316440704),
(315,'vi','banners','log_edit_plan','planid 2','planid 2',1,1316440741),
(316,'vi','banners','log_edit_plan','planid 2','planid 2',1,1316440756),
(317,'vi','banners','log_add_client','bannerid 1','bannerid 1',1,1316440822),
(318,'vi','banners','log_edit_banner','bannerid 7','bannerid 7',1,1316440834),
(319,'vi','banners','log_edit_banner','bannerid 6','bannerid 6',1,1316440852),
(320,'vi','banners','log_edit_banner','bannerid 5','bannerid 5',1,1316440859),
(321,'vi','banners','log_edit_banner','bannerid 4','bannerid 4',1,1316440864),
(322,'vi','banners','log_edit_banner','bannerid 2','bannerid 2',1,1316440870),
(323,'vi','banners','log_edit_banner','bannerid 1','bannerid 1',1,1316440875),
(324,'vi','webtools','Dọn dẹp hệ thống','','',1,1316441084),
(325,'vi','webtools','Dọn dẹp hệ thống','','',1,1316441113),
(326,'vi','banners','log_edit_plan','planid 2','planid 2',1,1316441325),
(327,'vi','banners','log_edit_banner','bannerid 6','bannerid 6',1,1316441357),
(328,'vi','modules','Xóa module \"tkblop\"','','',1,1316441584),
(329,'vi','modules','Thiết lập module mới tkblop\"','','',1,1316442670),
(330,'vi','modules','Sửa module &ldquo;tkblop&rdquo;','','',1,1316442679),
(331,'vi','modules','Xóa module \"tkblop\"','','',1,1316442809),
(332,'vi','modules','Thiết lập module mới tkbgv\"','','',1,1316442817),
(333,'vi','modules','Sửa module &ldquo;tkbgv&rdquo;','','',1,1316442827),
(334,'vi','modules','Xóa module \"tkbgv\"','','',1,1316442925),
(335,'vi','modules','Thêm module ảo \"thoi_khoa_bieu\"','','',1,1316443006),
(336,'vi','modules','Thiết lập module mới thoi-khoa-bieu\"','','',1,1316443055),
(337,'vi','modules','Sửa module &ldquo;thoi-khoa-bieu&rdquo;','','',1,1316443063),
(338,'vi','modules','Xóa module \"thoi-khoa-bieu\"','','',1,1316443112),
(339,'vi','upload','Upload file','uploads/tkb.jpg','uploads/tkb.jpg',1,1316443592),
(340,'vi','themes','Thêm block','Name : global html','Name : global html',1,1316443661),
(341,'vi','webtools','Dọn dẹp hệ thống','','',1,1316488098),
(342,'vi','webtools','Dọn dẹp hệ thống','','',1,1316488103),
(343,'vi','webtools','Dọn dẹp hệ thống','','',1,1316488119),
(344,'vi','webtools','Dọn dẹp hệ thống','','',1,1316488222),
(345,'vi','webtools','Dọn dẹp hệ thống','','',1,1316488228),
(346,'vi','webtools','Dọn dẹp hệ thống','','',1,1316488379),
(347,'vi','webtools','Dọn dẹp hệ thống','','',1,1316488393),
(348,'vi','webtools','Dọn dẹp hệ thống','','',1,1316488403),
(349,'vi','webtools','Dọn dẹp hệ thống','','',1,1316488415),
(350,'vi','webtools','Dọn dẹp hệ thống','','',1,1316488436),
(351,'vi','webtools','Dọn dẹp hệ thống','','',1,1316488468),
(352,'vi','webtools','Dọn dẹp hệ thống','','',1,1316488494),
(353,'vi','themes','Sửa block','Name : global html','Name : global html',1,1316502627),
(354,'vi','webtools','Dọn dẹp hệ thống','','',1,1316503574),
(355,'vi','webtools','Dọn dẹp hệ thống','','',1,1316503578),
(356,'vi','webtools','Dọn dẹp hệ thống','','',1,1316503586),
(357,'vi','webtools','Dọn dẹp hệ thống','','',1,1316503805),
(358,'vi','webtools','Dọn dẹp hệ thống','','',1,1316503865),
(359,'vi','webtools','Dọn dẹp hệ thống','','',1,1316503929),
(360,'vi','webtools','Dọn dẹp hệ thống','','',1,1316503938),
(361,'vi','webtools','Dọn dẹp hệ thống','','',1,1316504045),
(362,'vi','webtools','Dọn dẹp hệ thống','','',1,1316504052),
(363,'vi','webtools','Dọn dẹp hệ thống','','',1,1316504084),
(364,'vi','webtools','Dọn dẹp hệ thống','','',1,1316504161),
(365,'vi','webtools','Dọn dẹp hệ thống','','',1,1316504230),
(366,'vi','webtools','Dọn dẹp hệ thống','','',1,1316504249),
(367,'vi','webtools','Dọn dẹp hệ thống','','',1,1316504273),
(368,'vi','webtools','Dọn dẹp hệ thống','','',1,1316504349),
(369,'vi','webtools','Dọn dẹp hệ thống','','',1,1316504393),
(370,'vi','webtools','Dọn dẹp hệ thống','','',1,1316504427),
(371,'vi','webtools','Dọn dẹp hệ thống','','',1,1316504483),
(372,'vi','webtools','Dọn dẹp hệ thống','','',1,1316504525),
(373,'vi','webtools','Dọn dẹp hệ thống','','',1,1316504547),
(374,'vi','webtools','Dọn dẹp hệ thống','','',1,1316504640),
(375,'vi','webtools','Dọn dẹp hệ thống','','',1,1316504650),
(376,'vi','webtools','Dọn dẹp hệ thống','','',1,1316504672),
(377,'vi','webtools','Dọn dẹp hệ thống','','',1,1316504706),
(378,'vi','webtools','Dọn dẹp hệ thống','','',1,1316504734),
(379,'vi','webtools','Dọn dẹp hệ thống','','',1,1316504767),
(380,'vi','webtools','Dọn dẹp hệ thống','','',1,1316504827),
(381,'vi','webtools','Dọn dẹp hệ thống','','',1,1316504878),
(382,'vi','webtools','Dọn dẹp hệ thống','','',1,1316504931),
(383,'vi','webtools','Dọn dẹp hệ thống','','',1,1316504962),
(384,'vi','webtools','Dọn dẹp hệ thống','','',1,1316505011),
(385,'vi','webtools','Dọn dẹp hệ thống','','',1,1316505048),
(386,'vi','webtools','Dọn dẹp hệ thống','','',1,1316505088),
(387,'vi','webtools','Dọn dẹp hệ thống','','',1,1316505113),
(388,'vi','webtools','Dọn dẹp hệ thống','','',1,1316505141),
(389,'vi','webtools','Dọn dẹp hệ thống','','',1,1316505190),
(390,'vi','webtools','Dọn dẹp hệ thống','','',1,1316505220),
(391,'vi','webtools','Dọn dẹp hệ thống','','',1,1316505255),
(392,'vi','webtools','Dọn dẹp hệ thống','','',1,1316505288),
(393,'vi','webtools','Dọn dẹp hệ thống','','',1,1316505312),
(394,'vi','webtools','Dọn dẹp hệ thống','','',1,1316505341),
(395,'vi','webtools','Dọn dẹp hệ thống','','',1,1316505370),
(396,'vi','webtools','Dọn dẹp hệ thống','','',1,1316505528),
(397,'vi','webtools','Dọn dẹp hệ thống','','',1,1316505777),
(398,'vi','webtools','Dọn dẹp hệ thống','','',1,1316505800),
(399,'vi','webtools','Dọn dẹp hệ thống','','',1,1316505820),
(400,'vi','webtools','Dọn dẹp hệ thống','','',1,1316505885),
(401,'vi','webtools','Dọn dẹp hệ thống','','',1,1316505918),
(402,'vi','webtools','Dọn dẹp hệ thống','','',1,1316505991),
(403,'vi','webtools','Dọn dẹp hệ thống','','',1,1316506033),
(404,'vi','webtools','Dọn dẹp hệ thống','','',1,1316506076),
(405,'vi','webtools','Dọn dẹp hệ thống','','',1,1316506095),
(406,'vi','webtools','Dọn dẹp hệ thống','','',1,1316506212),
(407,'vi','webtools','Dọn dẹp hệ thống','','',1,1316506227),
(408,'vi','webtools','Dọn dẹp hệ thống','','',1,1316506246),
(409,'vi','webtools','Dọn dẹp hệ thống','','',1,1316506295),
(410,'vi','webtools','Dọn dẹp hệ thống','','',1,1316506350),
(411,'vi','webtools','Dọn dẹp hệ thống','','',1,1316506370),
(412,'vi','webtools','Dọn dẹp hệ thống','','',1,1316506415),
(413,'vi','webtools','Dọn dẹp hệ thống','','',1,1316506550),
(414,'vi','webtools','Dọn dẹp hệ thống','','',1,1316506615),
(415,'vi','webtools','Dọn dẹp hệ thống','','',1,1316506631),
(416,'vi','webtools','Dọn dẹp hệ thống','','',1,1316506668),
(417,'vi','webtools','Dọn dẹp hệ thống','','',1,1316506756),
(418,'vi','webtools','Dọn dẹp hệ thống','','',1,1316506797),
(419,'vi','language','Cài đặt mới Ngôn ngữ data',' langkey : en',' langkey : en',1,1316588357),
(420,'en','language','Hiển thị ngoài site',' langkey : en [ Có ]',' langkey : en [ Có ]',1,1316588430),
(421,'vi','language','Hiển thị ngoài site',' langkey : en [ Không ]',' langkey : en [ Không ]',1,1316588562),
(422,'vi','webtools','Dọn dẹp hệ thống','','',1,1316588886),
(423,'vi','webtools','Dọn dẹp hệ thống','','',1,1316589011),
(424,'vi','webtools','Dọn dẹp hệ thống','','',1,1316589146),
(425,'vi','webtools','Dọn dẹp hệ thống','','',1,1316589596),
(426,'vi','webtools','Dọn dẹp hệ thống','','',1,1316589639),
(427,'vi','webtools','Dọn dẹp hệ thống','','',1,1316589673),
(428,'vi','webtools','Dọn dẹp hệ thống','','',1,1316597350),
(429,'vi','webtools','Dọn dẹp hệ thống','','',1,1316597379),
(430,'vi','webtools','Dọn dẹp hệ thống','','',1,1316597394),
(431,'vi','webtools','Dọn dẹp hệ thống','','',1,1316597401),
(432,'vi','webtools','Dọn dẹp hệ thống','','',1,1316597436),
(433,'vi','themes','Sửa block','Name : Menu','Name : Menu',1,1316597735),
(434,'vi','themes','Sửa block','Name : Menu','Name : Menu',1,1316597764),
(435,'vi','webtools','Dọn dẹp hệ thống','','',1,1316597820),
(436,'vi','webtools','Dọn dẹp hệ thống','','',1,1316597862),
(437,'vi','webtools','Dọn dẹp hệ thống','','',1,1316597996),
(438,'vi','webtools','Dọn dẹp hệ thống','','',1,1316598144),
(439,'vi','webtools','Dọn dẹp hệ thống','','',1,1316598514),
(440,'vi','banners','log_edit_banner','bannerid 3','bannerid 3',1,1316598755),
(441,'vi','banners','log_add_plan','planid 3','planid 3',1,1316599028),
(442,'vi','themes','Thêm block','Name : global banners','Name : global banners',1,1316599051),
(443,'vi','banners','log_add_banner','bannerid 8','bannerid 8',1,1316599088),
(444,'vi','banners','log_edit_plan','planid 3','planid 3',1,1316599117),
(445,'vi','banners','log_edit_plan','planid 3','planid 3',1,1316599142),
(446,'vi','banners','log_edit_plan','planid 3','planid 3',1,1316599159),
(447,'vi','banners','log_edit_plan','planid 3','planid 3',1,1316599181),
(448,'vi','banners','log_edit_plan','planid 3','planid 3',1,1316599214),
(449,'vi','webtools','Dọn dẹp hệ thống','','',1,1316599238),
(450,'vi','webtools','Dọn dẹp hệ thống','','',1,1316599243),
(451,'vi','banners','log_add_banner','bannerid 9','bannerid 9',1,1316599285),
(452,'vi','banners','log_add_banner','bannerid 10','bannerid 10',1,1316599327),
(453,'vi','webtools','Dọn dẹp hệ thống','','',1,1316613226),
(454,'vi','webtools','Dọn dẹp hệ thống','','',1,1316613307),
(455,'vi','webtools','Dọn dẹp hệ thống','','',1,1316614104),
(456,'vi','banners','log_edit_plan','planid 3','planid 3',1,1316614184),
(457,'vi','webtools','Dọn dẹp hệ thống','','',1,1316614230),
(458,'vi','webtools','Dọn dẹp hệ thống','','',1,1316614291),
(459,'vi','banners','log_edit_plan','planid 3','planid 3',1,1316614350),
(460,'vi','banners','log_edit_plan','planid 3','planid 3',1,1316614372),
(461,'vi','banners','log_edit_plan','planid 3','planid 3',1,1316614388),
(462,'vi','themes','Thêm block','Name : global link','Name : global link',1,1316614530),
(463,'vi','webtools','Dọn dẹp hệ thống','','',1,1316615124),
(464,'vi','webtools','Dọn dẹp hệ thống','','',1,1316615265),
(465,'vi','webtools','Dọn dẹp hệ thống','','',1,1316615394),
(466,'vi','webtools','Dọn dẹp hệ thống','','',1,1316615421),
(467,'vi','webtools','Dọn dẹp hệ thống','','',1,1316615450),
(468,'vi','webtools','Dọn dẹp hệ thống','','',1,1316615484),
(469,'vi','webtools','Dọn dẹp hệ thống','','',1,1316615556),
(470,'vi','webtools','Dọn dẹp hệ thống','','',1,1316615603),
(471,'vi','webtools','Dọn dẹp hệ thống','','',1,1316615646),
(472,'vi','webtools','Dọn dẹp hệ thống','','',1,1316615701),
(473,'vi','webtools','Dọn dẹp hệ thống','','',1,1316655855),
(474,'vi','webtools','Dọn dẹp hệ thống','','',1,1316655874),
(475,'vi','webtools','Dọn dẹp hệ thống','','',1,1316655923),
(476,'vi','webtools','Dọn dẹp hệ thống','','',1,1316655928),
(477,'vi','themes','Thêm block','Name : global banners','Name : global banners',1,1316656013),
(478,'vi','webtools','Dọn dẹp hệ thống','','',1,1316656522),
(479,'vi','webtools','Dọn dẹp hệ thống','','',1,1316656954),
(480,'vi','webtools','Dọn dẹp hệ thống','','',1,1316657100),
(481,'vi','webtools','Dọn dẹp hệ thống','','',1,1316657229),
(482,'vi','webtools','Dọn dẹp hệ thống','','',1,1316657277),
(483,'vi','webtools','Dọn dẹp hệ thống','','',1,1316657299),
(484,'vi','webtools','Dọn dẹp hệ thống','','',1,1316657625),
(485,'vi','webtools','Dọn dẹp hệ thống','','',1,1316657733),
(486,'vi','webtools','Dọn dẹp hệ thống','','',1,1316657785),
(487,'vi','webtools','Dọn dẹp hệ thống','','',1,1316657850),
(488,'vi','webtools','Dọn dẹp hệ thống','','',1,1316657987),
(489,'vi','webtools','Dọn dẹp hệ thống','','',1,1316658036),
(490,'vi','webtools','Dọn dẹp hệ thống','','',1,1316658083),
(491,'vi','webtools','Dọn dẹp hệ thống','','',1,1316658128),
(492,'vi','webtools','Dọn dẹp hệ thống','','',1,1316658876),
(493,'vi','webtools','Dọn dẹp hệ thống','','',1,1316658889),
(494,'vi','themes','Sửa block','Name : global html','Name : global html',1,1316659299),
(495,'vi','webtools','Dọn dẹp hệ thống','','',1,1316659453),
(496,'vi','webtools','Dọn dẹp hệ thống','','',1,1316659885),
(497,'vi','themes','Sửa block','Name : Quảng cáo giữa trang','Name : Quảng cáo giữa trang',1,1316660593),
(498,'vi','themes','Thiết lập layout theme: \"web01traidat\"','','',1,1316668076),
(499,'vi','themes','Kích hoạt theme: \"web01traidat\"','','',1,1316668087),
(500,'vi','themes','Kích hoạt theme: \"default\"','','',1,1316668224),
(501,'vi','modules','Thiết lập module mới redday\"','','',1,1316668860),
(502,'vi','modules','Sửa module &ldquo;redday&rdquo;','','',1,1316668863),
(503,'vi','modules','Xóa module \"redday\"','','',1,1316669065),
(504,'vi','webtools','Dọn dẹp hệ thống','','',1,1316675333),
(505,'vi','webtools','Dọn dẹp hệ thống','','',1,1316675366),
(506,'vi','webtools','Dọn dẹp hệ thống','','',1,1316675390),
(507,'vi','webtools','Dọn dẹp hệ thống','','',1,1316676573),
(508,'vi','webtools','Dọn dẹp hệ thống','','',1,1316676588),
(509,'vi','themes','Sửa block','Name : Menu','Name : Menu',1,1316676625),
(510,'vi','webtools','Dọn dẹp hệ thống','','',1,1316676684),
(511,'vi','webtools','Dọn dẹp hệ thống','','',1,1316676832),
(512,'vi','themes','Sửa block','Name : Menu','Name : Menu',1,1316676898),
(513,'vi','webtools','Dọn dẹp hệ thống','','',1,1316677440),
(514,'vi','webtools','Dọn dẹp hệ thống','','',1,1316677447),
(515,'vi','webtools','Dọn dẹp hệ thống','','',1,1316677892),
(516,'vi','webtools','Dọn dẹp hệ thống','','',1,1316677959),
(517,'vi','webtools','Dọn dẹp hệ thống','','',1,1316677965),
(518,'vi','webtools','Dọn dẹp hệ thống','','',1,1316693488),
(519,'vi','modules','Thiết lập module mới albums\"','','',1,1316693495),
(520,'vi','modules','Sửa module &ldquo;albums&rdquo;','','',1,1316693528),
(521,'vi','modules','Thứ tự module \"albums\"','12 -> 5','12 -> 5',1,1316693543),
(522,'vi','upload','Upload file','uploads/albums/khai-giang.jpg','uploads/albums/khai-giang.jpg',1,1316693720),
(523,'vi','upload','Upload file','uploads/albums/01.jpg','uploads/albums/01.jpg',1,1316693763),
(524,'vi','themes','Thêm block','Name : global flash album','Name : global flash album',1,1316694880),
(525,'vi','webtools','Dọn dẹp hệ thống','','',1,1316695008),
(526,'vi','themes','Thêm block','Name : global block albums','Name : global block albums',1,1316695027),
(527,'vi','themes','Thêm block','Name : global block flash','Name : global block flash',1,1316695334),
(528,'vi','themes','Thêm block','Name : global albums','Name : global albums',1,1316695549),
(529,'vi','webtools','Dọn dẹp hệ thống','','',1,1316695689),
(530,'vi','news','Thêm bài viết','ácascasc','ácascasc',1,1316698812),
(531,'vi','themes','Thêm block','Name : global block blocknews','Name : global block blocknews',1,1316699320),
(532,'vi','themes','Sửa block','Name : global block blocknews','Name : global block blocknews',1,1316699340),
(533,'vi','modules','Thiết lập module mới tailieu\"','','',1,1316704599),
(534,'vi','modules','Sửa module &ldquo;tailieu&rdquo;','','',1,1316704606),
(535,'vi','webtools','Dọn dẹp hệ thống','','',1,1318500439),
(536,'vi','users','log_del_user','userid 2','userid 2',1,1318500457),
(537,'vi','users','log_edit_user','userid 1','userid 1',1,1318500479)	;
#	TC`nv3_sessions`utf8_general_ci	;
CREATE TABLE `nv3_sessions` (
  `session_id` varchar(50) default NULL,
  `uid` mediumint(8) unsigned NOT NULL default '0',
  `full_name` varchar(100) NOT NULL,
  `onl_time` int(11) unsigned NOT NULL default '0',
  UNIQUE KEY `session_id` (`session_id`),
  KEY `onl_time` (`onl_time`)
) ENGINE=MEMORY DEFAULT CHARSET=utf8	;
#	TC`nv3_setup`utf8_general_ci	;
CREATE TABLE `nv3_setup` (
  `lang` char(2) NOT NULL,
  `module` varchar(50) NOT NULL,
  `tables` varchar(255) NOT NULL,
  `version` varchar(100) NOT NULL,
  `setup_time` int(11) unsigned NOT NULL default '0',
  UNIQUE KEY `lang` (`lang`,`module`)
) ENGINE=MyISAM DEFAULT CHARSET=utf8	;
#	TC`nv3_setup_language`utf8_general_ci	;
CREATE TABLE `nv3_setup_language` (
  `lang` char(2) NOT NULL,
  `setup` tinyint(1) NOT NULL default '0',
  PRIMARY KEY  (`lang`)
) ENGINE=MyISAM DEFAULT CHARSET=utf8	;
#	TD`nv3_setup_language`utf8_general_ci	;
INSERT INTO `nv3_setup_language` VALUES 
('vi',1),
('en',1)	;
#	TC`nv3_setup_modules`utf8_general_ci	;
CREATE TABLE `nv3_setup_modules` (
  `title` varchar(55) NOT NULL,
  `is_sysmod` tinyint(1) NOT NULL default '0',
  `virtual` tinyint(1) NOT NULL default '0',
  `module_file` varchar(50) NOT NULL default '',
  `module_data` varchar(55) NOT NULL default '',
  `mod_version` varchar(50) NOT NULL,
  `addtime` int(11) NOT NULL default '0',
  `author` text NOT NULL,
  `note` varchar(255) NOT NULL default '',
  PRIMARY KEY  (`title`)
) ENGINE=MyISAM DEFAULT CHARSET=utf8	;
#	TD`nv3_setup_modules`utf8_general_ci	;
INSERT INTO `nv3_setup_modules` VALUES 
('about',0,1,'about','about','3.0.01 1287532800',1316054767,'VINADES (contact@vinades.vn)',''),
('banners',1,0,'banners','banners','3.0.01 1287532800',1316054767,'VINADES (contact@vinades.vn)',''),
('contact',0,1,'contact','contact','3.0.01 1287532800',1316054767,'VINADES (contact@vinades.vn)',''),
('news',0,1,'news','news','3.0.01 1287532800',1316054767,'VINADES (contact@vinades.vn)',''),
('voting',0,0,'voting','voting','3.0.01 1287532800',1316054767,'VINADES (contact@vinades.vn)',''),
('forum',0,0,'forum','forum','3.0.01 1287532800',1316054767,'VINADES (contact@vinades.vn)',''),
('search',1,0,'search','search','3.0.01 1287532800',1316054767,'VINADES (contact@vinades.vn)',''),
('users',1,0,'users','users','3.0.01 1287532800',1316054767,'VINADES (contact@vinades.vn)',''),
('download',0,1,'download','download','3.0.01 1287532800',1316054767,'VINADES (contact@vinades.vn)',''),
('weblinks',0,1,'weblinks','weblinks','3.0.01 1287532800',1316054767,'VINADES (contact@vinades.vn)',''),
('statistics',0,0,'statistics','statistics','3.0.01 1287532800',1316054767,'VINADES (contact@vinades.vn)',''),
('faq',0,1,'faq','faq','3.0.01 1287532800',1316054767,'VINADES (contact@vinades.vn)',''),
('menu',0,1,'menu','menu','3.1.00 1273225635',1316054767,'VINADES (contact@vinades.vn)',''),
('rss',1,0,'rss','rss','3.0.01 1287532800',1316054767,'VINADES (contact@vinades.vn)',''),
('shops',0,1,'shops','shops','3.0.01 1273830435',1316075420,'VINADES (contact@vinades.vn)',''),
('tradiem',0,1,'tradiem','tradiem','1.0.0 1315757595',1316076146,'Pham Ba Tuan Chung (thptso1laocai@gmail.com)',''),
('tkbgv',0,1,'tkbgv','tkbgv','1.0.0 1279469595',1316076489,'Trần Thế Vinh (gangucay@gmail.com)',''),
('tkblop',0,1,'tkblop','tkblop','1.0.0 1279469595',1316076520,'Trần Thế Vinh (gangucay@gmail.com)',''),
('albums',0,0,'albums','albums','3.0.01 1279001016',1316693491,'VINADES.,JSC (contact@vinades.vn)',''),
('tailieu',0,0,'tailieu','tailieu','3.0.09 1316704595',1316704595,'Nguyen Van Khoi (khoihhp@yahoo.com)','')	;
#	TC`nv3_users`utf8_general_ci	;
CREATE TABLE `nv3_users` (
  `userid` mediumint(8) unsigned NOT NULL auto_increment,
  `username` varchar(100) NOT NULL default '',
  `md5username` char(32) NOT NULL default '',
  `password` varchar(50) NOT NULL default '',
  `email` varchar(100) NOT NULL default '',
  `full_name` varchar(255) NOT NULL default '',
  `gender` char(1) NOT NULL,
  `photo` varchar(255) NOT NULL default '',
  `birthday` int(11) unsigned NOT NULL,
  `sig` text,
  `regdate` int(11) NOT NULL default '0',
  `website` varchar(255) NOT NULL default '',
  `location` varchar(255) NOT NULL,
  `yim` varchar(100) NOT NULL default '',
  `telephone` varchar(100) NOT NULL default '',
  `fax` varchar(100) NOT NULL default '',
  `mobile` varchar(100) NOT NULL default '',
  `question` varchar(255) NOT NULL,
  `answer` varchar(255) NOT NULL default '',
  `passlostkey` varchar(40) NOT NULL default '',
  `view_mail` tinyint(1) unsigned NOT NULL default '0',
  `remember` tinyint(1) unsigned NOT NULL default '0',
  `in_groups` varchar(255) NOT NULL default '',
  `active` tinyint(1) unsigned NOT NULL default '0',
  `checknum` varchar(40) NOT NULL default '',
  `last_login` int(11) unsigned NOT NULL default '0',
  `last_ip` varchar(45) NOT NULL default '',
  `last_agent` varchar(255) NOT NULL default '',
  `last_openid` varchar(255) NOT NULL default '',
  PRIMARY KEY  (`userid`),
  UNIQUE KEY `username` (`username`),
  UNIQUE KEY `md5username` (`md5username`),
  UNIQUE KEY `email` (`email`)
) ENGINE=MyISAM AUTO_INCREMENT=3 DEFAULT CHARSET=utf8	;
#	TD`nv3_users`utf8_general_ci	;
INSERT INTO `nv3_users` VALUES 
(1,'admin','21232f297a57a5a743894a0e4a801fc3','7a9e9349b2706e60b268d02bb4bb002a08c0b442','thptso1laocai@gmail.com','admin','M','uploads/users/haaui.jpg',0,'',1316054792,'','','','','','','11111','111111','',0,1,'',1,'07bfb6c1a8c466e53a929c4c77c1fbfb44795631',1316089319,'127.0.0.1','Mozilla/5.0 (Windows NT 6.1; rv:6.0.2) Gecko/20100101 Firefox/6.0.2','')	;
#	TC`nv3_users_config`utf8_general_ci	;
CREATE TABLE `nv3_users_config` (
  `config` varchar(100) NOT NULL,
  `content` mediumtext NOT NULL,
  `edit_time` int(11) unsigned NOT NULL default '0',
  PRIMARY KEY  (`config`)
) ENGINE=MyISAM DEFAULT CHARSET=utf8	;
#	TD`nv3_users_config`utf8_general_ci	;
INSERT INTO `nv3_users_config` VALUES 
('registertype','1',1316054767),
('deny_email','yoursite.com|mysite.com|localhost|xxx',1316054767),
('deny_name','anonimo|anonymous|god|linux|nobody|operator|root',1316054767),
('siteterms_vi','<p> Để trở thành thành viên, bạn phải cam kết đồng ý với các điều khoản dưới đây. Chúng tôi có thể thay đổi lại những điều khoản này vào bất cứ lúc nào và chúng tôi sẽ cố gắng thông báo đến bạn kịp thời.<br  /> <br  /> Bạn cam kết không gửi bất cứ bài viết có nội dung lừa đảo, thô tục, thiếu văn hoá; vu khống, khiêu khích, đe doạ người khác; liên quan đến các vấn đề tình dục hay bất cứ nội dung nào vi phạm luật pháp của quốc gia mà bạn đang sống, luật pháp của quốc gia nơi đặt máy chủ của website này hay luật pháp quốc tế. Nếu vẫn cố tình vi phạm, ngay lập tức bạn sẽ bị cấm tham gia vào website. Địa chỉ IP của tất cả các bài viết đều được ghi nhận lại để bảo vệ các điều khoản cam kết này trong trường hợp bạn không tuân thủ.<br  /> <br  /> Bạn đồng ý rằng website có quyền gỡ bỏ, sửa, di chuyển hoặc khoá bất kỳ bài viết nào trong website vào bất cứ lúc nào tuỳ theo nhu cầu công việc.<br  /> <br  /> Đăng ký làm thành viên của chúng tôi, bạn cũng phải đồng ý rằng, bất kỳ thông tin cá nhân nào mà bạn cung cấp đều được lưu trữ trong cơ sở dữ liệu của hệ thống. Mặc dù những thông tin này sẽ không được cung cấp cho bất kỳ người thứ ba nào khác mà không được sự đồng ý của bạn, chúng tôi không chịu trách nhiệm về việc những thông tin cá nhân này của bạn bị lộ ra bên ngoài từ những kẻ phá hoại có ý đồ xấu tấn công vào cơ sở dữ liệu của hệ thống.</p>',1274757129),
('siteterms_en','<p style=\"text-align:center;\"> <strong>Website usage terms and conditions – sample template</strong></p><p> Welcome to our website. If you continue to browse and use this website you are agreeing to comply with and be bound by the following terms and conditions of use, which together with our privacy policy govern [business name]’s relationship with you in relation to this website.<br  /> The term ‘[business name]’ or ‘us’ or ‘we’ refers to the owner of the website whose registered office is [address]. Our company registration number is [company registration number and place of registration]. The term ‘you’ refers to the user or viewer of our website.<br  /> The use of this website is subject to the following terms of use:<br  /> • The content of the pages of this website is for your general information and use only. It is subject to change without notice.<br  /> • Neither we nor any third parties provide any warranty or guarantee as to the accuracy, timeliness, performance, completeness or suitability of the information and materials found or offered on this website for any particular purpose. You acknowledge that such information and materials may contain inaccuracies or errors and we expressly exclude liability for any such inaccuracies or errors to the fullest extent permitted by law.<br  /> • Your use of any information or materials on this website is entirely at your own risk, for which we shall not be liable. It shall be your own responsibility to ensure that any products, services or information available through this website meet your specific requirements.<br  /> • This website contains material which is owned by or licensed to us. This material includes, but is not limited to, the design, layout, look, appearance and graphics. Reproduction is prohibited other than in accordance with the copyright notice, which forms part of these terms and conditions.<br  /> • All trademarks reproduced in this website, which are not the property of, or licensed to the operator, are acknowledged on the website.<br  /> • Unauthorised use of this website may give rise to a claim for damages and/or be a criminal offence.<br  /> • fr0m time to time this website may also include links to other websites. These links are provided for your convenience to provide further information. They do not signify that we endorse the website(s). We have no responsibility for the content of the linked website(s).<br  /> • You may not crea-te a link to this website fr0m another website or document without [business name]’s prior written consent.<br  /> • Your use of this website and any dispute arising out of such use of the website is subject to the laws of England, Scotland and Wales.</p>',1274757617)	;
#	TC`nv3_users_openid`utf8_general_ci	;
CREATE TABLE `nv3_users_openid` (
  `userid` mediumint(8) unsigned NOT NULL default '0',
  `openid` varchar(255) NOT NULL default '',
  `opid` varchar(50) NOT NULL default '',
  `email` varchar(100) NOT NULL default '',
  PRIMARY KEY  (`opid`),
  KEY `userid` (`userid`),
  KEY `email` (`email`)
) ENGINE=MyISAM DEFAULT CHARSET=utf8	;
#	TD`nv3_users_openid`utf8_general_ci	;
INSERT INTO `nv3_users_openid` VALUES 
(1,'https://www.google.com/accounts/o8/id?id=AItOawkELImBYcHexkgcTsZe0MIeeSRAOIP7fvs','e9403fb0bd26d06d769aeca0655eb57a046287f5','thptso1laocai@gmail.com')	;
#	TC`nv3_users_question`utf8_general_ci	;
CREATE TABLE `nv3_users_question` (
  `qid` mediumint(8) unsigned NOT NULL auto_increment,
  `title` varchar(255) NOT NULL default '',
  `lang` char(2) NOT NULL default '',
  `weight` mediumint(8) unsigned NOT NULL default '0',
  `add_time` int(11) unsigned NOT NULL default '0',
  `edit_time` int(11) unsigned NOT NULL default '0',
  PRIMARY KEY  (`qid`),
  UNIQUE KEY `title` (`title`,`lang`)
) ENGINE=MyISAM AUTO_INCREMENT=17 DEFAULT CHARSET=utf8	;
#	TD`nv3_users_question`utf8_general_ci	;
INSERT INTO `nv3_users_question` VALUES 
(1,'Bạn thích môn thể thao nào nhất','vi',1,1274840238,1274840238),
(2,'Món ăn mà bạn yêu thích','vi',2,1274840250,1274840250),
(3,'Thần tượng điện ảnh của bạn','vi',3,1274840257,1274840257),
(4,'Bạn thích nhạc sỹ nào nhất','vi',4,1274840264,1274840264),
(5,'Quê ngoại của bạn ở đâu','vi',5,1274840270,1274840270),
(6,'Tên cuốn sách &quot;gối đầu giường&quot;','vi',6,1274840278,1274840278),
(7,'Ngày lễ mà bạn luôn mong đợi','vi',7,1274840285,1274840285),
(8,'What is the first name of your favorite uncle?','en',1,1274841115,1274841115),
(9,'whe-re did you meet your spouse','en',2,1274841123,1274841123),
(10,'What is your oldest cousin&#039;s name?','en',3,1274841131,1274841131),
(11,'What is your youngest child&#039;s username?','en',4,1274841142,1274841142),
(12,'What is your oldest child&#039;s username?','en',5,1274841150,1274841150),
(13,'What is the first name of your oldest niece?','en',6,1274841158,1274841158),
(14,'What is the first name of your oldest nephew?','en',7,1274841167,1274841167),
(15,'What is the first name of your favorite aunt?','en',8,1274841175,1274841175),
(16,'whe-re did you spend your honeymoon?','en',9,1274841183,1274841183)	;
#	TC`nv3_users_reg`utf8_general_ci	;
CREATE TABLE `nv3_users_reg` (
  `userid` mediumint(8) unsigned NOT NULL auto_increment,
  `username` varchar(100) NOT NULL default '',
  `md5username` char(32) NOT NULL default '',
  `password` varchar(50) NOT NULL default '',
  `email` varchar(100) NOT NULL default '',
  `full_name` varchar(255) NOT NULL default '',
  `regdate` int(11) unsigned NOT NULL default '0',
  `question` varchar(255) NOT NULL,
  `answer` varchar(255) NOT NULL default '',
  `checknum` varchar(50) NOT NULL default '',
  PRIMARY KEY  (`userid`),
  UNIQUE KEY `login` (`username`),
  UNIQUE KEY `md5username` (`md5username`),
  UNIQUE KEY `email` (`email`)
) ENGINE=MyISAM DEFAULT CHARSET=utf8	;
#	TC`nv3_vi_albums_album`utf8_general_ci	;
CREATE TABLE `nv3_vi_albums_album` (
  `albumid` int(11) NOT NULL auto_increment,
  `weight` int(11) NOT NULL default '0',
  `name` varchar(255) default '',
  `description` varchar(255) default '',
  `createddate` timestamp NOT NULL default CURRENT_TIMESTAMP,
  `num_photo` int(11) NOT NULL default '0',
  `path_img` varchar(255) NOT NULL default '',
  `num_view` int(11) NOT NULL default '0',
  `alias` text NOT NULL,
  `active` int(11) NOT NULL default '0',
  PRIMARY KEY  (`albumid`),
  KEY `Name` (`name`)
) ENGINE=MyISAM AUTO_INCREMENT=2 DEFAULT CHARSET=utf8	;
#	TD`nv3_vi_albums_album`utf8_general_ci	;
INSERT INTO `nv3_vi_albums_album` VALUES 
(1,1,'Hoạt động khai giảng năm học','','2011-09-22 19:15:25',1,'khai-giang.jpg',0,'Hoat-dong-khai-giang-nam-hoc',1)	;
#	TC`nv3_vi_albums_picture`utf8_general_ci	;
CREATE TABLE `nv3_vi_albums_picture` (
  `pictureid` int(11) NOT NULL auto_increment,
  `name` varchar(255) default '',
  `path` varchar(255) NOT NULL default '',
  `description` text,
  `numview` int(11) NOT NULL default '0',
  `thumb_name` varchar(255) default '',
  `albumid` int(11) NOT NULL default '0',
  `weight` int(11) NOT NULL default '0',
  PRIMARY KEY  (`pictureid`),
  KEY `Name` (`name`),
  KEY `albumid` (`albumid`)
) ENGINE=MyISAM AUTO_INCREMENT=2 DEFAULT CHARSET=utf8	;
#	TD`nv3_vi_albums_picture`utf8_general_ci	;
INSERT INTO `nv3_vi_albums_picture` VALUES 
(1,'Thầy Đỗ Minh Tâm phát biểu khai giảng','01.jpg','',0,'thumb/01.jpg',1,1)	;
#	TC`nv3_vi_blocks_groups`utf8_general_ci	;
CREATE TABLE `nv3_vi_blocks_groups` (
  `bid` int(11) unsigned NOT NULL auto_increment,
  `theme` varchar(55) NOT NULL,
  `module` varchar(55) NOT NULL,
  `file_name` varchar(55) default NULL,
  `title` varchar(255) default NULL,
  `link` varchar(255) default NULL,
  `template` varchar(55) default NULL,
  `position` varchar(55) default NULL,
  `exp_time` int(11) default '0',
  `active` tinyint(4) default '0',
  `groups_view` varchar(255) default '',
  `all_func` tinyint(4) NOT NULL default '0',
  `weight` int(11) NOT NULL default '0',
  `config` text,
  PRIMARY KEY  (`bid`),
  KEY `theme` (`theme`),
  KEY `module` (`module`),
  KEY `position` (`position`),
  KEY `exp_time` (`exp_time`)
) ENGINE=MyISAM AUTO_INCREMENT=39 DEFAULT CHARSET=utf8	;
#	TD`nv3_vi_blocks_groups`utf8_general_ci	;
INSERT INTO `nv3_vi_blocks_groups` VALUES 
(1,'default','news','global.block_category.php','Menu','','','[LEFT]',0,1,'0',1,1,'a:1:{s:12:\"title_length\";i:22;}'),
(2,'default','statistics','global.counter.php','Thống kê truy cập','','','[LEFT]',0,1,'0',1,2,''),
(5,'default','users','global.login.php','Thành viên','','','[RIGHT]',0,1,'0',1,1,''),
(6,'default','voting','global.voting_random.php','Thăm dò ý kiến','','','[RIGHT]',0,1,'0',1,2,''),
(7,'default','news','module.block_headline.php','Tin nổi bật','','no_title','[TOP]',0,1,'0',0,1,''),
(8,'default','banners','global.banners.php','Quảng cáo giữa trang','','no_title','[TOP]',0,1,'0',0,2,'a:1:{s:12:\"idplanbanner\";i:1;}'),
(9,'modern','news','module.block_newscenter.php','Tin mới','','no_title','[HEADER]',0,1,'0',0,1,''),
(11,'modern','users','global.login.php','Đăng nhập','','','[RIGHT]',0,1,'0',1,2,''),
(12,'modern','voting','global.voting_random.php','Thăm dò ý kiến','','','[RIGHT]',0,1,'0',1,3,''),
(13,'modern','statistics','global.counter.php','Bộ đếm','','','[RIGHT]',0,1,'0',1,4,''),
(14,'modern','news','module.block_newsright.php','News Right','','no_title','[RIGHT]',0,1,'0',0,5,''),
(15,'modern','banners','global.banners.php','Quảng cáo top banner','','no_title','[TOPADV]',0,1,'0',1,1,'a:1:{s:12:\"idplanbanner\";i:1;}'),
(16,'modern','menu','global.menu_theme_modern.php','global menu theme modern','','no_title','[MENU_SITE]',0,1,'0',1,1,''),
(17,'default','menu','global.menu_theme_default.php','global menu theme default','','no_title','[MENU_SITE]',0,1,'0',1,1,''),
(18,'modern','global','global.html.php','footer site','','no_title','[FOOTER_SITE]',0,1,'0',1,1,'a:1:{s:11:\"htmlcontent\";s:216:\"<p> © Copyright NukeViet 3. All right reserved.</p><p> Powered by <a href=\"http://nukeviet.vn/\" title=\"NukeViet CMS\">NukeViet CMS</a>. Design by <a href=\"http://vinades.vn/\" title=\"VINADES.,JSC\">VINADES.,JSC</a></p>\";}'),
(19,'default','global','global.html.php','footer site','','no_title','[FOOTER_SITE]',0,1,'0',1,1,'a:1:{s:11:\"htmlcontent\";s:244:\"<div style=\"text-align: center;\"> <span style=\"color:rgb(255, 0, 255);\"><b>BẢN QUYỀN THUỘC VỀ TRƯỜNG THPT SỐ 1 TP.LÀO CAI - TỈNH LÀO CAI </b><br  /> Tel: 0203.842.843 - Fax: 0203.842.843 - thptlaocai1@laocai.edu.vn</span></div>\";}'),
(20,'ThaiHoa','news','global.block_category.php','Menu','','','[LEFT]',0,1,'0',0,1,'a:1:{s:12:\"title_length\";i:25;}'),
(21,'ThaiHoa','statistics','global.counter.php','Thống kê truy cập','','','[LEFT]',0,1,'0',1,2,''),
(22,'ThaiHoa','banners','global.banners.php','Quảng cáo trái','','','[LEFT]',0,1,'0',1,3,'a:1:{s:12:\"idplanbanner\";i:2;}'),
(24,'ThaiHoa','users','global.login.php','Đăng nhập thành viên','','','[RIGHT]',0,1,'0',1,2,''),
(25,'ThaiHoa','voting','global.voting_random.php','Thăm dò ý kiến','','','[RIGHT]',0,1,'0',1,3,''),
(26,'ThaiHoa','news','module.block_headline.php','Tin nổi bật','','no_title','[TOP]',0,1,'0',0,1,''),
(27,'ThaiHoa','banners','global.banners.php','Quảng cáo giữa trang','','no_title','[TOP]',0,1,'0',1,2,'a:1:{s:12:\"idplanbanner\";i:1;}'),
(30,'default','global','global.html.php','global html','','no_title','[RIGHT]',0,1,'0',1,3,'a:1:{s:11:\"htmlcontent\";s:150:\"<div style=\"text-align: center;\"> <a href=\"tkb\" target=\"_blank\"><img alt=\"\" src=\"/lc/uploads/tkb.jpg\" style=\"width: 159px; height: 99px;\" /></a></div>\";}'),
(31,'default','banners','global.banners.php','global banners','','no_title','[RIGHT]',0,1,'0',1,5,'a:1:{s:12:\"idplanbanner\";i:3;}'),
(33,'default','banners','global.banners.php','global banners','','no_title','[LEFT]',0,1,'0',1,3,'a:1:{s:12:\"idplanbanner\";i:2;}'),
(37,'default','global','global.albums.php','global albums','','no_title','[RIGHT]',0,1,'0',1,4,'')	;
#	TC`nv3_vi_blocks_weight`utf8_general_ci	;
CREATE TABLE `nv3_vi_blocks_weight` (
  `bid` int(11) NOT NULL default '0',
  `func_id` int(11) NOT NULL default '0',
  `weight` int(11) NOT NULL default '0',
  UNIQUE KEY `bid` (`bid`,`func_id`)
) ENGINE=MyISAM DEFAULT CHARSET=utf8	;
#	TD`nv3_vi_blocks_weight`utf8_general_ci	;
INSERT INTO `nv3_vi_blocks_weight` VALUES 
(1,5,1),
(1,6,1),
(1,7,1),
(1,13,1),
(1,15,1),
(1,16,1),
(2,2,1),
(2,36,1),
(2,39,1),
(2,42,1),
(2,43,1),
(2,27,2),
(2,5,2),
(2,6,2),
(2,7,2),
(2,13,2),
(2,15,2),
(2,16,2),
(2,47,1),
(2,46,1),
(2,28,1),
(2,29,1),
(2,30,1),
(2,31,1),
(2,32,1),
(2,33,1),
(2,34,1),
(2,17,1),
(2,25,1),
(2,24,2),
(2,23,1),
(2,22,1),
(2,21,1),
(2,20,1),
(2,19,1),
(2,18,1),
(2,26,1),
(19,64,1),
(5,2,1),
(5,36,1),
(5,39,1),
(5,42,1),
(5,43,1),
(5,27,1),
(5,5,1),
(5,6,1),
(5,7,3),
(5,13,1),
(5,15,1),
(5,16,1),
(5,47,1),
(5,46,1),
(5,28,1),
(5,29,1),
(5,30,1),
(5,31,1),
(5,32,1),
(5,33,1),
(5,34,1),
(5,17,1),
(5,25,1),
(5,24,3),
(5,23,1),
(5,22,1),
(5,21,1),
(5,20,1),
(5,19,1),
(5,18,1),
(5,26,1),
(6,2,2),
(6,36,2),
(6,39,2),
(6,42,2),
(6,43,2),
(6,27,2),
(6,5,2),
(6,6,2),
(6,7,5),
(6,13,2),
(6,15,2),
(6,16,2),
(6,47,2),
(6,46,2),
(6,28,2),
(6,29,2),
(6,30,2),
(6,31,2),
(6,32,2),
(6,33,2),
(6,34,2),
(6,17,2),
(6,25,2),
(6,24,4),
(6,23,2),
(6,22,2),
(6,21,2),
(6,20,2),
(6,19,2),
(6,18,2),
(6,26,2),
(7,7,1),
(8,7,2),
(9,7,1),
(11,2,2),
(11,36,2),
(11,39,2),
(11,42,2),
(11,43,2),
(11,27,2),
(11,5,2),
(11,6,2),
(11,7,2),
(11,13,2),
(11,15,2),
(11,16,2),
(11,47,2),
(11,46,2),
(11,28,2),
(11,29,2),
(11,30,2),
(11,31,2),
(11,32,2),
(11,33,2),
(11,34,2),
(11,17,2),
(11,25,2),
(11,24,2),
(11,23,2),
(11,22,2),
(11,21,2),
(11,20,2),
(11,19,2),
(11,18,2),
(11,26,2),
(12,2,3),
(12,36,3),
(12,39,3),
(12,42,3),
(12,43,3),
(12,27,3),
(12,5,3),
(12,6,3),
(12,7,3),
(12,13,3),
(12,15,3),
(12,16,3),
(12,47,3),
(12,46,3),
(12,28,3),
(12,29,3),
(12,30,3),
(12,31,3),
(12,32,3),
(12,33,3),
(12,34,3),
(12,17,3),
(12,25,3),
(12,24,3),
(12,23,3),
(12,22,3),
(12,21,3),
(12,20,3),
(12,19,3),
(12,18,3),
(12,26,3),
(13,2,4),
(13,36,4),
(13,39,4),
(13,42,4),
(13,43,4),
(13,27,4),
(13,5,4),
(13,6,4),
(13,7,4),
(13,13,4),
(13,15,4),
(13,16,4),
(13,47,4),
(13,46,4),
(13,28,4),
(13,29,4),
(13,30,4),
(13,31,4),
(13,32,4),
(13,33,4),
(13,34,4),
(13,17,4),
(13,25,4),
(13,24,4),
(13,23,4),
(13,22,4),
(13,21,4),
(13,20,4),
(13,19,4),
(13,18,4),
(13,26,4),
(14,5,5),
(14,6,5),
(14,7,5),
(14,13,5),
(14,15,5),
(14,16,5),
(15,2,1),
(15,36,1),
(15,39,1),
(15,42,1),
(15,43,1),
(15,27,1),
(15,5,1),
(15,6,1),
(15,7,1),
(15,13,1),
(15,15,1),
(15,16,1),
(15,47,1),
(15,46,1),
(15,28,1),
(15,29,1),
(15,30,1),
(15,31,1),
(15,32,1),
(15,33,1),
(15,34,1),
(15,17,1),
(15,25,1),
(15,24,1),
(15,23,1),
(15,22,1),
(15,21,1),
(15,20,1),
(15,19,1),
(15,18,1),
(15,26,1),
(16,2,1),
(16,36,1),
(16,39,1),
(16,42,1),
(16,43,1),
(16,27,1),
(16,5,1),
(16,6,1),
(16,7,1),
(16,13,1),
(16,15,1),
(16,16,1),
(16,47,1),
(16,46,1),
(16,33,1),
(16,32,1),
(16,30,1),
(16,29,1),
(16,31,1),
(16,28,1),
(16,34,1),
(16,24,1),
(16,20,1),
(16,21,1),
(16,26,1),
(16,23,1),
(16,18,1),
(16,25,1),
(16,17,1),
(16,22,1),
(16,19,1),
(17,2,1),
(17,36,1),
(17,39,1),
(17,42,1),
(17,43,1),
(17,27,1),
(17,5,1),
(17,6,1),
(17,7,1),
(17,13,1),
(17,15,1),
(17,16,1),
(17,47,1),
(17,46,1),
(17,33,1),
(17,32,1),
(17,30,1),
(17,29,1),
(17,31,1),
(17,28,1),
(17,34,1),
(17,24,1),
(17,20,1),
(17,21,1),
(17,26,1),
(17,23,1),
(17,18,1),
(17,25,1),
(17,17,1),
(17,22,1),
(17,19,1),
(18,2,1),
(18,36,1),
(18,39,1),
(18,42,1),
(18,43,1),
(18,27,1),
(18,5,1),
(18,6,1),
(18,7,1),
(18,13,1),
(18,15,1),
(18,16,1),
(18,47,1),
(18,46,1),
(18,33,1),
(18,32,1),
(18,30,1),
(18,29,1),
(18,31,1),
(18,28,1),
(18,34,1),
(18,24,1),
(18,20,1),
(18,21,1),
(18,26,1),
(18,23,1),
(18,18,1),
(18,25,1),
(18,17,1),
(18,22,1),
(18,19,1),
(19,36,1),
(19,39,1),
(19,42,1),
(19,43,1),
(19,27,1),
(19,5,1),
(19,6,1),
(19,7,1),
(19,13,1),
(19,15,1),
(19,16,1),
(19,47,1),
(19,46,1),
(19,33,1),
(19,32,1),
(19,30,1),
(19,29,1),
(19,31,1),
(19,28,1),
(19,34,1),
(19,24,1),
(19,20,1),
(19,21,1),
(19,26,1),
(19,23,1),
(19,18,1),
(19,25,1),
(19,17,1),
(19,22,1),
(19,19,1),
(19,48,1),
(2,48,1),
(17,48,1),
(5,48,1),
(6,48,2),
(18,48,1),
(16,48,1),
(11,48,2),
(12,48,3),
(13,48,4),
(15,48,1),
(20,5,1),
(20,6,1),
(20,7,1),
(20,13,1),
(20,15,1),
(20,16,1),
(21,2,1),
(21,5,2),
(21,6,2),
(21,7,2),
(21,13,2),
(21,15,2),
(21,16,2),
(21,17,1),
(21,18,1),
(21,19,1),
(21,20,1),
(21,21,1),
(21,22,1),
(21,23,1),
(21,24,1),
(21,25,1),
(21,26,1),
(21,27,1),
(21,28,1),
(21,29,1),
(21,30,1),
(21,31,1),
(21,32,1),
(21,33,1),
(21,34,1),
(21,36,1),
(21,39,1),
(21,42,1),
(21,43,1),
(21,46,1),
(21,47,1),
(21,48,1),
(22,2,2),
(22,5,3),
(22,6,3),
(22,7,3),
(22,13,3),
(22,15,3),
(22,16,3),
(22,17,2),
(22,18,2),
(22,19,2),
(22,20,2),
(22,21,2),
(22,22,2),
(22,23,2),
(22,24,2),
(22,25,2),
(22,26,2),
(22,27,2),
(22,28,2),
(22,29,2),
(22,30,2),
(22,31,2),
(22,32,2),
(22,33,2),
(22,34,2),
(22,36,2),
(22,39,2),
(22,42,2),
(22,43,2),
(22,46,2),
(22,47,2),
(22,48,2),
(24,2,2),
(24,5,2),
(24,6,2),
(24,7,2),
(24,13,2),
(24,15,2),
(24,16,2),
(24,17,2),
(24,18,2),
(24,19,2),
(24,20,2),
(24,21,2),
(24,22,2),
(24,23,2),
(24,24,2),
(24,25,2),
(24,26,2),
(24,27,2),
(24,28,2),
(24,29,2),
(24,30,2),
(24,31,2),
(24,32,2),
(24,33,2),
(24,34,2),
(24,36,2),
(24,39,2),
(24,42,2),
(24,43,2),
(24,46,2),
(24,47,2),
(24,48,2),
(25,2,3),
(25,5,3),
(25,6,3),
(25,7,3),
(25,13,3),
(25,15,3),
(25,16,3),
(25,17,3),
(25,18,3),
(25,19,3),
(25,20,3),
(25,21,3),
(25,22,3),
(25,23,3),
(25,24,3),
(25,25,3),
(25,26,3),
(25,27,3),
(25,28,3),
(25,29,3),
(25,30,3),
(25,31,3),
(25,32,3),
(25,33,3),
(25,34,3),
(25,36,3),
(25,39,3),
(25,42,3),
(25,43,3),
(25,46,3),
(25,47,3),
(25,48,3),
(26,7,1),
(27,2,1),
(27,5,1),
(27,6,1),
(27,7,2),
(27,13,1),
(27,15,1),
(27,16,1),
(27,17,1),
(27,18,1),
(27,19,1),
(27,20,1),
(27,21,1),
(27,22,1),
(27,23,1),
(27,24,1),
(27,25,1),
(27,26,1),
(27,27,1),
(27,28,1),
(27,29,1),
(27,30,1),
(27,31,1),
(27,32,1),
(27,33,1),
(27,34,1),
(27,36,1),
(27,39,1),
(27,42,1),
(27,43,1),
(27,46,1),
(27,47,1),
(27,48,1),
(19,51,1),
(19,57,1),
(19,58,1),
(19,49,1),
(19,56,1),
(19,52,1),
(19,54,1),
(2,51,2),
(2,57,1),
(2,58,1),
(2,49,1),
(2,56,1),
(2,52,1),
(2,54,1),
(17,51,1),
(17,57,1),
(17,58,1),
(17,49,1),
(17,56,1),
(17,52,1),
(17,54,1),
(5,51,3),
(5,57,1),
(5,58,1),
(5,49,1),
(5,56,1),
(5,52,1),
(5,54,1),
(6,51,4),
(6,57,2),
(6,58,2),
(6,49,2),
(6,56,2),
(6,52,2),
(6,54,2),
(18,51,1),
(18,57,1),
(18,58,1),
(18,49,1),
(18,56,1),
(18,52,1),
(18,54,1),
(16,51,1),
(16,57,1),
(16,58,1),
(16,49,1),
(16,56,1),
(16,52,1),
(16,54,1),
(11,51,2),
(11,57,2),
(11,58,2),
(11,49,2),
(11,56,2),
(11,52,2),
(11,54,2),
(12,51,3),
(12,57,3),
(12,58,3),
(12,49,3),
(12,56,3),
(12,52,3),
(12,54,3),
(13,51,4),
(13,57,4),
(13,58,4),
(13,49,4),
(13,56,4),
(13,52,4),
(13,54,4),
(15,51,1),
(15,57,1),
(15,58,1),
(15,49,1),
(15,56,1),
(15,52,1),
(15,54,1),
(21,51,1),
(21,57,1),
(21,58,1),
(21,49,1),
(21,56,1),
(21,52,1),
(21,54,1),
(22,51,2),
(22,57,2),
(22,58,2),
(22,49,2),
(22,56,2),
(22,52,2),
(22,54,2),
(24,51,2),
(24,57,2),
(24,58,2),
(24,49,2),
(24,56,2),
(24,52,2),
(24,54,2),
(25,51,3),
(25,57,3),
(25,58,3),
(25,49,3),
(25,56,3),
(25,52,3),
(25,54,3),
(27,51,1),
(27,57,1),
(27,58,1),
(27,49,1),
(27,56,1),
(27,52,1),
(27,54,1),
(19,60,1),
(19,59,1),
(19,61,1),
(2,60,2),
(2,59,1),
(2,61,1),
(17,60,1),
(17,59,1),
(17,61,1),
(5,60,3),
(5,59,1),
(5,61,1),
(6,60,4),
(6,59,2),
(6,61,2),
(18,60,1),
(18,59,1),
(18,61,1),
(16,60,1),
(16,59,1),
(16,61,1),
(11,60,2),
(11,59,2),
(11,61,2),
(12,60,3),
(12,59,3),
(12,61,3),
(13,60,4),
(13,59,4),
(13,61,4),
(15,60,1),
(15,59,1),
(15,61,1),
(21,60,1),
(21,59,1),
(21,61,1),
(22,60,2),
(22,59,2),
(22,61,2),
(24,60,2),
(24,59,2),
(24,61,2),
(25,60,3),
(25,59,3),
(25,61,3),
(27,60,1),
(27,59,1),
(27,61,1),
(19,62,1),
(2,62,1),
(17,62,1),
(5,62,1),
(6,62,2),
(18,62,1),
(16,62,1),
(11,62,2),
(12,62,3),
(13,62,4),
(15,62,1),
(21,62,1),
(22,62,2),
(24,62,2),
(25,62,3),
(27,62,1),
(19,63,1),
(2,63,1),
(17,63,1),
(5,63,1),
(6,63,2),
(18,63,1),
(16,63,1),
(11,63,2),
(12,63,3),
(13,63,4),
(15,63,1),
(21,63,1),
(22,63,2),
(24,63,2),
(25,63,3),
(27,63,1),
(2,64,1),
(17,64,1),
(5,64,1),
(6,64,2),
(18,64,1),
(16,64,1),
(11,64,1),
(12,64,2),
(13,64,3),
(15,64,1),
(21,64,1),
(22,64,2),
(24,64,1),
(25,64,2),
(27,64,1),
(30,36,3),
(30,39,3),
(30,42,3),
(30,43,3),
(30,27,3),
(30,51,1),
(30,57,3),
(30,58,3),
(30,49,3),
(30,56,3),
(30,52,3),
(30,54,3),
(30,5,3),
(30,6,3),
(30,7,1),
(30,13,3),
(30,15,3),
(30,16,3),
(30,47,3),
(30,46,3),
(30,33,3),
(30,32,3),
(30,30,3),
(30,29,3),
(30,31,3),
(30,28,3),
(30,34,3),
(30,60,1),
(30,59,3),
(30,61,3),
(30,48,3),
(30,24,1),
(30,20,3),
(30,21,3),
(30,26,3),
(30,23,3),
(30,18,3),
(30,25,3),
(30,17,3),
(30,22,3),
(30,19,3),
(1,36,2),
(1,39,2),
(1,42,2),
(1,43,2),
(1,27,1),
(1,51,1),
(1,57,2),
(1,58,2),
(1,49,2),
(1,56,2),
(1,52,2),
(1,54,2),
(1,47,2),
(1,46,2),
(1,33,2),
(1,32,2),
(1,30,2),
(1,29,2),
(1,31,2),
(1,28,2),
(1,34,2),
(1,60,1),
(1,59,2),
(1,61,2),
(1,48,2),
(1,24,1),
(1,20,2),
(1,21,2),
(1,26,2),
(1,23,2),
(1,18,2),
(1,25,2),
(1,17,2),
(1,22,2),
(1,19,2),
(31,36,4),
(31,39,4),
(31,42,4),
(31,43,4),
(31,27,4),
(31,51,2),
(31,57,4),
(31,58,4),
(31,49,4),
(31,56,4),
(31,52,4),
(31,54,4),
(31,5,4),
(31,6,4),
(31,7,4),
(31,13,4),
(31,15,4),
(31,16,4),
(31,47,4),
(31,46,4),
(31,33,4),
(31,32,4),
(31,30,4),
(31,29,4),
(31,31,4),
(31,28,4),
(31,34,4),
(31,60,2),
(31,59,4),
(31,61,4),
(31,48,4),
(31,24,2),
(31,20,4),
(31,21,4),
(31,26,4),
(31,23,4),
(31,18,4),
(31,25,4),
(31,17,4),
(31,22,4),
(31,19,4),
(33,36,3),
(33,39,3),
(33,42,3),
(33,43,3),
(33,27,3),
(33,51,3),
(33,57,3),
(33,58,3),
(33,49,3),
(33,56,3),
(33,52,3),
(33,54,3),
(33,5,3),
(33,6,3),
(33,7,3),
(33,13,3),
(33,15,3),
(33,16,3),
(33,47,3),
(33,46,3),
(33,33,3),
(33,32,3),
(33,30,3),
(33,29,3),
(33,31,3),
(33,28,3),
(33,34,3),
(33,60,3),
(33,59,3),
(33,61,3),
(33,48,3),
(33,24,3),
(33,20,3),
(33,21,3),
(33,26,3),
(33,23,3),
(33,18,3),
(33,25,3),
(33,17,3),
(33,22,3),
(33,19,3),
(19,65,1),
(19,66,1),
(2,65,2),
(33,65,3),
(17,65,1),
(5,65,1),
(6,65,2),
(30,65,3),
(31,65,4),
(18,65,1),
(16,65,1),
(11,65,1),
(12,65,2),
(13,65,3),
(15,65,1),
(21,65,1),
(22,65,2),
(24,65,1),
(25,65,2),
(27,65,1),
(19,67,1),
(1,66,1),
(1,67,1),
(2,66,2),
(2,67,2),
(33,66,3),
(33,67,3),
(17,66,1),
(17,67,1),
(5,66,1),
(5,67,1),
(6,66,2),
(6,67,2),
(30,66,3),
(30,67,3),
(31,66,4),
(31,67,4),
(18,66,1),
(18,67,1),
(16,66,1),
(16,67,1),
(11,66,1),
(11,67,1),
(12,66,2),
(12,67,2),
(13,66,3),
(13,67,3),
(15,66,1),
(15,67,1),
(21,66,1),
(21,67,1),
(22,66,2),
(22,67,2),
(24,66,1),
(24,67,1),
(25,66,2),
(25,67,2),
(27,66,1),
(27,67,1),
(37,66,5),
(37,67,5),
(37,36,5),
(37,39,5),
(37,42,5),
(37,43,5),
(37,27,5),
(37,51,5),
(37,57,5),
(37,58,5),
(37,49,5),
(37,56,5),
(37,52,5),
(37,54,5),
(37,5,5),
(37,6,5),
(37,7,2),
(37,13,5),
(37,15,5),
(37,16,5),
(37,47,5),
(37,46,5),
(37,33,5),
(37,32,5),
(37,30,5),
(37,29,5),
(37,31,5),
(37,28,5),
(37,34,5),
(37,60,5),
(37,59,5),
(37,61,5),
(37,24,5),
(37,48,5),
(37,20,5),
(37,21,5),
(37,26,5),
(37,23,5),
(37,18,5),
(37,25,5),
(37,17,5),
(37,22,5),
(37,19,5),
(1,70,1),
(19,70,1),
(24,70,1),
(22,70,2),
(21,70,1),
(15,70,1),
(18,70,1),
(6,70,2),
(5,70,1),
(16,70,1),
(30,70,3),
(31,70,5),
(37,70,4),
(12,70,2),
(13,70,3),
(27,70,1),
(25,70,2),
(33,70,3),
(17,70,1),
(2,70,2),
(11,70,1)	;
#	TC`nv3_vi_contact_rows`utf8_general_ci	;
CREATE TABLE `nv3_vi_contact_rows` (
  `id` mediumint(8) unsigned NOT NULL auto_increment,
  `full_name` varchar(255) NOT NULL,
  `phone` varchar(255) NOT NULL,
  `fax` varchar(255) NOT NULL,
  `email` varchar(100) NOT NULL,
  `note` mediumtext NOT NULL,
  `admins` mediumtext NOT NULL,
  `act` tinyint(1) unsigned NOT NULL default '0',
  PRIMARY KEY  (`id`),
  UNIQUE KEY `full_name` (`full_name`)
) ENGINE=MyISAM AUTO_INCREMENT=2 DEFAULT CHARSET=utf8	;
#	TD`nv3_vi_contact_rows`utf8_general_ci	;
INSERT INTO `nv3_vi_contact_rows` VALUES 
(1,'Webmaster','','','','','1/1/1/0;',1)	;
#	TC`nv3_vi_contact_send`utf8_general_ci	;
CREATE TABLE `nv3_vi_contact_send` (
  `id` mediumint(8) unsigned NOT NULL auto_increment,
  `cid` mediumint(8) unsigned NOT NULL default '0',
  `title` varchar(255) NOT NULL,
  `content` mediumtext NOT NULL,
  `send_time` int(11) unsigned NOT NULL default '0',
  `sender_id` mediumint(8) unsigned NOT NULL default '0',
  `sender_name` varchar(100) NOT NULL,
  `sender_email` varchar(100) NOT NULL,
  `sender_phone` varchar(255) NOT NULL,
  `sender_ip` varchar(15) NOT NULL,
  `is_read` tinyint(1) unsigned NOT NULL default '0',
  `is_reply` tinyint(1) unsigned NOT NULL default '0',
  `reply_content` mediumtext NOT NULL,
  `reply_time` int(11) unsigned NOT NULL default '0',
  `reply_aid` mediumint(8) unsigned NOT NULL default '0',
  PRIMARY KEY  (`id`),
  KEY `sender_name` (`sender_name`)
) ENGINE=MyISAM DEFAULT CHARSET=utf8	;
#	TC`nv3_vi_counter`utf8_general_ci	;
CREATE TABLE `nv3_vi_counter` (
  `c_type` varchar(100) NOT NULL,
  `c_val` varchar(100) NOT NULL,
  `c_count` int(11) unsigned NOT NULL default '0',
  `last_update` int(11) NOT NULL default '0',
  UNIQUE KEY `c_type` (`c_type`,`c_val`)
) ENGINE=MyISAM DEFAULT CHARSET=utf8	;
#	TD`nv3_vi_counter`utf8_general_ci	;
INSERT INTO `nv3_vi_counter` VALUES 
('c_time','start',0,0),
('c_time','last',1318500653,0),
('total','hits',66,1318500653),
('year','2009',0,0),
('year','2010',0,0),
('year','2011',66,1318500653),
('year','2012',0,0),
('year','2013',0,0),
('year','2014',0,0),
('year','2015',0,0),
('year','2016',0,0),
('year','2017',0,0),
('year','2018',0,0),
('year','2019',0,0),
('year','2020',0,0),
('month','Jan',0,0),
('month','Feb',0,0),
('month','Mar',0,0),
('month','Apr',0,0),
('month','May',0,0),
('month','Jun',0,0),
('month','Jul',0,0),
('month','Aug',0,0),
('month','Sep',63,1317048441),
('month','Oct',3,1318500653),
('month','Nov',0,0),
('month','Dec',0,0),
('day','01',0,0),
('day','02',0,0),
('day','03',0,0),
('day','04',0,0),
('day','05',0,0),
('day','06',0,0),
('day','07',0,0),
('day','08',0,0),
('day','09',0,0),
('day','10',0,0),
('day','11',0,0),
('day','12',0,0),
('day','13',3,1318500653),
('day','14',0,0),
('day','15',0,1316103063),
('day','16',0,1316187322),
('day','17',0,1316246871),
('day','18',0,1316347785),
('day','19',0,1316438003),
('day','20',0,1316537011),
('day','21',0,1316611303),
('day','22',0,1316702222),
('day','23',0,1316788541),
('day','24',0,1316868462),
('day','25',0,0),
('day','26',0,1317048441),
('day','27',0,0),
('day','28',0,0),
('day','29',0,0),
('day','30',0,0),
('day','31',0,0),
('dayofweek','Sunday',4,1316347785),
('dayofweek','Monday',7,1317048441),
('dayofweek','Tuesday',3,1316537011),
('dayofweek','Wednesday',3,1316611303),
('dayofweek','Thursday',23,1318500653),
('dayofweek','Friday',21,1316788541),
('dayofweek','Saturday',5,1316868462),
('hour','00',0,0),
('hour','01',0,1316371198),
('hour','02',0,0),
('hour','03',0,1316379467),
('hour','04',0,0),
('hour','05',0,1316384042),
('hour','06',0,0),
('hour','07',0,1316134648),
('hour','08',0,1316655832),
('hour','09',0,1316658989),
('hour','10',0,1316488107),
('hour','11',0,1316750680),
('hour','12',0,1316668057),
('hour','13',0,1316588363),
('hour','14',0,1316675173),
('hour','15',0,1316419999),
('hour','16',0,1316769833),
('hour','17',3,1318500653),
('hour','18',0,1316173046),
('hour','19',0,1316868462),
('hour','20',0,1316611303),
('hour','21',0,1317048441),
('hour','22',0,1316187322),
('hour','23',0,1316537011),
('bot','Alexa',0,0),
('bot','AltaVista Scooter',0,0),
('bot','Altavista Mercator',0,0),
('bot','Altavista Search',0,0),
('bot','Aport.ru Bot',0,0),
('bot','Ask Jeeves',0,0),
('bot','Baidu',0,0),
('bot','Exabot',0,0),
('bot','FAST Enterprise',0,0),
('bot','FAST WebCrawler',0,0),
('bot','Francis',0,0),
('bot','Gigablast',0,0),
('bot','Google AdsBot',0,0),
('bot','Google Adsense',0,0),
('bot','Google Bot',6,1316384042),
('bot','Google Desktop',0,0),
('bot','Google Feedfetcher',0,0),
('bot','Heise IT-Markt',0,0),
('bot','Heritrix',0,0),
('bot','IBM Research',0,0),
('bot','ICCrawler - ICjobs',0,0),
('bot','Ichiro',0,0),
('bot','InfoSeek Spider',0,0),
('bot','Lycos.com Bot',0,0),
('bot','MSN Bot',0,0),
('bot','MSN Bot Media',0,0),
('bot','MSN Bot News',0,0),
('bot','MSN NewsBlogs',0,0),
('bot','Majestic-12',0,0),
('bot','Metager',0,0),
('bot','NG-Search',0,0),
('bot','Nutch Bot',0,0),
('bot','NutchCVS',0,0),
('bot','OmniExplorer',0,0),
('bot','Online Link Validator',0,0),
('bot','Open-source Web Search',0,0),
('bot','Psbot',0,0),
('bot','Rambler',0,0),
('bot','SEO Crawler',0,0),
('bot','SEOSearch',0,0),
('bot','Seekport',0,0),
('bot','Sensis',0,0),
('bot','Seoma',0,0),
('bot','Snappy',0,0),
('bot','Steeler',0,0),
('bot','Synoo',0,0),
('bot','Telekom',0,0),
('bot','TurnitinBot',0,0),
('bot','Vietnamese Search',0,0),
('bot','Voyager',0,0),
('bot','W3 Sitesearch',0,0),
('bot','W3C Linkcheck',0,0),
('bot','W3C Validator',0,0),
('bot','WiseNut',0,0),
('bot','YaCy',0,0),
('bot','Yahoo Bot',0,0),
('bot','Yahoo MMCrawler',0,0),
('bot','Yahoo Slurp',0,0),
('bot','YahooSeeker',0,0),
('bot','Yandex',0,0),
('bot','Yandex Blog',0,0),
('bot','Yandex Direct Bot',0,0),
('bot','Yandex Something',0,0),
('browser','netcaptor',0,0),
('browser','opera',0,0),
('browser','aol',0,0),
('browser','aol2',0,0),
('browser','mosaic',0,0),
('browser','k-meleon',0,0),
('browser','konqueror',0,0),
('browser','avantbrowser',0,0),
('browser','avantgo',0,0),
('browser','proxomitron',0,0),
('browser','chrome',11,1316343402),
('browser','safari',0,0),
('browser','lynx',0,0),
('browser','links',0,0),
('browser','galeon',0,0),
('browser','abrowse',0,0),
('browser','amaya',0,0),
('browser','ant',0,0),
('browser','aweb',0,0),
('browser','beonex',0,0),
('browser','blazer',0,0),
('browser','camino',0,0),
('browser','chimera',0,0),
('browser','columbus',0,0),
('browser','crazybrowser',0,0),
('browser','curl',0,0),
('browser','deepnet',0,0),
('browser','dillo',0,0),
('browser','doris',0,0),
('browser','elinks',0,0),
('browser','epiphany',0,0),
('browser','ibrowse',0,0),
('browser','icab',0,0),
('browser','ice',0,0),
('browser','isilox',0,0),
('browser','lotus',0,0),
('browser','lunascape',0,0),
('browser','maxthon',0,0),
('browser','mbrowser',0,0),
('browser','multibrowser',0,0),
('browser','nautilus',0,0),
('browser','netfront',0,0),
('browser','netpositive',0,0),
('browser','omniweb',0,0),
('browser','oregano',0,0),
('browser','phaseout',0,0),
('browser','plink',0,0),
('browser','phoenix',0,0),
('browser','shiira',0,0),
('browser','sleipnir',0,0),
('browser','slimbrowser',0,0),
('browser','staroffice',0,0),
('browser','sunrise',0,0),
('browser','voyager',0,0),
('browser','w3m',0,0),
('browser','webtv',0,0),
('browser','xiino',0,0),
('browser','explorer',5,1316750680),
('browser','firefox',42,1318500653),
('browser','netscape',0,0),
('browser','netscape2',0,0),
('browser','mozilla',0,0),
('browser','mozilla2',0,0),
('browser','firebird',0,0),
('browser','Mobile',2,1316094527),
('browser','Unknown',6,1316384042),
('os','windows7',40,1318500653),
('os','windowsvista',0,0),
('os','windows2003',0,0),
('os','windowsxp',0,0),
('os','windowsxp2',18,1316343402),
('os','windows2k',0,0),
('os','windows95',0,0),
('os','windowsce',0,0),
('os','windowsme',0,0),
('os','windowsme2',0,0),
('os','windowsnt',0,0),
('os','windowsnt2',0,0),
('os','windows98',0,0),
('os','windows',0,0),
('os','linux',0,0),
('os','linux2',0,0),
('os','linux3',0,0),
('os','macosx',0,0),
('os','macppc',0,0),
('os','mac',0,0),
('os','amiga',0,0),
('os','beos',0,0),
('os','freebsd',0,0),
('os','freebsd2',0,0),
('os','irix',0,0),
('os','netbsd',0,0),
('os','netbsd2',0,0),
('os','os2',0,0),
('os','os22',0,0),
('os','openbsd',0,0),
('os','openbsd2',0,0),
('os','palm',0,0),
('os','palm2',0,0),
('os','Unspecified',2,1316094527),
('country','AD',0,0),
('country','AE',0,0),
('country','AF',0,0),
('country','AG',0,0),
('country','AI',0,0),
('country','AL',0,0),
('country','AM',0,0),
('country','AN',0,0),
('country','AO',0,0),
('country','AQ',0,0),
('country','AR',0,0),
('country','AS',0,0),
('country','AT',0,0),
('country','AU',0,0),
('country','AW',0,0),
('country','AZ',0,0),
('country','BA',0,0),
('country','BB',0,0),
('country','BD',0,0),
('country','BE',0,0),
('country','BF',0,0),
('country','BG',0,0),
('country','BH',0,0),
('country','BI',0,0),
('country','BJ',0,0),
('country','BM',0,0),
('country','BN',0,0),
('country','BO',0,0),
('country','BR',0,0),
('country','BS',0,0),
('country','BT',0,0),
('country','BW',0,0),
('country','BY',0,0),
('country','BZ',0,0),
('country','CA',0,0),
('country','CD',0,0),
('country','CF',0,0),
('country','CG',0,0),
('country','CH',0,0),
('country','CI',0,0),
('country','CK',0,0),
('country','CL',0,0),
('country','CM',0,0),
('country','CN',0,0),
('country','CO',0,0),
('country','CR',0,0),
('country','CS',0,0),
('country','CU',0,0),
('country','CV',0,0),
('country','CY',0,0),
('country','CZ',0,0),
('country','DE',0,0),
('country','DJ',0,0),
('country','DK',0,0),
('country','DM',0,0),
('country','DO',0,0),
('country','DZ',0,0),
('country','EC',0,0),
('country','EE',0,0),
('country','EG',0,0),
('country','ER',0,0),
('country','ES',0,0),
('country','ET',0,0),
('country','EU',0,0),
('country','FI',0,0),
('country','FJ',0,0),
('country','FK',0,0),
('country','FM',0,0),
('country','FO',0,0),
('country','FR',0,0),
('country','GA',0,0),
('country','GB',0,0),
('country','GD',0,0),
('country','GE',0,0),
('country','GF',0,0),
('country','GH',0,0),
('country','GI',0,0),
('country','GL',0,0),
('country','GM',0,0),
('country','GN',0,0),
('country','GP',0,0),
('country','GQ',0,0),
('country','GR',0,0),
('country','GS',0,0),
('country','GT',0,0),
('country','GU',0,0),
('country','GW',0,0),
('country','GY',0,0),
('country','HK',0,0),
('country','HN',0,0),
('country','HR',0,0),
('country','HT',0,0),
('country','HU',0,0),
('country','ID',0,0),
('country','IE',0,0),
('country','IL',0,0),
('country','IN',0,0),
('country','IO',0,0),
('country','IQ',0,0),
('country','IR',0,0),
('country','IS',0,0),
('country','IT',0,0),
('country','JM',0,0),
('country','JO',0,0),
('country','JP',0,0),
('country','KE',0,0),
('country','KG',0,0),
('country','KH',0,0),
('country','KI',0,0),
('country','KM',0,0),
('country','KN',0,0),
('country','KR',0,0),
('country','KW',0,0),
('country','KY',0,0),
('country','KZ',0,0),
('country','LA',0,0),
('country','LB',0,0),
('country','LC',0,0),
('country','LI',0,0),
('country','LK',0,0),
('country','LR',0,0),
('country','LS',0,0),
('country','LT',0,0),
('country','LU',0,0),
('country','LV',0,0),
('country','LY',0,0),
('country','MA',0,0),
('country','MC',0,0),
('country','MD',0,0),
('country','MG',0,0),
('country','MH',0,0),
('country','MK',0,0),
('country','ML',0,0),
('country','MM',0,0),
('country','MN',0,0),
('country','MO',0,0),
('country','MP',0,0),
('country','MQ',0,0),
('country','MR',0,0),
('country','MT',0,0),
('country','MU',0,0),
('country','MV',0,0),
('country','MW',0,0),
('country','MX',0,0),
('country','MY',0,0),
('country','MZ',0,0),
('country','NA',0,0),
('country','NC',0,0),
('country','NE',0,0),
('country','NF',0,0),
('country','NG',0,0),
('country','NI',0,0),
('country','NL',0,0),
('country','NO',0,0),
('country','NP',0,0),
('country','NR',0,0),
('country','NU',0,0),
('country','NZ',0,0),
('country','OM',0,0),
('country','PA',0,0),
('country','PE',0,0),
('country','PF',0,0),
('country','PG',0,0),
('country','PH',0,0),
('country','PK',0,0),
('country','PL',0,0),
('country','PR',0,0),
('country','PS',0,0),
('country','PT',0,0),
('country','PW',0,0),
('country','PY',0,0),
('country','QA',0,0),
('country','RE',0,0),
('country','RO',0,0),
('country','RU',0,0),
('country','RW',0,0),
('country','SA',0,0),
('country','SB',0,0),
('country','SC',0,0),
('country','SD',0,0),
('country','SE',0,0),
('country','SG',0,0),
('country','SI',0,0),
('country','SK',0,0),
('country','SL',0,0),
('country','SM',0,0),
('country','SN',0,0),
('country','SO',0,0),
('country','SR',0,0),
('country','ST',0,0),
('country','SV',0,0),
('country','SY',0,0),
('country','SZ',0,0),
('country','TD',0,0),
('country','TF',0,0),
('country','TG',0,0),
('country','TH',0,0),
('country','TJ',0,0),
('country','TK',0,0),
('country','TL',0,0),
('country','TM',0,0),
('country','TN',0,0),
('country','TO',0,0),
('country','TR',0,0),
('country','TT',0,0),
('country','TV',0,0),
('country','TW',0,0),
('country','TZ',0,0),
('country','UA',0,0),
('country','UG',0,0),
('country','US',9,1316384042),
('country','UY',0,0),
('country','UZ',0,0),
('country','VA',0,0),
('country','VC',0,0),
('country','VE',0,0),
('country','VG',0,0),
('country','VI',0,0),
('country','VN',29,1316420613),
('country','VU',0,0),
('country','WS',0,0),
('country','YE',0,0),
('country','YT',0,0),
('country','YU',0,0),
('country','ZA',0,0),
('country','ZM',0,0),
('country','ZW',0,0),
('country','ZZ',13,1316658989),
('country','unkown',15,1318500653)	;
#	TC`nv3_vi_download`utf8_general_ci	;
CREATE TABLE `nv3_vi_download` (
  `id` mediumint(8) unsigned NOT NULL auto_increment,
  `catid` mediumint(8) unsigned NOT NULL,
  `title` varchar(255) NOT NULL,
  `alias` varchar(255) NOT NULL,
  `description` mediumtext NOT NULL,
  `introtext` mediumtext NOT NULL,
  `uploadtime` int(11) unsigned NOT NULL,
  `updatetime` int(11) unsigned NOT NULL default '0',
  `user_id` mediumint(8) unsigned NOT NULL,
  `user_name` varchar(100) NOT NULL,
  `author_name` varchar(100) NOT NULL,
  `author_email` varchar(60) NOT NULL,
  `author_url` varchar(255) NOT NULL,
  `fileupload` mediumtext NOT NULL,
  `linkdirect` mediumtext NOT NULL,
  `version` varchar(20) NOT NULL,
  `filesize` int(11) NOT NULL default '0',
  `fileimage` varchar(255) NOT NULL,
  `status` tinyint(1) unsigned NOT NULL default '0',
  `copyright` varchar(255) NOT NULL,
  `view_hits` int(11) NOT NULL default '0',
  `download_hits` int(11) NOT NULL default '0',
  `comment_allow` tinyint(1) unsigned NOT NULL default '0',
  `who_comment` tinyint(1) unsigned NOT NULL default '0',
  `groups_comment` varchar(255) NOT NULL,
  `comment_hits` int(11) NOT NULL default '0',
  `rating_detail` varchar(255) NOT NULL,
  PRIMARY KEY  (`id`),
  UNIQUE KEY `alias` (`alias`),
  KEY `catid` (`catid`),
  KEY `user_id` (`user_id`)
) ENGINE=MyISAM DEFAULT CHARSET=utf8	;
#	TC`nv3_vi_download_categories`utf8_general_ci	;
CREATE TABLE `nv3_vi_download_categories` (
  `id` mediumint(8) unsigned NOT NULL auto_increment,
  `parentid` mediumint(8) unsigned NOT NULL,
  `title` varchar(255) NOT NULL,
  `alias` varchar(255) NOT NULL,
  `description` mediumtext NOT NULL,
  `who_view` tinyint(1) unsigned NOT NULL default '0',
  `groups_view` varchar(255) NOT NULL,
  `who_download` tinyint(1) unsigned NOT NULL default '0',
  `groups_download` varchar(255) NOT NULL,
  `weight` smallint(4) unsigned NOT NULL default '0',
  `status` tinyint(1) unsigned NOT NULL default '0',
  PRIMARY KEY  (`id`),
  UNIQUE KEY `alias` (`alias`)
) ENGINE=MyISAM AUTO_INCREMENT=4 DEFAULT CHARSET=utf8	;
#	TD`nv3_vi_download_categories`utf8_general_ci	;
INSERT INTO `nv3_vi_download_categories` VALUES 
(1,0,'Thư viện đề thi','Thu-vien-de-thi','',0,'',1,'',1,1),
(2,0,'Dành cho học sinh','Danh-cho-hoc-sinh','',0,'',0,'',2,1),
(3,0,'Dành cho giáo viên','Danh-cho-giao-vien','',0,'',0,'',3,1)	;
#	TC`nv3_vi_download_comments`utf8_general_ci	;
CREATE TABLE `nv3_vi_download_comments` (
  `id` mediumint(8) unsigned NOT NULL auto_increment,
  `fid` mediumint(8) unsigned NOT NULL default '0',
  `subject` varchar(255) NOT NULL,
  `post_id` mediumint(8) unsigned NOT NULL,
  `post_name` varchar(100) NOT NULL,
  `post_email` varchar(60) NOT NULL,
  `post_ip` varchar(45) NOT NULL,
  `post_time` int(11) unsigned NOT NULL default '0',
  `comment` mediumtext NOT NULL,
  `admin_reply` varchar(255) NOT NULL,
  `admin_id` mediumint(8) unsigned NOT NULL default '0',
  `status` tinyint(1) unsigned NOT NULL default '0',
  PRIMARY KEY  (`id`),
  KEY `fid` (`fid`)
) ENGINE=MyISAM DEFAULT CHARSET=utf8	;
#	TC`nv3_vi_download_config`utf8_general_ci	;
CREATE TABLE `nv3_vi_download_config` (
  `config_name` varchar(30) NOT NULL,
  `config_value` varchar(255) NOT NULL,
  UNIQUE KEY `config_name` (`config_name`)
) ENGINE=MyISAM DEFAULT CHARSET=utf8	;
#	TD`nv3_vi_download_config`utf8_general_ci	;
INSERT INTO `nv3_vi_download_config` VALUES 
('is_addfile','1'),
('is_upload','1'),
('who_upload','1'),
('groups_upload',''),
('maxfilesize','2097152'),
('upload_filetype','doc,xls,zip,rar'),
('upload_dir','files'),
('temp_dir','temp'),
('who_autocomment','0'),
('groups_autocomment',''),
('who_addfile','0'),
('groups_addfile',''),
('is_zip','1'),
('is_resume','1'),
('max_speed','0')	;
#	TC`nv3_vi_download_report`utf8_general_ci	;
CREATE TABLE `nv3_vi_download_report` (
  `fid` mediumint(8) unsigned NOT NULL default '0',
  `post_ip` varchar(45) NOT NULL,
  `post_time` int(11) unsigned NOT NULL default '0',
  UNIQUE KEY `fid` (`fid`),
  KEY `post_time` (`post_time`)
) ENGINE=MyISAM DEFAULT CHARSET=utf8	;
#	TC`nv3_vi_download_tmp`utf8_general_ci	;
CREATE TABLE `nv3_vi_download_tmp` (
  `id` mediumint(8) unsigned NOT NULL auto_increment,
  `catid` mediumint(8) unsigned NOT NULL default '0',
  `title` varchar(255) NOT NULL,
  `description` mediumtext NOT NULL,
  `introtext` mediumtext NOT NULL,
  `uploadtime` int(11) unsigned NOT NULL default '0',
  `user_id` mediumint(8) unsigned NOT NULL default '0',
  `user_name` varchar(100) NOT NULL,
  `author_name` varchar(100) NOT NULL,
  `author_email` varchar(60) NOT NULL,
  `author_url` varchar(255) NOT NULL,
  `fileupload` mediumtext NOT NULL,
  `linkdirect` mediumtext NOT NULL,
  `version` varchar(20) NOT NULL,
  `filesize` varchar(255) NOT NULL,
  `fileimage` varchar(255) NOT NULL,
  `copyright` varchar(255) NOT NULL,
  PRIMARY KEY  (`id`),
  UNIQUE KEY `title` (`title`),
  KEY `catid` (`catid`)
) ENGINE=MyISAM DEFAULT CHARSET=utf8	;
#	TC`nv3_vi_menu_menu`utf8_general_ci	;
CREATE TABLE `nv3_vi_menu_menu` (
  `id` int(11) unsigned NOT NULL auto_increment,
  `title` varchar(50) NOT NULL,
  `menu_item` mediumtext NOT NULL,
  `description` varchar(255) NOT NULL default '',
  PRIMARY KEY  (`id`),
  UNIQUE KEY `title` (`title`)
) ENGINE=MyISAM DEFAULT CHARSET=utf8	;
#	TC`nv3_vi_menu_rows`utf8_general_ci	;
CREATE TABLE `nv3_vi_menu_rows` (
  `id` int(11) NOT NULL auto_increment,
  `parentid` int(11) unsigned NOT NULL,
  `mid` int(11) NOT NULL default '0',
  `title` varchar(255) NOT NULL,
  `link` text NOT NULL,
  `note` varchar(255) NOT NULL default '',
  `weight` int(11) NOT NULL,
  `order` int(11) NOT NULL default '0',
  `lev` int(11) NOT NULL default '0',
  `subitem` mediumtext NOT NULL,
  `who_view` tinyint(2) NOT NULL default '0',
  `groups_view` varchar(255) NOT NULL,
  `module_name` varchar(255) NOT NULL default '',
  `op` varchar(255) NOT NULL default '',
  `target` tinyint(4) NOT NULL default '0',
  `status` tinyint(1) unsigned NOT NULL default '0',
  PRIMARY KEY  (`id`)
) ENGINE=MyISAM DEFAULT CHARSET=utf8	;
#	TC`nv3_vi_modfuncs`utf8_general_ci	;
CREATE TABLE `nv3_vi_modfuncs` (
  `func_id` mediumint(8) unsigned NOT NULL auto_increment,
  `func_name` varchar(55) NOT NULL,
  `func_custom_name` varchar(255) NOT NULL,
  `in_module` varchar(55) NOT NULL,
  `show_func` tinyint(4) NOT NULL default '0',
  `in_submenu` tinyint(1) unsigned NOT NULL default '0',
  `subweight` smallint(2) unsigned NOT NULL default '1',
  `layout` varchar(50) NOT NULL default 'leftbodyright',
  `setting` varchar(255) NOT NULL default '',
  PRIMARY KEY  (`func_id`),
  UNIQUE KEY `func_name` (`func_name`,`in_module`)
) ENGINE=MyISAM AUTO_INCREMENT=75 DEFAULT CHARSET=utf8	;
#	TD`nv3_vi_modfuncs`utf8_general_ci	;
INSERT INTO `nv3_vi_modfuncs` VALUES 
(3,'Sitemap','Sitemap','news',0,0,0,'body-right',''),
(4,'comment','Comment','news',0,0,0,'body-right',''),
(5,'content','Content','news',1,0,1,'left-body-right',''),
(6,'detail','Detail','news',1,0,2,'left-body-right',''),
(7,'main','Main','news',1,0,3,'left-body-right',''),
(8,'postcomment','Postcomment','news',0,0,0,'body-right',''),
(9,'print','Print','news',0,0,0,'body-right',''),
(10,'rating','Rating','news',0,0,0,'body-right',''),
(11,'rss','Rss','news',0,0,0,'body-right',''),
(12,'savefile','Savefile','news',0,0,0,'body-right',''),
(13,'search','Search','news',1,0,4,'left-body-right',''),
(14,'sendmail','Sendmail','news',0,0,0,'body-right',''),
(15,'topic','Topic','news',1,0,5,'left-body-right',''),
(16,'viewcat','Viewcat','news',1,0,6,'left-body-right',''),
(17,'active','Active','users',1,0,8,'left-body-right',''),
(18,'changepass','Đổi mật khẩu','users',1,1,6,'left-body-right',''),
(19,'editinfo','Editinfo','users',1,0,10,'left-body-right',''),
(20,'login','Đăng nhập','users',1,1,2,'left-body-right',''),
(21,'logout','Logout','users',1,1,3,'left-body-right',''),
(22,'lostactivelink','Lostactivelink','users',1,0,9,'left-body-right',''),
(23,'lostpass','Quên mật khẩu','users',1,1,5,'left-body-right',''),
(24,'main','Main','users',1,1,1,'left-body-right',''),
(25,'openid','Openid','users',1,1,7,'left-body-right',''),
(26,'register','Đăng ký','users',1,1,4,'left-body-right',''),
(27,'main','Main','contact',1,0,1,'left-body-right',''),
(28,'allbots','Máy chủ tìm kiếm','statistics',1,1,6,'left-body',''),
(29,'allbrowsers','Theo trình duyệt','statistics',1,1,4,'left-body',''),
(30,'allcountries','Theo quốc gia','statistics',1,1,3,'left-body',''),
(31,'allos','Theo hệ điều hành','statistics',1,1,5,'left-body',''),
(32,'allreferers','Theo đường dẫn đến site','statistics',1,1,2,'left-body',''),
(33,'main','Main','statistics',1,0,1,'left-body',''),
(34,'referer','Đường dẫn đến site theo tháng','statistics',1,0,7,'left-body',''),
(35,'main','Main','voting',0,0,0,'body-right',''),
(36,'addads','Addads','banners',1,0,1,'left-body-right',''),
(37,'cledit','Cledit','banners',0,0,0,'body-right',''),
(38,'click','Click','banners',0,0,0,'body-right',''),
(39,'clientinfo','Clientinfo','banners',1,0,2,'left-body-right',''),
(40,'clinfo','Clinfo','banners',0,0,0,'body-right',''),
(41,'logininfo','Logininfo','banners',0,0,0,'body-right',''),
(42,'main','Main','banners',1,0,3,'left-body-right',''),
(43,'stats','Stats','banners',1,0,4,'left-body-right',''),
(44,'viewmap','Viewmap','banners',0,0,0,'body-right',''),
(45,'adv','Adv','search',0,0,0,'body-right',''),
(46,'main','Main','search',1,0,1,'left-body-right',''),
(47,'main','Main','rss',1,0,1,'left-body-right',''),
(48,'regroups','Nhóm thành viên','users',1,0,1,'left-body-right',''),
(49,'down','Down','download',1,0,4,'left-body-right',''),
(50,'getcomment','Getcomment','download',0,0,0,'left-body-right',''),
(51,'main','Main','download',1,0,1,'left-body-right',''),
(52,'report','Report','download',1,0,6,'left-body-right',''),
(53,'rss','Rss','download',0,0,0,'left-body-right',''),
(54,'search','Search','download',1,0,7,'left-body-right',''),
(55,'Sitemap','Sitemap','download',0,0,0,'left-body-right',''),
(56,'upload','Upload','download',1,0,5,'left-body-right',''),
(57,'viewcat','Viewcat','download',1,0,2,'left-body-right',''),
(58,'viewfile','Viewfile','download',1,0,3,'left-body-right',''),
(59,'diemthitn','Diemthitn','tradiem',1,0,2,'left-body-right',''),
(60,'main','Main','tradiem',1,0,1,'left-body-right',''),
(61,'tuyensinh10','Tuyensinh10','tradiem',1,0,3,'left-body-right',''),
(67,'view','View','albums',1,0,2,'left-body-right',''),
(66,'main','Main','albums',1,0,1,'left-body-right',''),
(68,'cat','Cat','tailieu',0,0,0,'left-body-right',''),
(69,'down','Down','tailieu',0,0,0,'left-body-right',''),
(70,'main','Main','tailieu',1,0,1,'left-body-right',''),
(71,'quick_jump','Quick_jump','tailieu',0,0,0,'left-body-right',''),
(72,'tailieu_config','Tailieu_config','tailieu',0,0,0,'left-body-right',''),
(73,'view_article','View_article','tailieu',0,0,0,'left-body-right',''),
(74,'viewphoto','Viewphoto','tailieu',0,0,0,'left-body-right','')	;
#	TC`nv3_vi_modthemes`utf8_general_ci	;
CREATE TABLE `nv3_vi_modthemes` (
  `func_id` int(11) default NULL,
  `layout` varchar(100) default NULL,
  `theme` varchar(100) default NULL,
  UNIQUE KEY `func_id` (`func_id`,`layout`,`theme`)
) ENGINE=MyISAM DEFAULT CHARSET=utf8	;
#	TD`nv3_vi_modthemes`utf8_general_ci	;
INSERT INTO `nv3_vi_modthemes` VALUES 
(0,'body-right','modern'),
(0,'body-right','web01traidat'),
(0,'left-body-right','default'),
(0,'left-body-right','ThaiHoa'),
(5,'body-right','modern'),
(5,'body-right','web01traidat'),
(5,'left-body-right','default'),
(5,'left-body-right','ThaiHoa'),
(6,'body-right','modern'),
(6,'body-right','web01traidat'),
(6,'left-body-right','default'),
(6,'left-body-right','ThaiHoa'),
(7,'body-right','modern'),
(7,'body-right','web01traidat'),
(7,'left-body-right','default'),
(7,'left-body-right','ThaiHoa'),
(13,'body-right','modern'),
(13,'body-right','web01traidat'),
(13,'left-body-right','default'),
(13,'left-body-right','ThaiHoa'),
(15,'body-right','modern'),
(15,'body-right','web01traidat'),
(15,'left-body-right','default'),
(15,'left-body-right','ThaiHoa'),
(16,'body-right','modern'),
(16,'body-right','web01traidat'),
(16,'left-body-right','default'),
(16,'left-body-right','ThaiHoa'),
(17,'body-right','modern'),
(17,'body-right','web01traidat'),
(17,'left-body-right','default'),
(17,'left-body-right','ThaiHoa'),
(18,'body-right','modern'),
(18,'body-right','web01traidat'),
(18,'left-body-right','default'),
(18,'left-body-right','ThaiHoa'),
(19,'body-right','modern'),
(19,'body-right','web01traidat'),
(19,'left-body-right','default'),
(19,'left-body-right','ThaiHoa'),
(20,'body-right','modern'),
(20,'body-right','web01traidat'),
(20,'left-body-right','default'),
(20,'left-body-right','ThaiHoa'),
(21,'body-right','modern'),
(21,'body-right','web01traidat'),
(21,'left-body-right','default'),
(21,'left-body-right','ThaiHoa'),
(22,'body-right','modern'),
(22,'body-right','web01traidat'),
(22,'left-body-right','default'),
(22,'left-body-right','ThaiHoa'),
(23,'body-right','modern'),
(23,'body-right','web01traidat'),
(23,'left-body-right','default'),
(23,'left-body-right','ThaiHoa'),
(24,'body-right','modern'),
(24,'body-right','web01traidat'),
(24,'left-body-right','default'),
(24,'left-body-right','ThaiHoa'),
(25,'body-right','modern'),
(25,'body-right','web01traidat'),
(25,'left-body-right','default'),
(25,'left-body-right','ThaiHoa'),
(26,'body-right','modern'),
(26,'body-right','web01traidat'),
(26,'left-body-right','default'),
(26,'left-body-right','ThaiHoa'),
(27,'body-right','modern'),
(27,'body-right','web01traidat'),
(27,'left-body-right','default'),
(27,'left-body-right','ThaiHoa'),
(28,'body','modern'),
(28,'body','web01traidat'),
(28,'left-body','default'),
(28,'left-body','ThaiHoa'),
(29,'body','modern'),
(29,'body','web01traidat'),
(29,'left-body','default'),
(29,'left-body','ThaiHoa'),
(30,'body','modern'),
(30,'body','web01traidat'),
(30,'left-body','default'),
(30,'left-body','ThaiHoa'),
(31,'body','modern'),
(31,'body','web01traidat'),
(31,'left-body','default'),
(31,'left-body','ThaiHoa'),
(32,'body','modern'),
(32,'body','web01traidat'),
(32,'left-body','default'),
(32,'left-body','ThaiHoa'),
(33,'body','modern'),
(33,'body','web01traidat'),
(33,'left-body','default'),
(33,'left-body','ThaiHoa'),
(34,'body','modern'),
(34,'body','web01traidat'),
(34,'left-body','default'),
(34,'left-body','ThaiHoa'),
(36,'body-right','modern'),
(36,'body-right','web01traidat'),
(36,'left-body-right','default'),
(36,'left-body-right','ThaiHoa'),
(39,'body-right','modern'),
(39,'body-right','web01traidat'),
(39,'left-body-right','default'),
(39,'left-body-right','ThaiHoa'),
(42,'body-right','modern'),
(42,'body-right','web01traidat'),
(42,'left-body-right','default'),
(42,'left-body-right','ThaiHoa'),
(43,'body-right','modern'),
(43,'body-right','web01traidat'),
(43,'left-body-right','default'),
(43,'left-body-right','ThaiHoa'),
(46,'body-right','modern'),
(46,'body-right','web01traidat'),
(46,'left-body-right','default'),
(46,'left-body-right','ThaiHoa'),
(47,'body','modern'),
(47,'body','web01traidat'),
(47,'left-body-right','default'),
(47,'left-body-right','ThaiHoa'),
(48,'body','modern'),
(48,'body-right','web01traidat'),
(48,'left-body-right','default'),
(48,'left-body-right','ThaiHoa'),
(49,'body-right','web01traidat'),
(49,'left-body-right','default'),
(51,'body-right','web01traidat'),
(51,'left-body-right','default'),
(52,'body-right','web01traidat'),
(52,'left-body-right','default'),
(54,'body-right','web01traidat'),
(54,'left-body-right','default'),
(56,'body-right','web01traidat'),
(56,'left-body-right','default'),
(57,'body-right','web01traidat'),
(57,'left-body-right','default'),
(58,'body-right','web01traidat'),
(58,'left-body-right','default'),
(59,'body-right','web01traidat'),
(59,'left-body-right','default'),
(60,'body-right','web01traidat'),
(60,'left-body-right','default'),
(61,'body-right','web01traidat'),
(61,'left-body-right','default'),
(66,'left-body-right','default'),
(67,'left-body-right','default'),
(70,'left-body-right','default')	;
#	TC`nv3_vi_modules`utf8_general_ci	;
CREATE TABLE `nv3_vi_modules` (
  `title` varchar(55) NOT NULL,
  `module_file` varchar(55) NOT NULL default '',
  `module_data` varchar(55) NOT NULL default '',
  `custom_title` varchar(255) NOT NULL,
  `set_time` int(11) unsigned NOT NULL default '0',
  `admin_file` tinyint(1) unsigned NOT NULL default '0',
  `theme` varchar(100) NOT NULL,
  `keywords` mediumtext NOT NULL,
  `groups_view` varchar(255) NOT NULL,
  `in_menu` tinyint(1) unsigned NOT NULL default '0',
  `weight` tinyint(3) unsigned NOT NULL default '1',
  `submenu` tinyint(1) unsigned NOT NULL default '0',
  `act` tinyint(1) unsigned NOT NULL default '0',
  `admins` varchar(255) NOT NULL,
  `rss` tinyint(4) NOT NULL default '1',
  PRIMARY KEY  (`title`)
) ENGINE=MyISAM DEFAULT CHARSET=utf8	;
#	TD`nv3_vi_modules`utf8_general_ci	;
INSERT INTO `nv3_vi_modules` VALUES 
('news','news','news','Tin Tức',1270400000,1,'','','0',1,1,1,1,'',1),
('users','users','users','Thành viên',1274080277,1,'','','0',1,4,1,1,'',0),
('contact','contact','contact','Liên hệ',1275351337,1,'','','0',1,6,1,1,'',0),
('statistics','statistics','statistics','Thống kê',1276520928,0,'','truy cập, online, statistics','0',0,7,0,1,'',0),
('voting','voting','voting','Thăm dò ý kiến',1275315261,1,'','','0',0,8,1,1,'',1),
('banners','banners','banners','Quảng cáo',1270400000,1,'','','0',0,9,1,1,'',0),
('search','search','search','Tìm kiếm',1273474173,0,'','','0',0,10,1,1,'',0),
('menu','menu','menu','Menu Site',1295287334,1,'','','0',0,11,1,1,'',0),
('rss','rss','rss','Rss',1279366705,1,'','','0',0,12,10,0,'',0),
('download','download','download','Downloads',1316075425,1,'','','0',1,3,1,1,'',1),
('tradiem','tradiem','tradiem','Tra điểm',1316076151,1,'','','0',1,2,1,1,'',0),
('tailieu','tailieu','tailieu','Văn bản',1316704599,1,'','','0',1,13,1,1,'',0),
('albums','albums','albums','Gallery',1316693495,1,'','','0',1,5,1,1,'',0)	;
#	TC`nv3_vi_news_1`utf8_general_ci	;
CREATE TABLE `nv3_vi_news_1` (
  `id` int(11) unsigned NOT NULL auto_increment,
  `listcatid` varchar(255) NOT NULL default '',
  `topicid` mediumint(8) unsigned NOT NULL default '0',
  `admin_id` mediumint(8) unsigned NOT NULL default '0',
  `author` varchar(255) NOT NULL default '',
  `sourceid` mediumint(8) NOT NULL default '0',
  `addtime` int(11) unsigned NOT NULL default '0',
  `edittime` int(11) unsigned NOT NULL default '0',
  `status` tinyint(4) NOT NULL default '1',
  `publtime` int(11) unsigned NOT NULL default '0',
  `exptime` int(11) unsigned NOT NULL default '0',
  `archive` tinyint(1) unsigned NOT NULL default '0',
  `title` varchar(255) NOT NULL default '',
  `alias` varchar(255) NOT NULL default '',
  `hometext` mediumtext NOT NULL,
  `homeimgfile` varchar(255) NOT NULL default '',
  `homeimgalt` varchar(255) NOT NULL default '',
  `homeimgthumb` varchar(255) NOT NULL default '',
  `imgposition` tinyint(1) NOT NULL default '1',
  `bodytext` mediumtext NOT NULL,
  `copyright` tinyint(1) unsigned NOT NULL default '0',
  `inhome` tinyint(1) unsigned NOT NULL default '0',
  `allowed_comm` tinyint(1) unsigned NOT NULL default '0',
  `allowed_rating` tinyint(1) unsigned NOT NULL default '0',
  `allowed_send` tinyint(1) unsigned NOT NULL default '0',
  `allowed_print` tinyint(1) unsigned NOT NULL default '0',
  `allowed_save` tinyint(1) unsigned NOT NULL default '0',
  `hitstotal` mediumint(8) unsigned NOT NULL default '0',
  `hitscm` mediumint(8) unsigned NOT NULL default '0',
  `total_rating` int(11) NOT NULL default '0',
  `click_rating` int(11) NOT NULL default '0',
  `keywords` text NOT NULL,
  PRIMARY KEY  (`id`),
  KEY `topicid` (`topicid`),
  KEY `admin_id` (`admin_id`),
  KEY `author` (`author`),
  KEY `title` (`title`),
  KEY `addtime` (`addtime`),
  KEY `publtime` (`publtime`),
  KEY `exptime` (`exptime`),
  KEY `listcatid` (`listcatid`)
) ENGINE=MyISAM AUTO_INCREMENT=12 DEFAULT CHARSET=utf8	;
#	TD`nv3_vi_news_1`utf8_general_ci	;
INSERT INTO `nv3_vi_news_1` VALUES 
(8,'1,8',0,1,'Nguyễn Hữu Nam',3,1310067949,1316135343,1,1310067949,0,2,'Nửa thế kỷ một trường vùng biên','Nua-the-ky-mot-truong-vung-bien','Trải qua gần nửa thế kỷ dựng xây và phát triển, song song với nhiều biến cố của lịch sử đất nước, trải qua nhiều lần di chuyển, sáp nhập, 2 lần phải gây dựng từ đầu, song ngôi trường cấp II - III đầu tiên của tỉnh Lào Cai vẫn luôn là một trung tâm giáo dục có uy tín, chất lượng cao, luôn là con chim đầu đàn của ngành giáo dục tỉnh Lào Cai.','2011_09/thu-2.jpg','','thumb/thu-2.jpg|block/thu-2.jpg',2,'Có lẽ hiếm có ngôi trường nào trên đất nước có lịch sử gian nan như Trường THPT số 1 TP. Lào Cai. Do xa xôi, hẻo lánh, do trình độ dân trí, tập tục lạc hậu, kinh tế tự cung, tự cấp phổ biến, đặc biệt do chính sách ngu dân của thực dân Pháp và các thổ ty trong vùng, suốt thời Pháp thuộc hầu hết người Lào Cai không biết chữ, cả tỉnh chỉ có một số học sinh học hết bậc tiểu học. Hoà bình lập lại, mãi sau 5 năm gom góp, gây dựng, trưởng thành từ các phong trào bình dân học vụ, ánh sáng văn hoá, giáo dục phổ thông... cả Lào Cai mới quy tụ được 62 học trò để lập nên ngôi trường khởi nguồn cho việc nâng cao dân trí của tỉnh.<br  /><br  />Ngôi trường non trẻ vừa qua “vạn sự khởi đầu nan”, đang khắc phục tàn tích của những cuộc nổi phỉ, của thực dân Pháp để lại thì đụng đầu với chiến tranh phá hoại của đế quốc Mỹ, sau đó là cuộc chiến đấu bảo vệ biên giới phía bắc và gánh chịu hậu quả của nó. Sau hơn 20 năm thành lập, nhà trường phải 4 lần đổi tên, 4 lần di chuyển, sáp nhập, đã có thời gian dài gián đoạn, tưởng chừng như không khôi phục lại được, song cái đáng nói, đáng được tôn vinh anh hùng là dù trong hoàn cảnh nào nhà trường vẫn vươn lên, vẫn luôn luôn đứng vị trí số một về chất lượng và hiệu quả đào tạo của tỉnh Lào Cai, là cái nôi ươm mầm, tạo nguồn nhân lực trên nhiều lĩnh vực cho tỉnh và cho đất nước. Hơn thế nữa, trong bất kỳ hoàn cảnh nào, thầy và trò nhà trường đều tạo ra những bước đột phá, táo bạo có hiệu quả cao, ảnh hưởng, lan toả lâu dài không chỉ riêng với tỉnh Lào Cai.<br  /><strong>Tự lập, tự chủ vượt qua thử thách</strong><br  />Đó là thời kỳ chống chiến tranh phá hoại của đế quốc Mỹ, nhà trường được lệnh sơ tán sâu vào xã vùng cao Quang Kim của người Giáy huyện Bát Xát. Mọi việc xây dựng trường lớp, tổ chức dạy, học, ăn ở, nhà trường tự lo. Đối mặt với những khó khăn tưởng chừng như không thể vượt qua này, thầy và trò nhà trường đã tự san nền, dựng nên trường lớp để học, nhà để ở, đặc biệt họ đã tự gây dựng cho học sinh nền nếp ăn ở tập trung. Trong hoàn cảnh cả vùng kinh tế khó khăn, học sinh nhiều thành phần dân tộc, em ở gần cách 5-7 cây số, em ở xa phải đi bộ 2 ngày đường mà nhà trường vận động, tổ chức, duy trì được việc ăn ở cho các em như một ký túc xá là một táo bạo, một quyết tâm lớn. Táo bạo, quyết tâm ấy đã làm cho tình thầy - trò ngày càng gắn bó, chất lượng dạy và học được nâng lên đến không ngờ.<br  />Năm 1965, 1966, trong lúc cuộc chiến tranh phá hoại diễn ra ác liệt mà học sinh của trường đi thi học sinh giỏi toàn miền Bắc vẫn đoạt 1 giải nhì, 1 giải ba và 1 giải đồng đội, hai em lớp 9 của trường được tuyển thẳng vào khoa Toán, Trường Đại học Tổng hợp. Nhiều học sinh từ mái trường này đã học hành thành đạt, trưởng thành và trở về phục vụ quê hương Lào Cai, như: Tiến sĩ Nguyễn Hữu Vạn - Bí thư Tỉnh uỷ, tiến sĩ Nguyễn Đức Thăng - Phó Bí thư Tỉnh uỷ...<br  />Cảm nhận về nhà trường trong thời kỳ này, nhà văn, nhà giáo Ma Văn Kháng - Hiệu trưởng nhà trường từ năm 1963 đến năm 1965 - đã thổ lộ trong tiểu thuyết Đám cưới không có giấy giá thú nổi tiếng: “Những năm tháng đó, dẫu mới là đơn sơ, nhưng nhà trường thực sự là một tổ hợp liên kết thầy - trò trong một quan hệ vừa thân thiết, vừa nghiêm túc, đậm đà hương vị Á Đông, dân tộc cổ truyền, nhưng không già nua, cứng nhắc, trái lại thật hồn nhiên. Nó toàn tâm, toàn lực hướng về cái khoa học lớn nhất, nghệ thuật lớn nhất, cao quý nhất của mọi khoa học, mọi nghệ thuật: Giáo dục con người...”.<br  /><strong>Khởi nguồn của phong trào: Dạy thật - học thật - chất lượng thật</strong><br  />Sau chiến tranh bảo vệ biên giới phía bắc, thị xã Lào Cai thành vành đai trắng, Trường Cấp III Lào Cai sáp nhập với Trường Cấp III Cam Đường. Năm 1991, tỉnh Lào Cai được tái lập, song mãi năm học 1993 - 1994, Trường THPT số 1 của thị xã mới được tái lập. Thời kỳ gian khó này, cả 3 trường quan trọng trong sự nghiệp giáo dục của tỉnh là Trường Trung cấp Sư phạm, Trường THPT dân tộc nội trú và Trường THPT số 1 phải chia nhau 24 phòng học, cùng diện tích hơn 1 hécta để dạy học, điều hành. Khó khăn chồng chất khó khăn, song quyết tâm cũng dồn lên quyết tâm. Không có thầy giỏi, không mời được các thầy cô ở dưới xuôi lên, nhà trường quy tụ các thầy - cô ở các huyện về, nhà trường vận động CBCNV từ khu tập kết, bà con từ các nơi sơ tán trở về đưa con em lên học tập. Tạo cho học sinh cơ hội cọ xát, thử sức mình, nhà trường mạnh dạn cử đi thi học sinh giỏi...<br  />Để khắc phục những tồn tại về bệnh thành tích và những hiện tượng tiêu cực trong thi cử đang làm xã hội mất lòng tin vào hệ thống giáo dục một cách nghiêm trọng, năm 2006, Bộ trưởng Bộ GDĐT Nguyễn Thiện Nhân phát động trong toàn ngành phong trào “Hai không”, thì từ năm 1993, Trường THPT số 1 thị xã Lào Cai đã quyết tâm “Dạy thật - học thật - chất lượng thật” và kiên quyết thực hiện cho đến nay. Để thực hiện chủ trương có tính tiên phong này, nhà trường đã phải tạo nên kỷ cương, nền nếp, phải dũng cảm, bền bỉ đương đầu với rất nhiều sức ép, kể cả sức ép của nhiều thầy - cô trong trường. Bài bản, dũng cảm, sáng tạo, cần mẫn, không nản chí, tận dụng các cơ hội để phát triển - 6 tiêu chí phấn đấu không mệt mỏi đã được nhà trường bền chí thực hiện. Để dạy thật, thầy buộc phải giỏi, phải trưởng thành.<br  /><div align=\"center\"> <img src=\"http://www1.laodong.vn/Images/2010/9/7/73a737020b6d4339b5efa054c45be28d\" /> <table border=\"0\" cellpadding=\"0\" cellspacing=\"0\" style=\"width:455px;\" width=\"455\"> <tbody> <tr> <td> <br  /> &nbsp;</td> </tr> <tr> <td> <em>Học sinh nhà trường viếng và chăm sóc Nghĩa trang liệt sĩ TP.Lào Cai.</em></td> </tr> </tbody> </table></div>Không có kinh phí, điều kiện mời các thầy giỏi từ Hà Nội lên bồi dưỡng, nâng cao trình độ chuyên môn, nhà trường phát huy tự lực cánh sinh, tự bồi dưỡng tại chỗ theo nhóm, theo chuyên đề, tổ chức nhóm hợp lý, cử giáo viên đi nâng cao trình độ, cho học sinh đi thi học sinh giỏi để mang đề về lấy cái bồi dưỡng cho mình, cho học trò. Từ hiệu trưởng đến giáo viên gặp nhau là nói đến chuyên môn, nói đến việc dạy. Đêm tất niên, sau vài câu chúc tụng, hiệu trưởng và giáo viên lại xoáy vào việc dạy, việc học. Để học thật, nhà trường xây dựng nội quy, sau đó lấy ý kiến từ các thầy - cô giáo, các bậc phụ huynh đến các em học sinh; tổ chức giảng dạy hợp lý, phân loại đối tượng để đảm bảo các em tiếp thu được những kiến thức, kỹ năng tối thiểu; tạo ra cho các em tính tự tin, tạo nên không khí học tập sôi nổi; tổ chức dạy phụ đạo trên tinh thần tự nguyện nhằm quản lý học sinh, hạn chế việc học thêm tràn lan ngoài xã hội... Song song với dạy thật, học thật là kiểm tra thật, thi thật - kiểm tra một môn có nhiều đề, tổ chức kiểm tra chéo, trao đổi giữa các lớp trong khối để đánh giá chất lượng đồng loạt 8 môn.<br  />Sau dạy thật, học thật, thi thật là chất lượng. Kể từ năm học 1961-1962 đến nay,&nbsp; các em của trường thi đại học, cao đẳng năm thấp nhất đạt 43%, năm cao nhất (năm 2002) đạt 73%, 115 em đoạt các giải trong các kỳ thi học sinh giỏi quốc gia. Gần 300 em đoạt giải các kỳ thi học sinh giỏi cấp tỉnh, nhiều em đã thành đạt, mang lại vinh dự cho trường, cho tỉnh. Khi cuộc vận động “Hai không” của bộ đề ra, rất nhiều trường có tỉ lệ tốt nghiệp lớp 12 giảm sút, bởi chưa xây dựng được nền móng, chưa đương đầu được với các sức ép. Trường THPT số 1 TP. Lào Cai tự đề ra, tự thực hiện 17 năm nay mà vẫn đạt kết quả tốt và ngày càng được xã hội ủng hộ. Được học ở trường là một vinh dự cho mọi học sinh.<br  />Theo thầy Phạm Đồng Hoà - Hiệu trưởng của trường (từ năm 1993 đến năm 2007) và thầy Đỗ Minh Tâm (đương kim hiệu trưởng) - nhà trường đạt được những thành tựu trên là do nhà trường quyết tâm thực hiện bằng được các mục tiêu tập trung trong 4 câu: Đoàn kết; ham học hỏi, ham hiểu biết, học đi đôi với hành; năng động, nghiêm túc, nói đi đôi với làm; tự trọng, tự tin, tự hào, trách nhiệm. Từ thực hiện được 4 câu này mà ngày tái lập cả trường chỉ có vẻn vẹn 9 lớp, 27 cán bộ, giáo viên, hơn 300 học sinh, hiện nay trường quản lý 29 lớp, 1.195 học sinh, mỗi năm gần 500 em ra trường.<br  />Ngày tái lập trường chỉ có một đảng viên duy nhất là thầy hiệu trưởng, đến nay chi bộ đã có 24 đảng viên, đội ngũ cán bộ, giáo viên 74 người, trong đó có 3 nhà giáo ưu tú, 1 tiến sĩ, 6 thạc sĩ, 5 giáo viên đang học cao học, chuẩn hoá 100% đại học. Trường là nguồn cung cấp giáo viên giỏi để xây dựng trường chuyên của tỉnh, nhiều giáo viên, học sinh của trường trưởng thành, đảm nhận công việc quan trọng của tỉnh, của bộ. Từ những nỗ lực không mệt mỏi, từ năm 1993 đến nay, nhà trường đã được Đảng và Nhà nước tặng thưởng 3 huân chương Lao động (1 hạng Nhất, 1 hạng Nhì, 1 hạng Ba), 4 lần nhận được cờ thi đua của Chính phủ, 5 lần nhận cờ thi đua của UBND tỉnh Lào Cai, 1 lần nhận được cờ thi đua của T.Ư Đoàn, cùng nhiều bằng khen của Thủ tướng Chính phủ, Chủ tịch UBND tỉnh, Bộ GDĐT, là 1 trong 3 đơn vị được tỉnh Lào Cai lựa chọn xây dựng đơn vị anh hùng trong thời kỳ đổi mới.<br  />Với người Lào Cai, từ lâu Trường cấp III Lào Cai, nay là Trường THPT số 1 TP. Lào Cai đã là trường anh hùng, là tấm gương, là cái đích cho mọi người quan tâm đến sự nghiệp trồng người tỉnh Lào Cai trông vào, vươn tới.',0,1,2,1,1,1,1,7,0,5,1,'n&#x002F;a'),
(11,'1,10,19',0,1,'Trần Kim Hoa',0,1316698812,1316698812,1,1316698812,0,2,'ácascasc','acascasc','adcadscascas','2011_09/thu-2.jpg','','thumb/thu-2_1.jpg|block/thu-2_1.jpg',2,'âcsdcas',1,1,2,1,1,1,1,0,0,0,0,'n/a')	;
#	TC`nv3_vi_news_10`utf8_general_ci	;
CREATE TABLE `nv3_vi_news_10` (
  `id` int(11) unsigned NOT NULL auto_increment,
  `listcatid` varchar(255) NOT NULL default '',
  `topicid` mediumint(8) unsigned NOT NULL default '0',
  `admin_id` mediumint(8) unsigned NOT NULL default '0',
  `author` varchar(255) NOT NULL default '',
  `sourceid` mediumint(8) NOT NULL default '0',
  `addtime` int(11) unsigned NOT NULL default '0',
  `edittime` int(11) unsigned NOT NULL default '0',
  `status` tinyint(4) NOT NULL default '1',
  `publtime` int(11) unsigned NOT NULL default '0',
  `exptime` int(11) unsigned NOT NULL default '0',
  `archive` tinyint(1) unsigned NOT NULL default '0',
  `title` varchar(255) NOT NULL default '',
  `alias` varchar(255) NOT NULL default '',
  `hometext` mediumtext NOT NULL,
  `homeimgfile` varchar(255) NOT NULL default '',
  `homeimgalt` varchar(255) NOT NULL default '',
  `homeimgthumb` varchar(255) NOT NULL default '',
  `imgposition` tinyint(1) NOT NULL default '1',
  `bodytext` mediumtext NOT NULL,
  `copyright` tinyint(1) unsigned NOT NULL default '0',
  `inhome` tinyint(1) unsigned NOT NULL default '0',
  `allowed_comm` tinyint(1) unsigned NOT NULL default '0',
  `allowed_rating` tinyint(1) unsigned NOT NULL default '0',
  `allowed_send` tinyint(1) unsigned NOT NULL default '0',
  `allowed_print` tinyint(1) unsigned NOT NULL default '0',
  `allowed_save` tinyint(1) unsigned NOT NULL default '0',
  `hitstotal` mediumint(8) unsigned NOT NULL default '0',
  `hitscm` mediumint(8) unsigned NOT NULL default '0',
  `total_rating` int(11) NOT NULL default '0',
  `click_rating` int(11) NOT NULL default '0',
  `keywords` text NOT NULL,
  PRIMARY KEY  (`id`),
  KEY `topicid` (`topicid`),
  KEY `admin_id` (`admin_id`),
  KEY `author` (`author`),
  KEY `title` (`title`),
  KEY `addtime` (`addtime`),
  KEY `publtime` (`publtime`),
  KEY `exptime` (`exptime`),
  KEY `listcatid` (`listcatid`)
) ENGINE=MyISAM AUTO_INCREMENT=12 DEFAULT CHARSET=utf8	;
#	TD`nv3_vi_news_10`utf8_general_ci	;
INSERT INTO `nv3_vi_news_10` VALUES 
(11,'1,10,19',0,1,'Trần Kim Hoa',0,1316698812,1316698812,1,1316698812,0,2,'ácascasc','acascasc','adcadscascas','2011_09/thu-2.jpg','','thumb/thu-2_1.jpg|block/thu-2_1.jpg',2,'âcsdcas',1,1,2,1,1,1,1,0,0,0,0,'n/a')	;
#	TC`nv3_vi_news_11`utf8_general_ci	;
CREATE TABLE `nv3_vi_news_11` (
  `id` int(11) unsigned NOT NULL auto_increment,
  `listcatid` varchar(255) NOT NULL default '',
  `topicid` mediumint(8) unsigned NOT NULL default '0',
  `admin_id` mediumint(8) unsigned NOT NULL default '0',
  `author` varchar(255) NOT NULL default '',
  `sourceid` mediumint(8) NOT NULL default '0',
  `addtime` int(11) unsigned NOT NULL default '0',
  `edittime` int(11) unsigned NOT NULL default '0',
  `status` tinyint(4) NOT NULL default '1',
  `publtime` int(11) unsigned NOT NULL default '0',
  `exptime` int(11) unsigned NOT NULL default '0',
  `archive` tinyint(1) unsigned NOT NULL default '0',
  `title` varchar(255) NOT NULL default '',
  `alias` varchar(255) NOT NULL default '',
  `hometext` mediumtext NOT NULL,
  `homeimgfile` varchar(255) NOT NULL default '',
  `homeimgalt` varchar(255) NOT NULL default '',
  `homeimgthumb` varchar(255) NOT NULL default '',
  `imgposition` tinyint(1) NOT NULL default '1',
  `bodytext` mediumtext NOT NULL,
  `copyright` tinyint(1) unsigned NOT NULL default '0',
  `inhome` tinyint(1) unsigned NOT NULL default '0',
  `allowed_comm` tinyint(1) unsigned NOT NULL default '0',
  `allowed_rating` tinyint(1) unsigned NOT NULL default '0',
  `allowed_send` tinyint(1) unsigned NOT NULL default '0',
  `allowed_print` tinyint(1) unsigned NOT NULL default '0',
  `allowed_save` tinyint(1) unsigned NOT NULL default '0',
  `hitstotal` mediumint(8) unsigned NOT NULL default '0',
  `hitscm` mediumint(8) unsigned NOT NULL default '0',
  `total_rating` int(11) NOT NULL default '0',
  `click_rating` int(11) NOT NULL default '0',
  `keywords` text NOT NULL,
  PRIMARY KEY  (`id`),
  KEY `topicid` (`topicid`),
  KEY `admin_id` (`admin_id`),
  KEY `author` (`author`),
  KEY `title` (`title`),
  KEY `addtime` (`addtime`),
  KEY `publtime` (`publtime`),
  KEY `exptime` (`exptime`),
  KEY `listcatid` (`listcatid`)
) ENGINE=MyISAM AUTO_INCREMENT=9 DEFAULT CHARSET=utf8	;
#	TC`nv3_vi_news_12`utf8_general_ci	;
CREATE TABLE `nv3_vi_news_12` (
  `id` int(11) unsigned NOT NULL auto_increment,
  `listcatid` varchar(255) NOT NULL default '',
  `topicid` mediumint(8) unsigned NOT NULL default '0',
  `admin_id` mediumint(8) unsigned NOT NULL default '0',
  `author` varchar(255) NOT NULL default '',
  `sourceid` mediumint(8) NOT NULL default '0',
  `addtime` int(11) unsigned NOT NULL default '0',
  `edittime` int(11) unsigned NOT NULL default '0',
  `status` tinyint(4) NOT NULL default '1',
  `publtime` int(11) unsigned NOT NULL default '0',
  `exptime` int(11) unsigned NOT NULL default '0',
  `archive` tinyint(1) unsigned NOT NULL default '0',
  `title` varchar(255) NOT NULL default '',
  `alias` varchar(255) NOT NULL default '',
  `hometext` mediumtext NOT NULL,
  `homeimgfile` varchar(255) NOT NULL default '',
  `homeimgalt` varchar(255) NOT NULL default '',
  `homeimgthumb` varchar(255) NOT NULL default '',
  `imgposition` tinyint(1) NOT NULL default '1',
  `bodytext` mediumtext NOT NULL,
  `copyright` tinyint(1) unsigned NOT NULL default '0',
  `inhome` tinyint(1) unsigned NOT NULL default '0',
  `allowed_comm` tinyint(1) unsigned NOT NULL default '0',
  `allowed_rating` tinyint(1) unsigned NOT NULL default '0',
  `allowed_send` tinyint(1) unsigned NOT NULL default '0',
  `allowed_print` tinyint(1) unsigned NOT NULL default '0',
  `allowed_save` tinyint(1) unsigned NOT NULL default '0',
  `hitstotal` mediumint(8) unsigned NOT NULL default '0',
  `hitscm` mediumint(8) unsigned NOT NULL default '0',
  `total_rating` int(11) NOT NULL default '0',
  `click_rating` int(11) NOT NULL default '0',
  `keywords` text NOT NULL,
  PRIMARY KEY  (`id`),
  KEY `topicid` (`topicid`),
  KEY `admin_id` (`admin_id`),
  KEY `author` (`author`),
  KEY `title` (`title`),
  KEY `addtime` (`addtime`),
  KEY `publtime` (`publtime`),
  KEY `exptime` (`exptime`),
  KEY `listcatid` (`listcatid`)
) ENGINE=MyISAM AUTO_INCREMENT=9 DEFAULT CHARSET=utf8	;
#	TC`nv3_vi_news_13`utf8_general_ci	;
CREATE TABLE `nv3_vi_news_13` (
  `id` int(11) unsigned NOT NULL auto_increment,
  `listcatid` varchar(255) NOT NULL default '',
  `topicid` mediumint(8) unsigned NOT NULL default '0',
  `admin_id` mediumint(8) unsigned NOT NULL default '0',
  `author` varchar(255) NOT NULL default '',
  `sourceid` mediumint(8) NOT NULL default '0',
  `addtime` int(11) unsigned NOT NULL default '0',
  `edittime` int(11) unsigned NOT NULL default '0',
  `status` tinyint(4) NOT NULL default '1',
  `publtime` int(11) unsigned NOT NULL default '0',
  `exptime` int(11) unsigned NOT NULL default '0',
  `archive` tinyint(1) unsigned NOT NULL default '0',
  `title` varchar(255) NOT NULL default '',
  `alias` varchar(255) NOT NULL default '',
  `hometext` mediumtext NOT NULL,
  `homeimgfile` varchar(255) NOT NULL default '',
  `homeimgalt` varchar(255) NOT NULL default '',
  `homeimgthumb` varchar(255) NOT NULL default '',
  `imgposition` tinyint(1) NOT NULL default '1',
  `bodytext` mediumtext NOT NULL,
  `copyright` tinyint(1) unsigned NOT NULL default '0',
  `inhome` tinyint(1) unsigned NOT NULL default '0',
  `allowed_comm` tinyint(1) unsigned NOT NULL default '0',
  `allowed_rating` tinyint(1) unsigned NOT NULL default '0',
  `allowed_send` tinyint(1) unsigned NOT NULL default '0',
  `allowed_print` tinyint(1) unsigned NOT NULL default '0',
  `allowed_save` tinyint(1) unsigned NOT NULL default '0',
  `hitstotal` mediumint(8) unsigned NOT NULL default '0',
  `hitscm` mediumint(8) unsigned NOT NULL default '0',
  `total_rating` int(11) NOT NULL default '0',
  `click_rating` int(11) NOT NULL default '0',
  `keywords` text NOT NULL,
  PRIMARY KEY  (`id`),
  KEY `topicid` (`topicid`),
  KEY `admin_id` (`admin_id`),
  KEY `author` (`author`),
  KEY `title` (`title`),
  KEY `addtime` (`addtime`),
  KEY `publtime` (`publtime`),
  KEY `exptime` (`exptime`),
  KEY `listcatid` (`listcatid`)
) ENGINE=MyISAM DEFAULT CHARSET=utf8	;
#	TC`nv3_vi_news_14`utf8_general_ci	;
CREATE TABLE `nv3_vi_news_14` (
  `id` int(11) unsigned NOT NULL auto_increment,
  `listcatid` varchar(255) NOT NULL default '',
  `topicid` mediumint(8) unsigned NOT NULL default '0',
  `admin_id` mediumint(8) unsigned NOT NULL default '0',
  `author` varchar(255) NOT NULL default '',
  `sourceid` mediumint(8) NOT NULL default '0',
  `addtime` int(11) unsigned NOT NULL default '0',
  `edittime` int(11) unsigned NOT NULL default '0',
  `status` tinyint(4) NOT NULL default '1',
  `publtime` int(11) unsigned NOT NULL default '0',
  `exptime` int(11) unsigned NOT NULL default '0',
  `archive` tinyint(1) unsigned NOT NULL default '0',
  `title` varchar(255) NOT NULL default '',
  `alias` varchar(255) NOT NULL default '',
  `hometext` mediumtext NOT NULL,
  `homeimgfile` varchar(255) NOT NULL default '',
  `homeimgalt` varchar(255) NOT NULL default '',
  `homeimgthumb` varchar(255) NOT NULL default '',
  `imgposition` tinyint(1) NOT NULL default '1',
  `bodytext` mediumtext NOT NULL,
  `copyright` tinyint(1) unsigned NOT NULL default '0',
  `inhome` tinyint(1) unsigned NOT NULL default '0',
  `allowed_comm` tinyint(1) unsigned NOT NULL default '0',
  `allowed_rating` tinyint(1) unsigned NOT NULL default '0',
  `allowed_send` tinyint(1) unsigned NOT NULL default '0',
  `allowed_print` tinyint(1) unsigned NOT NULL default '0',
  `allowed_save` tinyint(1) unsigned NOT NULL default '0',
  `hitstotal` mediumint(8) unsigned NOT NULL default '0',
  `hitscm` mediumint(8) unsigned NOT NULL default '0',
  `total_rating` int(11) NOT NULL default '0',
  `click_rating` int(11) NOT NULL default '0',
  `keywords` text NOT NULL,
  PRIMARY KEY  (`id`),
  KEY `topicid` (`topicid`),
  KEY `admin_id` (`admin_id`),
  KEY `author` (`author`),
  KEY `title` (`title`),
  KEY `addtime` (`addtime`),
  KEY `publtime` (`publtime`),
  KEY `exptime` (`exptime`),
  KEY `listcatid` (`listcatid`)
) ENGINE=MyISAM DEFAULT CHARSET=utf8	;
#	TC`nv3_vi_news_15`utf8_general_ci	;
CREATE TABLE `nv3_vi_news_15` (
  `id` int(11) unsigned NOT NULL auto_increment,
  `listcatid` varchar(255) NOT NULL default '',
  `topicid` mediumint(8) unsigned NOT NULL default '0',
  `admin_id` mediumint(8) unsigned NOT NULL default '0',
  `author` varchar(255) NOT NULL default '',
  `sourceid` mediumint(8) NOT NULL default '0',
  `addtime` int(11) unsigned NOT NULL default '0',
  `edittime` int(11) unsigned NOT NULL default '0',
  `status` tinyint(4) NOT NULL default '1',
  `publtime` int(11) unsigned NOT NULL default '0',
  `exptime` int(11) unsigned NOT NULL default '0',
  `archive` tinyint(1) unsigned NOT NULL default '0',
  `title` varchar(255) NOT NULL default '',
  `alias` varchar(255) NOT NULL default '',
  `hometext` mediumtext NOT NULL,
  `homeimgfile` varchar(255) NOT NULL default '',
  `homeimgalt` varchar(255) NOT NULL default '',
  `homeimgthumb` varchar(255) NOT NULL default '',
  `imgposition` tinyint(1) NOT NULL default '1',
  `bodytext` mediumtext NOT NULL,
  `copyright` tinyint(1) unsigned NOT NULL default '0',
  `inhome` tinyint(1) unsigned NOT NULL default '0',
  `allowed_comm` tinyint(1) unsigned NOT NULL default '0',
  `allowed_rating` tinyint(1) unsigned NOT NULL default '0',
  `allowed_send` tinyint(1) unsigned NOT NULL default '0',
  `allowed_print` tinyint(1) unsigned NOT NULL default '0',
  `allowed_save` tinyint(1) unsigned NOT NULL default '0',
  `hitstotal` mediumint(8) unsigned NOT NULL default '0',
  `hitscm` mediumint(8) unsigned NOT NULL default '0',
  `total_rating` int(11) NOT NULL default '0',
  `click_rating` int(11) NOT NULL default '0',
  `keywords` text NOT NULL,
  PRIMARY KEY  (`id`),
  KEY `topicid` (`topicid`),
  KEY `admin_id` (`admin_id`),
  KEY `author` (`author`),
  KEY `title` (`title`),
  KEY `addtime` (`addtime`),
  KEY `publtime` (`publtime`),
  KEY `exptime` (`exptime`),
  KEY `listcatid` (`listcatid`)
) ENGINE=MyISAM AUTO_INCREMENT=9 DEFAULT CHARSET=utf8	;
#	TC`nv3_vi_news_16`utf8_general_ci	;
CREATE TABLE `nv3_vi_news_16` (
  `id` int(11) unsigned NOT NULL auto_increment,
  `listcatid` varchar(255) NOT NULL default '',
  `topicid` mediumint(8) unsigned NOT NULL default '0',
  `admin_id` mediumint(8) unsigned NOT NULL default '0',
  `author` varchar(255) NOT NULL default '',
  `sourceid` mediumint(8) NOT NULL default '0',
  `addtime` int(11) unsigned NOT NULL default '0',
  `edittime` int(11) unsigned NOT NULL default '0',
  `status` tinyint(4) NOT NULL default '1',
  `publtime` int(11) unsigned NOT NULL default '0',
  `exptime` int(11) unsigned NOT NULL default '0',
  `archive` tinyint(1) unsigned NOT NULL default '0',
  `title` varchar(255) NOT NULL default '',
  `alias` varchar(255) NOT NULL default '',
  `hometext` mediumtext NOT NULL,
  `homeimgfile` varchar(255) NOT NULL default '',
  `homeimgalt` varchar(255) NOT NULL default '',
  `homeimgthumb` varchar(255) NOT NULL default '',
  `imgposition` tinyint(1) NOT NULL default '1',
  `bodytext` mediumtext NOT NULL,
  `copyright` tinyint(1) unsigned NOT NULL default '0',
  `inhome` tinyint(1) unsigned NOT NULL default '0',
  `allowed_comm` tinyint(1) unsigned NOT NULL default '0',
  `allowed_rating` tinyint(1) unsigned NOT NULL default '0',
  `allowed_send` tinyint(1) unsigned NOT NULL default '0',
  `allowed_print` tinyint(1) unsigned NOT NULL default '0',
  `allowed_save` tinyint(1) unsigned NOT NULL default '0',
  `hitstotal` mediumint(8) unsigned NOT NULL default '0',
  `hitscm` mediumint(8) unsigned NOT NULL default '0',
  `total_rating` int(11) NOT NULL default '0',
  `click_rating` int(11) NOT NULL default '0',
  `keywords` text NOT NULL,
  PRIMARY KEY  (`id`),
  KEY `topicid` (`topicid`),
  KEY `admin_id` (`admin_id`),
  KEY `author` (`author`),
  KEY `title` (`title`),
  KEY `addtime` (`addtime`),
  KEY `publtime` (`publtime`),
  KEY `exptime` (`exptime`),
  KEY `listcatid` (`listcatid`)
) ENGINE=MyISAM DEFAULT CHARSET=utf8	;
#	TC`nv3_vi_news_17`utf8_general_ci	;
CREATE TABLE `nv3_vi_news_17` (
  `id` int(11) unsigned NOT NULL auto_increment,
  `listcatid` varchar(255) NOT NULL default '',
  `topicid` mediumint(8) unsigned NOT NULL default '0',
  `admin_id` mediumint(8) unsigned NOT NULL default '0',
  `author` varchar(255) NOT NULL default '',
  `sourceid` mediumint(8) NOT NULL default '0',
  `addtime` int(11) unsigned NOT NULL default '0',
  `edittime` int(11) unsigned NOT NULL default '0',
  `status` tinyint(4) NOT NULL default '1',
  `publtime` int(11) unsigned NOT NULL default '0',
  `exptime` int(11) unsigned NOT NULL default '0',
  `archive` tinyint(1) unsigned NOT NULL default '0',
  `title` varchar(255) NOT NULL default '',
  `alias` varchar(255) NOT NULL default '',
  `hometext` mediumtext NOT NULL,
  `homeimgfile` varchar(255) NOT NULL default '',
  `homeimgalt` varchar(255) NOT NULL default '',
  `homeimgthumb` varchar(255) NOT NULL default '',
  `imgposition` tinyint(1) NOT NULL default '1',
  `bodytext` mediumtext NOT NULL,
  `copyright` tinyint(1) unsigned NOT NULL default '0',
  `inhome` tinyint(1) unsigned NOT NULL default '0',
  `allowed_comm` tinyint(1) unsigned NOT NULL default '0',
  `allowed_rating` tinyint(1) unsigned NOT NULL default '0',
  `allowed_send` tinyint(1) unsigned NOT NULL default '0',
  `allowed_print` tinyint(1) unsigned NOT NULL default '0',
  `allowed_save` tinyint(1) unsigned NOT NULL default '0',
  `hitstotal` mediumint(8) unsigned NOT NULL default '0',
  `hitscm` mediumint(8) unsigned NOT NULL default '0',
  `total_rating` int(11) NOT NULL default '0',
  `click_rating` int(11) NOT NULL default '0',
  `keywords` text NOT NULL,
  PRIMARY KEY  (`id`),
  KEY `topicid` (`topicid`),
  KEY `admin_id` (`admin_id`),
  KEY `author` (`author`),
  KEY `title` (`title`),
  KEY `addtime` (`addtime`),
  KEY `publtime` (`publtime`),
  KEY `exptime` (`exptime`),
  KEY `listcatid` (`listcatid`)
) ENGINE=MyISAM DEFAULT CHARSET=utf8	;
#	TC`nv3_vi_news_18`utf8_general_ci	;
CREATE TABLE `nv3_vi_news_18` (
  `id` int(11) unsigned NOT NULL auto_increment,
  `listcatid` varchar(255) NOT NULL default '',
  `topicid` mediumint(8) unsigned NOT NULL default '0',
  `admin_id` mediumint(8) unsigned NOT NULL default '0',
  `author` varchar(255) NOT NULL default '',
  `sourceid` mediumint(8) NOT NULL default '0',
  `addtime` int(11) unsigned NOT NULL default '0',
  `edittime` int(11) unsigned NOT NULL default '0',
  `status` tinyint(4) NOT NULL default '1',
  `publtime` int(11) unsigned NOT NULL default '0',
  `exptime` int(11) unsigned NOT NULL default '0',
  `archive` tinyint(1) unsigned NOT NULL default '0',
  `title` varchar(255) NOT NULL default '',
  `alias` varchar(255) NOT NULL default '',
  `hometext` mediumtext NOT NULL,
  `homeimgfile` varchar(255) NOT NULL default '',
  `homeimgalt` varchar(255) NOT NULL default '',
  `homeimgthumb` varchar(255) NOT NULL default '',
  `imgposition` tinyint(1) NOT NULL default '1',
  `bodytext` mediumtext NOT NULL,
  `copyright` tinyint(1) unsigned NOT NULL default '0',
  `inhome` tinyint(1) unsigned NOT NULL default '0',
  `allowed_comm` tinyint(1) unsigned NOT NULL default '0',
  `allowed_rating` tinyint(1) unsigned NOT NULL default '0',
  `allowed_send` tinyint(1) unsigned NOT NULL default '0',
  `allowed_print` tinyint(1) unsigned NOT NULL default '0',
  `allowed_save` tinyint(1) unsigned NOT NULL default '0',
  `hitstotal` mediumint(8) unsigned NOT NULL default '0',
  `hitscm` mediumint(8) unsigned NOT NULL default '0',
  `total_rating` int(11) NOT NULL default '0',
  `click_rating` int(11) NOT NULL default '0',
  `keywords` text NOT NULL,
  PRIMARY KEY  (`id`),
  KEY `topicid` (`topicid`),
  KEY `admin_id` (`admin_id`),
  KEY `author` (`author`),
  KEY `title` (`title`),
  KEY `addtime` (`addtime`),
  KEY `publtime` (`publtime`),
  KEY `exptime` (`exptime`),
  KEY `listcatid` (`listcatid`)
) ENGINE=MyISAM DEFAULT CHARSET=utf8	;
#	TC`nv3_vi_news_19`utf8_general_ci	;
CREATE TABLE `nv3_vi_news_19` (
  `id` int(11) unsigned NOT NULL auto_increment,
  `listcatid` varchar(255) NOT NULL default '',
  `topicid` mediumint(8) unsigned NOT NULL default '0',
  `admin_id` mediumint(8) unsigned NOT NULL default '0',
  `author` varchar(255) NOT NULL default '',
  `sourceid` mediumint(8) NOT NULL default '0',
  `addtime` int(11) unsigned NOT NULL default '0',
  `edittime` int(11) unsigned NOT NULL default '0',
  `status` tinyint(4) NOT NULL default '1',
  `publtime` int(11) unsigned NOT NULL default '0',
  `exptime` int(11) unsigned NOT NULL default '0',
  `archive` tinyint(1) unsigned NOT NULL default '0',
  `title` varchar(255) NOT NULL default '',
  `alias` varchar(255) NOT NULL default '',
  `hometext` mediumtext NOT NULL,
  `homeimgfile` varchar(255) NOT NULL default '',
  `homeimgalt` varchar(255) NOT NULL default '',
  `homeimgthumb` varchar(255) NOT NULL default '',
  `imgposition` tinyint(1) NOT NULL default '1',
  `bodytext` mediumtext NOT NULL,
  `copyright` tinyint(1) unsigned NOT NULL default '0',
  `inhome` tinyint(1) unsigned NOT NULL default '0',
  `allowed_comm` tinyint(1) unsigned NOT NULL default '0',
  `allowed_rating` tinyint(1) unsigned NOT NULL default '0',
  `allowed_send` tinyint(1) unsigned NOT NULL default '0',
  `allowed_print` tinyint(1) unsigned NOT NULL default '0',
  `allowed_save` tinyint(1) unsigned NOT NULL default '0',
  `hitstotal` mediumint(8) unsigned NOT NULL default '0',
  `hitscm` mediumint(8) unsigned NOT NULL default '0',
  `total_rating` int(11) NOT NULL default '0',
  `click_rating` int(11) NOT NULL default '0',
  `keywords` text NOT NULL,
  PRIMARY KEY  (`id`),
  KEY `topicid` (`topicid`),
  KEY `admin_id` (`admin_id`),
  KEY `author` (`author`),
  KEY `title` (`title`),
  KEY `addtime` (`addtime`),
  KEY `publtime` (`publtime`),
  KEY `exptime` (`exptime`),
  KEY `listcatid` (`listcatid`)
) ENGINE=MyISAM AUTO_INCREMENT=12 DEFAULT CHARSET=utf8	;
#	TD`nv3_vi_news_19`utf8_general_ci	;
INSERT INTO `nv3_vi_news_19` VALUES 
(11,'1,10,19',0,1,'Trần Kim Hoa',0,1316698812,1316698812,1,1316698812,0,2,'ácascasc','acascasc','adcadscascas','2011_09/thu-2.jpg','','thumb/thu-2_1.jpg|block/thu-2_1.jpg',2,'âcsdcas',1,1,2,1,1,1,1,0,0,0,0,'n/a')	;
#	TC`nv3_vi_news_2`utf8_general_ci	;
CREATE TABLE `nv3_vi_news_2` (
  `id` int(11) unsigned NOT NULL auto_increment,
  `listcatid` varchar(255) NOT NULL default '',
  `topicid` mediumint(8) unsigned NOT NULL default '0',
  `admin_id` mediumint(8) unsigned NOT NULL default '0',
  `author` varchar(255) NOT NULL default '',
  `sourceid` mediumint(8) NOT NULL default '0',
  `addtime` int(11) unsigned NOT NULL default '0',
  `edittime` int(11) unsigned NOT NULL default '0',
  `status` tinyint(4) NOT NULL default '1',
  `publtime` int(11) unsigned NOT NULL default '0',
  `exptime` int(11) unsigned NOT NULL default '0',
  `archive` tinyint(1) unsigned NOT NULL default '0',
  `title` varchar(255) NOT NULL default '',
  `alias` varchar(255) NOT NULL default '',
  `hometext` mediumtext NOT NULL,
  `homeimgfile` varchar(255) NOT NULL default '',
  `homeimgalt` varchar(255) NOT NULL default '',
  `homeimgthumb` varchar(255) NOT NULL default '',
  `imgposition` tinyint(1) NOT NULL default '1',
  `bodytext` mediumtext NOT NULL,
  `copyright` tinyint(1) unsigned NOT NULL default '0',
  `inhome` tinyint(1) unsigned NOT NULL default '0',
  `allowed_comm` tinyint(1) unsigned NOT NULL default '0',
  `allowed_rating` tinyint(1) unsigned NOT NULL default '0',
  `allowed_send` tinyint(1) unsigned NOT NULL default '0',
  `allowed_print` tinyint(1) unsigned NOT NULL default '0',
  `allowed_save` tinyint(1) unsigned NOT NULL default '0',
  `hitstotal` mediumint(8) unsigned NOT NULL default '0',
  `hitscm` mediumint(8) unsigned NOT NULL default '0',
  `total_rating` int(11) NOT NULL default '0',
  `click_rating` int(11) NOT NULL default '0',
  `keywords` text NOT NULL,
  PRIMARY KEY  (`id`),
  KEY `topicid` (`topicid`),
  KEY `admin_id` (`admin_id`),
  KEY `author` (`author`),
  KEY `title` (`title`),
  KEY `addtime` (`addtime`),
  KEY `publtime` (`publtime`),
  KEY `exptime` (`exptime`),
  KEY `listcatid` (`listcatid`)
) ENGINE=MyISAM AUTO_INCREMENT=9 DEFAULT CHARSET=utf8	;
#	TC`nv3_vi_news_20`utf8_general_ci	;
CREATE TABLE `nv3_vi_news_20` (
  `id` int(11) unsigned NOT NULL auto_increment,
  `listcatid` varchar(255) NOT NULL default '',
  `topicid` mediumint(8) unsigned NOT NULL default '0',
  `admin_id` mediumint(8) unsigned NOT NULL default '0',
  `author` varchar(255) NOT NULL default '',
  `sourceid` mediumint(8) NOT NULL default '0',
  `addtime` int(11) unsigned NOT NULL default '0',
  `edittime` int(11) unsigned NOT NULL default '0',
  `status` tinyint(4) NOT NULL default '1',
  `publtime` int(11) unsigned NOT NULL default '0',
  `exptime` int(11) unsigned NOT NULL default '0',
  `archive` tinyint(1) unsigned NOT NULL default '0',
  `title` varchar(255) NOT NULL default '',
  `alias` varchar(255) NOT NULL default '',
  `hometext` mediumtext NOT NULL,
  `homeimgfile` varchar(255) NOT NULL default '',
  `homeimgalt` varchar(255) NOT NULL default '',
  `homeimgthumb` varchar(255) NOT NULL default '',
  `imgposition` tinyint(1) NOT NULL default '1',
  `bodytext` mediumtext NOT NULL,
  `copyright` tinyint(1) unsigned NOT NULL default '0',
  `inhome` tinyint(1) unsigned NOT NULL default '0',
  `allowed_comm` tinyint(1) unsigned NOT NULL default '0',
  `allowed_rating` tinyint(1) unsigned NOT NULL default '0',
  `allowed_send` tinyint(1) unsigned NOT NULL default '0',
  `allowed_print` tinyint(1) unsigned NOT NULL default '0',
  `allowed_save` tinyint(1) unsigned NOT NULL default '0',
  `hitstotal` mediumint(8) unsigned NOT NULL default '0',
  `hitscm` mediumint(8) unsigned NOT NULL default '0',
  `total_rating` int(11) NOT NULL default '0',
  `click_rating` int(11) NOT NULL default '0',
  `keywords` text NOT NULL,
  PRIMARY KEY  (`id`),
  KEY `topicid` (`topicid`),
  KEY `admin_id` (`admin_id`),
  KEY `author` (`author`),
  KEY `title` (`title`),
  KEY `addtime` (`addtime`),
  KEY `publtime` (`publtime`),
  KEY `exptime` (`exptime`),
  KEY `listcatid` (`listcatid`)
) ENGINE=MyISAM DEFAULT CHARSET=utf8	;
#	TC`nv3_vi_news_21`utf8_general_ci	;
CREATE TABLE `nv3_vi_news_21` (
  `id` int(11) unsigned NOT NULL auto_increment,
  `listcatid` varchar(255) NOT NULL default '',
  `topicid` mediumint(8) unsigned NOT NULL default '0',
  `admin_id` mediumint(8) unsigned NOT NULL default '0',
  `author` varchar(255) NOT NULL default '',
  `sourceid` mediumint(8) NOT NULL default '0',
  `addtime` int(11) unsigned NOT NULL default '0',
  `edittime` int(11) unsigned NOT NULL default '0',
  `status` tinyint(4) NOT NULL default '1',
  `publtime` int(11) unsigned NOT NULL default '0',
  `exptime` int(11) unsigned NOT NULL default '0',
  `archive` tinyint(1) unsigned NOT NULL default '0',
  `title` varchar(255) NOT NULL default '',
  `alias` varchar(255) NOT NULL default '',
  `hometext` mediumtext NOT NULL,
  `homeimgfile` varchar(255) NOT NULL default '',
  `homeimgalt` varchar(255) NOT NULL default '',
  `homeimgthumb` varchar(255) NOT NULL default '',
  `imgposition` tinyint(1) NOT NULL default '1',
  `bodytext` mediumtext NOT NULL,
  `copyright` tinyint(1) unsigned NOT NULL default '0',
  `inhome` tinyint(1) unsigned NOT NULL default '0',
  `allowed_comm` tinyint(1) unsigned NOT NULL default '0',
  `allowed_rating` tinyint(1) unsigned NOT NULL default '0',
  `allowed_send` tinyint(1) unsigned NOT NULL default '0',
  `allowed_print` tinyint(1) unsigned NOT NULL default '0',
  `allowed_save` tinyint(1) unsigned NOT NULL default '0',
  `hitstotal` mediumint(8) unsigned NOT NULL default '0',
  `hitscm` mediumint(8) unsigned NOT NULL default '0',
  `total_rating` int(11) NOT NULL default '0',
  `click_rating` int(11) NOT NULL default '0',
  `keywords` text NOT NULL,
  PRIMARY KEY  (`id`),
  KEY `topicid` (`topicid`),
  KEY `admin_id` (`admin_id`),
  KEY `author` (`author`),
  KEY `title` (`title`),
  KEY `addtime` (`addtime`),
  KEY `publtime` (`publtime`),
  KEY `exptime` (`exptime`),
  KEY `listcatid` (`listcatid`)
) ENGINE=MyISAM DEFAULT CHARSET=utf8	;
#	TC`nv3_vi_news_22`utf8_general_ci	;
CREATE TABLE `nv3_vi_news_22` (
  `id` int(11) unsigned NOT NULL auto_increment,
  `listcatid` varchar(255) NOT NULL default '',
  `topicid` mediumint(8) unsigned NOT NULL default '0',
  `admin_id` mediumint(8) unsigned NOT NULL default '0',
  `author` varchar(255) NOT NULL default '',
  `sourceid` mediumint(8) NOT NULL default '0',
  `addtime` int(11) unsigned NOT NULL default '0',
  `edittime` int(11) unsigned NOT NULL default '0',
  `status` tinyint(4) NOT NULL default '1',
  `publtime` int(11) unsigned NOT NULL default '0',
  `exptime` int(11) unsigned NOT NULL default '0',
  `archive` tinyint(1) unsigned NOT NULL default '0',
  `title` varchar(255) NOT NULL default '',
  `alias` varchar(255) NOT NULL default '',
  `hometext` mediumtext NOT NULL,
  `homeimgfile` varchar(255) NOT NULL default '',
  `homeimgalt` varchar(255) NOT NULL default '',
  `homeimgthumb` varchar(255) NOT NULL default '',
  `imgposition` tinyint(1) NOT NULL default '1',
  `bodytext` mediumtext NOT NULL,
  `copyright` tinyint(1) unsigned NOT NULL default '0',
  `inhome` tinyint(1) unsigned NOT NULL default '0',
  `allowed_comm` tinyint(1) unsigned NOT NULL default '0',
  `allowed_rating` tinyint(1) unsigned NOT NULL default '0',
  `allowed_send` tinyint(1) unsigned NOT NULL default '0',
  `allowed_print` tinyint(1) unsigned NOT NULL default '0',
  `allowed_save` tinyint(1) unsigned NOT NULL default '0',
  `hitstotal` mediumint(8) unsigned NOT NULL default '0',
  `hitscm` mediumint(8) unsigned NOT NULL default '0',
  `total_rating` int(11) NOT NULL default '0',
  `click_rating` int(11) NOT NULL default '0',
  `keywords` text NOT NULL,
  PRIMARY KEY  (`id`),
  KEY `topicid` (`topicid`),
  KEY `admin_id` (`admin_id`),
  KEY `author` (`author`),
  KEY `title` (`title`),
  KEY `addtime` (`addtime`),
  KEY `publtime` (`publtime`),
  KEY `exptime` (`exptime`),
  KEY `listcatid` (`listcatid`)
) ENGINE=MyISAM DEFAULT CHARSET=utf8	;
#	TC`nv3_vi_news_23`utf8_general_ci	;
CREATE TABLE `nv3_vi_news_23` (
  `id` int(11) unsigned NOT NULL auto_increment,
  `listcatid` varchar(255) NOT NULL default '',
  `topicid` mediumint(8) unsigned NOT NULL default '0',
  `admin_id` mediumint(8) unsigned NOT NULL default '0',
  `author` varchar(255) NOT NULL default '',
  `sourceid` mediumint(8) NOT NULL default '0',
  `addtime` int(11) unsigned NOT NULL default '0',
  `edittime` int(11) unsigned NOT NULL default '0',
  `status` tinyint(4) NOT NULL default '1',
  `publtime` int(11) unsigned NOT NULL default '0',
  `exptime` int(11) unsigned NOT NULL default '0',
  `archive` tinyint(1) unsigned NOT NULL default '0',
  `title` varchar(255) NOT NULL default '',
  `alias` varchar(255) NOT NULL default '',
  `hometext` mediumtext NOT NULL,
  `homeimgfile` varchar(255) NOT NULL default '',
  `homeimgalt` varchar(255) NOT NULL default '',
  `homeimgthumb` varchar(255) NOT NULL default '',
  `imgposition` tinyint(1) NOT NULL default '1',
  `bodytext` mediumtext NOT NULL,
  `copyright` tinyint(1) unsigned NOT NULL default '0',
  `inhome` tinyint(1) unsigned NOT NULL default '0',
  `allowed_comm` tinyint(1) unsigned NOT NULL default '0',
  `allowed_rating` tinyint(1) unsigned NOT NULL default '0',
  `allowed_send` tinyint(1) unsigned NOT NULL default '0',
  `allowed_print` tinyint(1) unsigned NOT NULL default '0',
  `allowed_save` tinyint(1) unsigned NOT NULL default '0',
  `hitstotal` mediumint(8) unsigned NOT NULL default '0',
  `hitscm` mediumint(8) unsigned NOT NULL default '0',
  `total_rating` int(11) NOT NULL default '0',
  `click_rating` int(11) NOT NULL default '0',
  `keywords` text NOT NULL,
  PRIMARY KEY  (`id`),
  KEY `topicid` (`topicid`),
  KEY `admin_id` (`admin_id`),
  KEY `author` (`author`),
  KEY `title` (`title`),
  KEY `addtime` (`addtime`),
  KEY `publtime` (`publtime`),
  KEY `exptime` (`exptime`),
  KEY `listcatid` (`listcatid`)
) ENGINE=MyISAM DEFAULT CHARSET=utf8	;
#	TC`nv3_vi_news_24`utf8_general_ci	;
CREATE TABLE `nv3_vi_news_24` (
  `id` int(11) unsigned NOT NULL auto_increment,
  `listcatid` varchar(255) NOT NULL default '',
  `topicid` mediumint(8) unsigned NOT NULL default '0',
  `admin_id` mediumint(8) unsigned NOT NULL default '0',
  `author` varchar(255) NOT NULL default '',
  `sourceid` mediumint(8) NOT NULL default '0',
  `addtime` int(11) unsigned NOT NULL default '0',
  `edittime` int(11) unsigned NOT NULL default '0',
  `status` tinyint(4) NOT NULL default '1',
  `publtime` int(11) unsigned NOT NULL default '0',
  `exptime` int(11) unsigned NOT NULL default '0',
  `archive` tinyint(1) unsigned NOT NULL default '0',
  `title` varchar(255) NOT NULL default '',
  `alias` varchar(255) NOT NULL default '',
  `hometext` mediumtext NOT NULL,
  `homeimgfile` varchar(255) NOT NULL default '',
  `homeimgalt` varchar(255) NOT NULL default '',
  `homeimgthumb` varchar(255) NOT NULL default '',
  `imgposition` tinyint(1) NOT NULL default '1',
  `bodytext` mediumtext NOT NULL,
  `copyright` tinyint(1) unsigned NOT NULL default '0',
  `inhome` tinyint(1) unsigned NOT NULL default '0',
  `allowed_comm` tinyint(1) unsigned NOT NULL default '0',
  `allowed_rating` tinyint(1) unsigned NOT NULL default '0',
  `allowed_send` tinyint(1) unsigned NOT NULL default '0',
  `allowed_print` tinyint(1) unsigned NOT NULL default '0',
  `allowed_save` tinyint(1) unsigned NOT NULL default '0',
  `hitstotal` mediumint(8) unsigned NOT NULL default '0',
  `hitscm` mediumint(8) unsigned NOT NULL default '0',
  `total_rating` int(11) NOT NULL default '0',
  `click_rating` int(11) NOT NULL default '0',
  `keywords` text NOT NULL,
  PRIMARY KEY  (`id`),
  KEY `topicid` (`topicid`),
  KEY `admin_id` (`admin_id`),
  KEY `author` (`author`),
  KEY `title` (`title`),
  KEY `addtime` (`addtime`),
  KEY `publtime` (`publtime`),
  KEY `exptime` (`exptime`),
  KEY `listcatid` (`listcatid`)
) ENGINE=MyISAM DEFAULT CHARSET=utf8	;
#	TC`nv3_vi_news_25`utf8_general_ci	;
CREATE TABLE `nv3_vi_news_25` (
  `id` int(11) unsigned NOT NULL auto_increment,
  `listcatid` varchar(255) NOT NULL default '',
  `topicid` mediumint(8) unsigned NOT NULL default '0',
  `admin_id` mediumint(8) unsigned NOT NULL default '0',
  `author` varchar(255) NOT NULL default '',
  `sourceid` mediumint(8) NOT NULL default '0',
  `addtime` int(11) unsigned NOT NULL default '0',
  `edittime` int(11) unsigned NOT NULL default '0',
  `status` tinyint(4) NOT NULL default '1',
  `publtime` int(11) unsigned NOT NULL default '0',
  `exptime` int(11) unsigned NOT NULL default '0',
  `archive` tinyint(1) unsigned NOT NULL default '0',
  `title` varchar(255) NOT NULL default '',
  `alias` varchar(255) NOT NULL default '',
  `hometext` mediumtext NOT NULL,
  `homeimgfile` varchar(255) NOT NULL default '',
  `homeimgalt` varchar(255) NOT NULL default '',
  `homeimgthumb` varchar(255) NOT NULL default '',
  `imgposition` tinyint(1) NOT NULL default '1',
  `bodytext` mediumtext NOT NULL,
  `copyright` tinyint(1) unsigned NOT NULL default '0',
  `inhome` tinyint(1) unsigned NOT NULL default '0',
  `allowed_comm` tinyint(1) unsigned NOT NULL default '0',
  `allowed_rating` tinyint(1) unsigned NOT NULL default '0',
  `allowed_send` tinyint(1) unsigned NOT NULL default '0',
  `allowed_print` tinyint(1) unsigned NOT NULL default '0',
  `allowed_save` tinyint(1) unsigned NOT NULL default '0',
  `hitstotal` mediumint(8) unsigned NOT NULL default '0',
  `hitscm` mediumint(8) unsigned NOT NULL default '0',
  `total_rating` int(11) NOT NULL default '0',
  `click_rating` int(11) NOT NULL default '0',
  `keywords` text NOT NULL,
  PRIMARY KEY  (`id`),
  KEY `topicid` (`topicid`),
  KEY `admin_id` (`admin_id`),
  KEY `author` (`author`),
  KEY `title` (`title`),
  KEY `addtime` (`addtime`),
  KEY `publtime` (`publtime`),
  KEY `exptime` (`exptime`),
  KEY `listcatid` (`listcatid`)
) ENGINE=MyISAM DEFAULT CHARSET=utf8	;
#	TC`nv3_vi_news_26`utf8_general_ci	;
CREATE TABLE `nv3_vi_news_26` (
  `id` int(11) unsigned NOT NULL auto_increment,
  `listcatid` varchar(255) NOT NULL default '',
  `topicid` mediumint(8) unsigned NOT NULL default '0',
  `admin_id` mediumint(8) unsigned NOT NULL default '0',
  `author` varchar(255) NOT NULL default '',
  `sourceid` mediumint(8) NOT NULL default '0',
  `addtime` int(11) unsigned NOT NULL default '0',
  `edittime` int(11) unsigned NOT NULL default '0',
  `status` tinyint(4) NOT NULL default '1',
  `publtime` int(11) unsigned NOT NULL default '0',
  `exptime` int(11) unsigned NOT NULL default '0',
  `archive` tinyint(1) unsigned NOT NULL default '0',
  `title` varchar(255) NOT NULL default '',
  `alias` varchar(255) NOT NULL default '',
  `hometext` mediumtext NOT NULL,
  `homeimgfile` varchar(255) NOT NULL default '',
  `homeimgalt` varchar(255) NOT NULL default '',
  `homeimgthumb` varchar(255) NOT NULL default '',
  `imgposition` tinyint(1) NOT NULL default '1',
  `bodytext` mediumtext NOT NULL,
  `copyright` tinyint(1) unsigned NOT NULL default '0',
  `inhome` tinyint(1) unsigned NOT NULL default '0',
  `allowed_comm` tinyint(1) unsigned NOT NULL default '0',
  `allowed_rating` tinyint(1) unsigned NOT NULL default '0',
  `allowed_send` tinyint(1) unsigned NOT NULL default '0',
  `allowed_print` tinyint(1) unsigned NOT NULL default '0',
  `allowed_save` tinyint(1) unsigned NOT NULL default '0',
  `hitstotal` mediumint(8) unsigned NOT NULL default '0',
  `hitscm` mediumint(8) unsigned NOT NULL default '0',
  `total_rating` int(11) NOT NULL default '0',
  `click_rating` int(11) NOT NULL default '0',
  `keywords` text NOT NULL,
  PRIMARY KEY  (`id`),
  KEY `topicid` (`topicid`),
  KEY `admin_id` (`admin_id`),
  KEY `author` (`author`),
  KEY `title` (`title`),
  KEY `addtime` (`addtime`),
  KEY `publtime` (`publtime`),
  KEY `exptime` (`exptime`),
  KEY `listcatid` (`listcatid`)
) ENGINE=MyISAM DEFAULT CHARSET=utf8	;
#	TC`nv3_vi_news_27`utf8_general_ci	;
CREATE TABLE `nv3_vi_news_27` (
  `id` int(11) unsigned NOT NULL auto_increment,
  `listcatid` varchar(255) NOT NULL default '',
  `topicid` mediumint(8) unsigned NOT NULL default '0',
  `admin_id` mediumint(8) unsigned NOT NULL default '0',
  `author` varchar(255) NOT NULL default '',
  `sourceid` mediumint(8) NOT NULL default '0',
  `addtime` int(11) unsigned NOT NULL default '0',
  `edittime` int(11) unsigned NOT NULL default '0',
  `status` tinyint(4) NOT NULL default '1',
  `publtime` int(11) unsigned NOT NULL default '0',
  `exptime` int(11) unsigned NOT NULL default '0',
  `archive` tinyint(1) unsigned NOT NULL default '0',
  `title` varchar(255) NOT NULL default '',
  `alias` varchar(255) NOT NULL default '',
  `hometext` mediumtext NOT NULL,
  `homeimgfile` varchar(255) NOT NULL default '',
  `homeimgalt` varchar(255) NOT NULL default '',
  `homeimgthumb` varchar(255) NOT NULL default '',
  `imgposition` tinyint(1) NOT NULL default '1',
  `bodytext` mediumtext NOT NULL,
  `copyright` tinyint(1) unsigned NOT NULL default '0',
  `inhome` tinyint(1) unsigned NOT NULL default '0',
  `allowed_comm` tinyint(1) unsigned NOT NULL default '0',
  `allowed_rating` tinyint(1) unsigned NOT NULL default '0',
  `allowed_send` tinyint(1) unsigned NOT NULL default '0',
  `allowed_print` tinyint(1) unsigned NOT NULL default '0',
  `allowed_save` tinyint(1) unsigned NOT NULL default '0',
  `hitstotal` mediumint(8) unsigned NOT NULL default '0',
  `hitscm` mediumint(8) unsigned NOT NULL default '0',
  `total_rating` int(11) NOT NULL default '0',
  `click_rating` int(11) NOT NULL default '0',
  `keywords` text NOT NULL,
  PRIMARY KEY  (`id`),
  KEY `topicid` (`topicid`),
  KEY `admin_id` (`admin_id`),
  KEY `author` (`author`),
  KEY `title` (`title`),
  KEY `addtime` (`addtime`),
  KEY `publtime` (`publtime`),
  KEY `exptime` (`exptime`),
  KEY `listcatid` (`listcatid`)
) ENGINE=MyISAM AUTO_INCREMENT=11 DEFAULT CHARSET=utf8	;
#	TD`nv3_vi_news_27`utf8_general_ci	;
INSERT INTO `nv3_vi_news_27` VALUES 
(9,'27,34',0,1,'Admin',0,1316090754,1316090754,1,1316090754,0,2,'Toán lớp 12 Một số dạng Phương trình lượng giác thường gặp thầy Nguyễn Anh Dũng','Toan-lop-12-Mot-so-dang-Phuong-trinh-luong-giac-thuong-gap-thay-Nguyen-Anh-Dung','Một số phương trình lượng giác thường gặp','2011_09/hocthidaihoc.jpg','','thumb/hocthidaihoc.jpg|block/hocthidaihoc.jpg',0,'<div style=\"text-align: center;\"> <object height=\"369\" width=\"500\"><param name=\"movie\" value=\"http://www.youtube.com/v/yWLk2H2PI7c?version=3&amp;hl=vi_VN\" /><param name=\"allowFullScreen\" value=\"true\" /><param name=\"allowscriptaccess\" value=\"always\" /><embed allowfullscreen=\"true\" allowscriptaccess=\"always\" height=\"369\" src=\"http://www.youtube.com/v/yWLk2H2PI7c?version=3&amp;hl=vi_VN\" type=\"application/x-shockwave-flash\" width=\"500\"></embed></object><br  /> Video được đăng tải trên youtube</div>',0,1,2,1,1,1,1,8,0,0,0,'n/a'),
(10,'27,34',0,1,'Admin',0,1316170755,1316170755,1,1316170755,0,2,'Video giải đề thi đại học phần 1','Video-giai-de-thi-dai-hoc-phan-1','Video hướng dẫn giải đề thi đại học','2011_09/dap_an_de_thi_dai_hoc_mon_su_khoi_c_nam_2011.jpg','','thumb/dap_an_de_thi_dai_hoc_mon_su_khoi_c_nam_2011.jpg|block/dap_an_de_thi_dai_hoc_mon_su_khoi_c_nam_2011.jpg',0,'<div style=\"text-align: center;\"> <br  /> Video được đăng tải trên youtube</div>',0,1,2,1,1,1,1,3,0,0,0,'n/a')	;
#	TC`nv3_vi_news_28`utf8_general_ci	;
CREATE TABLE `nv3_vi_news_28` (
  `id` int(11) unsigned NOT NULL auto_increment,
  `listcatid` varchar(255) NOT NULL default '',
  `topicid` mediumint(8) unsigned NOT NULL default '0',
  `admin_id` mediumint(8) unsigned NOT NULL default '0',
  `author` varchar(255) NOT NULL default '',
  `sourceid` mediumint(8) NOT NULL default '0',
  `addtime` int(11) unsigned NOT NULL default '0',
  `edittime` int(11) unsigned NOT NULL default '0',
  `status` tinyint(4) NOT NULL default '1',
  `publtime` int(11) unsigned NOT NULL default '0',
  `exptime` int(11) unsigned NOT NULL default '0',
  `archive` tinyint(1) unsigned NOT NULL default '0',
  `title` varchar(255) NOT NULL default '',
  `alias` varchar(255) NOT NULL default '',
  `hometext` mediumtext NOT NULL,
  `homeimgfile` varchar(255) NOT NULL default '',
  `homeimgalt` varchar(255) NOT NULL default '',
  `homeimgthumb` varchar(255) NOT NULL default '',
  `imgposition` tinyint(1) NOT NULL default '1',
  `bodytext` mediumtext NOT NULL,
  `copyright` tinyint(1) unsigned NOT NULL default '0',
  `inhome` tinyint(1) unsigned NOT NULL default '0',
  `allowed_comm` tinyint(1) unsigned NOT NULL default '0',
  `allowed_rating` tinyint(1) unsigned NOT NULL default '0',
  `allowed_send` tinyint(1) unsigned NOT NULL default '0',
  `allowed_print` tinyint(1) unsigned NOT NULL default '0',
  `allowed_save` tinyint(1) unsigned NOT NULL default '0',
  `hitstotal` mediumint(8) unsigned NOT NULL default '0',
  `hitscm` mediumint(8) unsigned NOT NULL default '0',
  `total_rating` int(11) NOT NULL default '0',
  `click_rating` int(11) NOT NULL default '0',
  `keywords` text NOT NULL,
  PRIMARY KEY  (`id`),
  KEY `topicid` (`topicid`),
  KEY `admin_id` (`admin_id`),
  KEY `author` (`author`),
  KEY `title` (`title`),
  KEY `addtime` (`addtime`),
  KEY `publtime` (`publtime`),
  KEY `exptime` (`exptime`),
  KEY `listcatid` (`listcatid`)
) ENGINE=MyISAM DEFAULT CHARSET=utf8	;
#	TC`nv3_vi_news_29`utf8_general_ci	;
CREATE TABLE `nv3_vi_news_29` (
  `id` int(11) unsigned NOT NULL auto_increment,
  `listcatid` varchar(255) NOT NULL default '',
  `topicid` mediumint(8) unsigned NOT NULL default '0',
  `admin_id` mediumint(8) unsigned NOT NULL default '0',
  `author` varchar(255) NOT NULL default '',
  `sourceid` mediumint(8) NOT NULL default '0',
  `addtime` int(11) unsigned NOT NULL default '0',
  `edittime` int(11) unsigned NOT NULL default '0',
  `status` tinyint(4) NOT NULL default '1',
  `publtime` int(11) unsigned NOT NULL default '0',
  `exptime` int(11) unsigned NOT NULL default '0',
  `archive` tinyint(1) unsigned NOT NULL default '0',
  `title` varchar(255) NOT NULL default '',
  `alias` varchar(255) NOT NULL default '',
  `hometext` mediumtext NOT NULL,
  `homeimgfile` varchar(255) NOT NULL default '',
  `homeimgalt` varchar(255) NOT NULL default '',
  `homeimgthumb` varchar(255) NOT NULL default '',
  `imgposition` tinyint(1) NOT NULL default '1',
  `bodytext` mediumtext NOT NULL,
  `copyright` tinyint(1) unsigned NOT NULL default '0',
  `inhome` tinyint(1) unsigned NOT NULL default '0',
  `allowed_comm` tinyint(1) unsigned NOT NULL default '0',
  `allowed_rating` tinyint(1) unsigned NOT NULL default '0',
  `allowed_send` tinyint(1) unsigned NOT NULL default '0',
  `allowed_print` tinyint(1) unsigned NOT NULL default '0',
  `allowed_save` tinyint(1) unsigned NOT NULL default '0',
  `hitstotal` mediumint(8) unsigned NOT NULL default '0',
  `hitscm` mediumint(8) unsigned NOT NULL default '0',
  `total_rating` int(11) NOT NULL default '0',
  `click_rating` int(11) NOT NULL default '0',
  `keywords` text NOT NULL,
  PRIMARY KEY  (`id`),
  KEY `topicid` (`topicid`),
  KEY `admin_id` (`admin_id`),
  KEY `author` (`author`),
  KEY `title` (`title`),
  KEY `addtime` (`addtime`),
  KEY `publtime` (`publtime`),
  KEY `exptime` (`exptime`),
  KEY `listcatid` (`listcatid`)
) ENGINE=MyISAM DEFAULT CHARSET=utf8	;
#	TC`nv3_vi_news_30`utf8_general_ci	;
CREATE TABLE `nv3_vi_news_30` (
  `id` int(11) unsigned NOT NULL auto_increment,
  `listcatid` varchar(255) NOT NULL default '',
  `topicid` mediumint(8) unsigned NOT NULL default '0',
  `admin_id` mediumint(8) unsigned NOT NULL default '0',
  `author` varchar(255) NOT NULL default '',
  `sourceid` mediumint(8) NOT NULL default '0',
  `addtime` int(11) unsigned NOT NULL default '0',
  `edittime` int(11) unsigned NOT NULL default '0',
  `status` tinyint(4) NOT NULL default '1',
  `publtime` int(11) unsigned NOT NULL default '0',
  `exptime` int(11) unsigned NOT NULL default '0',
  `archive` tinyint(1) unsigned NOT NULL default '0',
  `title` varchar(255) NOT NULL default '',
  `alias` varchar(255) NOT NULL default '',
  `hometext` mediumtext NOT NULL,
  `homeimgfile` varchar(255) NOT NULL default '',
  `homeimgalt` varchar(255) NOT NULL default '',
  `homeimgthumb` varchar(255) NOT NULL default '',
  `imgposition` tinyint(1) NOT NULL default '1',
  `bodytext` mediumtext NOT NULL,
  `copyright` tinyint(1) unsigned NOT NULL default '0',
  `inhome` tinyint(1) unsigned NOT NULL default '0',
  `allowed_comm` tinyint(1) unsigned NOT NULL default '0',
  `allowed_rating` tinyint(1) unsigned NOT NULL default '0',
  `allowed_send` tinyint(1) unsigned NOT NULL default '0',
  `allowed_print` tinyint(1) unsigned NOT NULL default '0',
  `allowed_save` tinyint(1) unsigned NOT NULL default '0',
  `hitstotal` mediumint(8) unsigned NOT NULL default '0',
  `hitscm` mediumint(8) unsigned NOT NULL default '0',
  `total_rating` int(11) NOT NULL default '0',
  `click_rating` int(11) NOT NULL default '0',
  `keywords` text NOT NULL,
  PRIMARY KEY  (`id`),
  KEY `topicid` (`topicid`),
  KEY `admin_id` (`admin_id`),
  KEY `author` (`author`),
  KEY `title` (`title`),
  KEY `addtime` (`addtime`),
  KEY `publtime` (`publtime`),
  KEY `exptime` (`exptime`),
  KEY `listcatid` (`listcatid`)
) ENGINE=MyISAM DEFAULT CHARSET=utf8	;
#	TC`nv3_vi_news_31`utf8_general_ci	;
CREATE TABLE `nv3_vi_news_31` (
  `id` int(11) unsigned NOT NULL auto_increment,
  `listcatid` varchar(255) NOT NULL default '',
  `topicid` mediumint(8) unsigned NOT NULL default '0',
  `admin_id` mediumint(8) unsigned NOT NULL default '0',
  `author` varchar(255) NOT NULL default '',
  `sourceid` mediumint(8) NOT NULL default '0',
  `addtime` int(11) unsigned NOT NULL default '0',
  `edittime` int(11) unsigned NOT NULL default '0',
  `status` tinyint(4) NOT NULL default '1',
  `publtime` int(11) unsigned NOT NULL default '0',
  `exptime` int(11) unsigned NOT NULL default '0',
  `archive` tinyint(1) unsigned NOT NULL default '0',
  `title` varchar(255) NOT NULL default '',
  `alias` varchar(255) NOT NULL default '',
  `hometext` mediumtext NOT NULL,
  `homeimgfile` varchar(255) NOT NULL default '',
  `homeimgalt` varchar(255) NOT NULL default '',
  `homeimgthumb` varchar(255) NOT NULL default '',
  `imgposition` tinyint(1) NOT NULL default '1',
  `bodytext` mediumtext NOT NULL,
  `copyright` tinyint(1) unsigned NOT NULL default '0',
  `inhome` tinyint(1) unsigned NOT NULL default '0',
  `allowed_comm` tinyint(1) unsigned NOT NULL default '0',
  `allowed_rating` tinyint(1) unsigned NOT NULL default '0',
  `allowed_send` tinyint(1) unsigned NOT NULL default '0',
  `allowed_print` tinyint(1) unsigned NOT NULL default '0',
  `allowed_save` tinyint(1) unsigned NOT NULL default '0',
  `hitstotal` mediumint(8) unsigned NOT NULL default '0',
  `hitscm` mediumint(8) unsigned NOT NULL default '0',
  `total_rating` int(11) NOT NULL default '0',
  `click_rating` int(11) NOT NULL default '0',
  `keywords` text NOT NULL,
  PRIMARY KEY  (`id`),
  KEY `topicid` (`topicid`),
  KEY `admin_id` (`admin_id`),
  KEY `author` (`author`),
  KEY `title` (`title`),
  KEY `addtime` (`addtime`),
  KEY `publtime` (`publtime`),
  KEY `exptime` (`exptime`),
  KEY `listcatid` (`listcatid`)
) ENGINE=MyISAM DEFAULT CHARSET=utf8	;
#	TC`nv3_vi_news_32`utf8_general_ci	;
CREATE TABLE `nv3_vi_news_32` (
  `id` int(11) unsigned NOT NULL auto_increment,
  `listcatid` varchar(255) NOT NULL default '',
  `topicid` mediumint(8) unsigned NOT NULL default '0',
  `admin_id` mediumint(8) unsigned NOT NULL default '0',
  `author` varchar(255) NOT NULL default '',
  `sourceid` mediumint(8) NOT NULL default '0',
  `addtime` int(11) unsigned NOT NULL default '0',
  `edittime` int(11) unsigned NOT NULL default '0',
  `status` tinyint(4) NOT NULL default '1',
  `publtime` int(11) unsigned NOT NULL default '0',
  `exptime` int(11) unsigned NOT NULL default '0',
  `archive` tinyint(1) unsigned NOT NULL default '0',
  `title` varchar(255) NOT NULL default '',
  `alias` varchar(255) NOT NULL default '',
  `hometext` mediumtext NOT NULL,
  `homeimgfile` varchar(255) NOT NULL default '',
  `homeimgalt` varchar(255) NOT NULL default '',
  `homeimgthumb` varchar(255) NOT NULL default '',
  `imgposition` tinyint(1) NOT NULL default '1',
  `bodytext` mediumtext NOT NULL,
  `copyright` tinyint(1) unsigned NOT NULL default '0',
  `inhome` tinyint(1) unsigned NOT NULL default '0',
  `allowed_comm` tinyint(1) unsigned NOT NULL default '0',
  `allowed_rating` tinyint(1) unsigned NOT NULL default '0',
  `allowed_send` tinyint(1) unsigned NOT NULL default '0',
  `allowed_print` tinyint(1) unsigned NOT NULL default '0',
  `allowed_save` tinyint(1) unsigned NOT NULL default '0',
  `hitstotal` mediumint(8) unsigned NOT NULL default '0',
  `hitscm` mediumint(8) unsigned NOT NULL default '0',
  `total_rating` int(11) NOT NULL default '0',
  `click_rating` int(11) NOT NULL default '0',
  `keywords` text NOT NULL,
  PRIMARY KEY  (`id`),
  KEY `topicid` (`topicid`),
  KEY `admin_id` (`admin_id`),
  KEY `author` (`author`),
  KEY `title` (`title`),
  KEY `addtime` (`addtime`),
  KEY `publtime` (`publtime`),
  KEY `exptime` (`exptime`),
  KEY `listcatid` (`listcatid`)
) ENGINE=MyISAM DEFAULT CHARSET=utf8	;
#	TC`nv3_vi_news_33`utf8_general_ci	;
CREATE TABLE `nv3_vi_news_33` (
  `id` int(11) unsigned NOT NULL auto_increment,
  `listcatid` varchar(255) NOT NULL default '',
  `topicid` mediumint(8) unsigned NOT NULL default '0',
  `admin_id` mediumint(8) unsigned NOT NULL default '0',
  `author` varchar(255) NOT NULL default '',
  `sourceid` mediumint(8) NOT NULL default '0',
  `addtime` int(11) unsigned NOT NULL default '0',
  `edittime` int(11) unsigned NOT NULL default '0',
  `status` tinyint(4) NOT NULL default '1',
  `publtime` int(11) unsigned NOT NULL default '0',
  `exptime` int(11) unsigned NOT NULL default '0',
  `archive` tinyint(1) unsigned NOT NULL default '0',
  `title` varchar(255) NOT NULL default '',
  `alias` varchar(255) NOT NULL default '',
  `hometext` mediumtext NOT NULL,
  `homeimgfile` varchar(255) NOT NULL default '',
  `homeimgalt` varchar(255) NOT NULL default '',
  `homeimgthumb` varchar(255) NOT NULL default '',
  `imgposition` tinyint(1) NOT NULL default '1',
  `bodytext` mediumtext NOT NULL,
  `copyright` tinyint(1) unsigned NOT NULL default '0',
  `inhome` tinyint(1) unsigned NOT NULL default '0',
  `allowed_comm` tinyint(1) unsigned NOT NULL default '0',
  `allowed_rating` tinyint(1) unsigned NOT NULL default '0',
  `allowed_send` tinyint(1) unsigned NOT NULL default '0',
  `allowed_print` tinyint(1) unsigned NOT NULL default '0',
  `allowed_save` tinyint(1) unsigned NOT NULL default '0',
  `hitstotal` mediumint(8) unsigned NOT NULL default '0',
  `hitscm` mediumint(8) unsigned NOT NULL default '0',
  `total_rating` int(11) NOT NULL default '0',
  `click_rating` int(11) NOT NULL default '0',
  `keywords` text NOT NULL,
  PRIMARY KEY  (`id`),
  KEY `topicid` (`topicid`),
  KEY `admin_id` (`admin_id`),
  KEY `author` (`author`),
  KEY `title` (`title`),
  KEY `addtime` (`addtime`),
  KEY `publtime` (`publtime`),
  KEY `exptime` (`exptime`),
  KEY `listcatid` (`listcatid`)
) ENGINE=MyISAM DEFAULT CHARSET=utf8	;
#	TC`nv3_vi_news_34`utf8_general_ci	;
CREATE TABLE `nv3_vi_news_34` (
  `id` int(11) unsigned NOT NULL auto_increment,
  `listcatid` varchar(255) NOT NULL default '',
  `topicid` mediumint(8) unsigned NOT NULL default '0',
  `admin_id` mediumint(8) unsigned NOT NULL default '0',
  `author` varchar(255) NOT NULL default '',
  `sourceid` mediumint(8) NOT NULL default '0',
  `addtime` int(11) unsigned NOT NULL default '0',
  `edittime` int(11) unsigned NOT NULL default '0',
  `status` tinyint(4) NOT NULL default '1',
  `publtime` int(11) unsigned NOT NULL default '0',
  `exptime` int(11) unsigned NOT NULL default '0',
  `archive` tinyint(1) unsigned NOT NULL default '0',
  `title` varchar(255) NOT NULL default '',
  `alias` varchar(255) NOT NULL default '',
  `hometext` mediumtext NOT NULL,
  `homeimgfile` varchar(255) NOT NULL default '',
  `homeimgalt` varchar(255) NOT NULL default '',
  `homeimgthumb` varchar(255) NOT NULL default '',
  `imgposition` tinyint(1) NOT NULL default '1',
  `bodytext` mediumtext NOT NULL,
  `copyright` tinyint(1) unsigned NOT NULL default '0',
  `inhome` tinyint(1) unsigned NOT NULL default '0',
  `allowed_comm` tinyint(1) unsigned NOT NULL default '0',
  `allowed_rating` tinyint(1) unsigned NOT NULL default '0',
  `allowed_send` tinyint(1) unsigned NOT NULL default '0',
  `allowed_print` tinyint(1) unsigned NOT NULL default '0',
  `allowed_save` tinyint(1) unsigned NOT NULL default '0',
  `hitstotal` mediumint(8) unsigned NOT NULL default '0',
  `hitscm` mediumint(8) unsigned NOT NULL default '0',
  `total_rating` int(11) NOT NULL default '0',
  `click_rating` int(11) NOT NULL default '0',
  `keywords` text NOT NULL,
  PRIMARY KEY  (`id`),
  KEY `topicid` (`topicid`),
  KEY `admin_id` (`admin_id`),
  KEY `author` (`author`),
  KEY `title` (`title`),
  KEY `addtime` (`addtime`),
  KEY `publtime` (`publtime`),
  KEY `exptime` (`exptime`),
  KEY `listcatid` (`listcatid`)
) ENGINE=MyISAM AUTO_INCREMENT=11 DEFAULT CHARSET=utf8	;
#	TD`nv3_vi_news_34`utf8_general_ci	;
INSERT INTO `nv3_vi_news_34` VALUES 
(9,'27,34',0,1,'Admin',0,1316090754,1316090754,1,1316090754,0,2,'Toán lớp 12 Một số dạng Phương trình lượng giác thường gặp thầy Nguyễn Anh Dũng','Toan-lop-12-Mot-so-dang-Phuong-trinh-luong-giac-thuong-gap-thay-Nguyen-Anh-Dung','Một số phương trình lượng giác thường gặp','2011_09/hocthidaihoc.jpg','','thumb/hocthidaihoc.jpg|block/hocthidaihoc.jpg',0,'<div style=\"text-align: center;\"> <object height=\"369\" width=\"500\"><param name=\"movie\" value=\"http://www.youtube.com/v/yWLk2H2PI7c?version=3&amp;hl=vi_VN\" /><param name=\"allowFullScreen\" value=\"true\" /><param name=\"allowscriptaccess\" value=\"always\" /><embed allowfullscreen=\"true\" allowscriptaccess=\"always\" height=\"369\" src=\"http://www.youtube.com/v/yWLk2H2PI7c?version=3&amp;hl=vi_VN\" type=\"application/x-shockwave-flash\" width=\"500\"></embed></object><br  /> Video được đăng tải trên youtube</div>',0,1,2,1,1,1,1,8,0,0,0,'n/a'),
(10,'27,34',0,1,'Admin',0,1316170755,1316170755,1,1316170755,0,2,'Video giải đề thi đại học phần 1','Video-giai-de-thi-dai-hoc-phan-1','Video hướng dẫn giải đề thi đại học','2011_09/dap_an_de_thi_dai_hoc_mon_su_khoi_c_nam_2011.jpg','','thumb/dap_an_de_thi_dai_hoc_mon_su_khoi_c_nam_2011.jpg|block/dap_an_de_thi_dai_hoc_mon_su_khoi_c_nam_2011.jpg',0,'<div style=\"text-align: center;\"> <br  /> Video được đăng tải trên youtube</div>',0,1,2,1,1,1,1,3,0,0,0,'n/a')	;
#	TC`nv3_vi_news_8`utf8_general_ci	;
CREATE TABLE `nv3_vi_news_8` (
  `id` int(11) unsigned NOT NULL auto_increment,
  `listcatid` varchar(255) NOT NULL default '',
  `topicid` mediumint(8) unsigned NOT NULL default '0',
  `admin_id` mediumint(8) unsigned NOT NULL default '0',
  `author` varchar(255) NOT NULL default '',
  `sourceid` mediumint(8) NOT NULL default '0',
  `addtime` int(11) unsigned NOT NULL default '0',
  `edittime` int(11) unsigned NOT NULL default '0',
  `status` tinyint(4) NOT NULL default '1',
  `publtime` int(11) unsigned NOT NULL default '0',
  `exptime` int(11) unsigned NOT NULL default '0',
  `archive` tinyint(1) unsigned NOT NULL default '0',
  `title` varchar(255) NOT NULL default '',
  `alias` varchar(255) NOT NULL default '',
  `hometext` mediumtext NOT NULL,
  `homeimgfile` varchar(255) NOT NULL default '',
  `homeimgalt` varchar(255) NOT NULL default '',
  `homeimgthumb` varchar(255) NOT NULL default '',
  `imgposition` tinyint(1) NOT NULL default '1',
  `bodytext` mediumtext NOT NULL,
  `copyright` tinyint(1) unsigned NOT NULL default '0',
  `inhome` tinyint(1) unsigned NOT NULL default '0',
  `allowed_comm` tinyint(1) unsigned NOT NULL default '0',
  `allowed_rating` tinyint(1) unsigned NOT NULL default '0',
  `allowed_send` tinyint(1) unsigned NOT NULL default '0',
  `allowed_print` tinyint(1) unsigned NOT NULL default '0',
  `allowed_save` tinyint(1) unsigned NOT NULL default '0',
  `hitstotal` mediumint(8) unsigned NOT NULL default '0',
  `hitscm` mediumint(8) unsigned NOT NULL default '0',
  `total_rating` int(11) NOT NULL default '0',
  `click_rating` int(11) NOT NULL default '0',
  `keywords` text NOT NULL,
  PRIMARY KEY  (`id`),
  KEY `topicid` (`topicid`),
  KEY `admin_id` (`admin_id`),
  KEY `author` (`author`),
  KEY `title` (`title`),
  KEY `addtime` (`addtime`),
  KEY `publtime` (`publtime`),
  KEY `exptime` (`exptime`),
  KEY `listcatid` (`listcatid`)
) ENGINE=MyISAM AUTO_INCREMENT=9 DEFAULT CHARSET=utf8	;
#	TD`nv3_vi_news_8`utf8_general_ci	;
INSERT INTO `nv3_vi_news_8` VALUES 
(8,'1,8',0,1,'Nguyễn Hữu Nam',3,1310067949,1316135343,1,1310067949,0,2,'Nửa thế kỷ một trường vùng biên','Nua-the-ky-mot-truong-vung-bien','Trải qua gần nửa thế kỷ dựng xây và phát triển, song song với nhiều biến cố của lịch sử đất nước, trải qua nhiều lần di chuyển, sáp nhập, 2 lần phải gây dựng từ đầu, song ngôi trường cấp II - III đầu tiên của tỉnh Lào Cai vẫn luôn là một trung tâm giáo dục có uy tín, chất lượng cao, luôn là con chim đầu đàn của ngành giáo dục tỉnh Lào Cai.','2011_09/thu-2.jpg','','thumb/thu-2.jpg|block/thu-2.jpg',2,'Có lẽ hiếm có ngôi trường nào trên đất nước có lịch sử gian nan như Trường THPT số 1 TP. Lào Cai. Do xa xôi, hẻo lánh, do trình độ dân trí, tập tục lạc hậu, kinh tế tự cung, tự cấp phổ biến, đặc biệt do chính sách ngu dân của thực dân Pháp và các thổ ty trong vùng, suốt thời Pháp thuộc hầu hết người Lào Cai không biết chữ, cả tỉnh chỉ có một số học sinh học hết bậc tiểu học. Hoà bình lập lại, mãi sau 5 năm gom góp, gây dựng, trưởng thành từ các phong trào bình dân học vụ, ánh sáng văn hoá, giáo dục phổ thông... cả Lào Cai mới quy tụ được 62 học trò để lập nên ngôi trường khởi nguồn cho việc nâng cao dân trí của tỉnh.<br  /><br  />Ngôi trường non trẻ vừa qua “vạn sự khởi đầu nan”, đang khắc phục tàn tích của những cuộc nổi phỉ, của thực dân Pháp để lại thì đụng đầu với chiến tranh phá hoại của đế quốc Mỹ, sau đó là cuộc chiến đấu bảo vệ biên giới phía bắc và gánh chịu hậu quả của nó. Sau hơn 20 năm thành lập, nhà trường phải 4 lần đổi tên, 4 lần di chuyển, sáp nhập, đã có thời gian dài gián đoạn, tưởng chừng như không khôi phục lại được, song cái đáng nói, đáng được tôn vinh anh hùng là dù trong hoàn cảnh nào nhà trường vẫn vươn lên, vẫn luôn luôn đứng vị trí số một về chất lượng và hiệu quả đào tạo của tỉnh Lào Cai, là cái nôi ươm mầm, tạo nguồn nhân lực trên nhiều lĩnh vực cho tỉnh và cho đất nước. Hơn thế nữa, trong bất kỳ hoàn cảnh nào, thầy và trò nhà trường đều tạo ra những bước đột phá, táo bạo có hiệu quả cao, ảnh hưởng, lan toả lâu dài không chỉ riêng với tỉnh Lào Cai.<br  /><strong>Tự lập, tự chủ vượt qua thử thách</strong><br  />Đó là thời kỳ chống chiến tranh phá hoại của đế quốc Mỹ, nhà trường được lệnh sơ tán sâu vào xã vùng cao Quang Kim của người Giáy huyện Bát Xát. Mọi việc xây dựng trường lớp, tổ chức dạy, học, ăn ở, nhà trường tự lo. Đối mặt với những khó khăn tưởng chừng như không thể vượt qua này, thầy và trò nhà trường đã tự san nền, dựng nên trường lớp để học, nhà để ở, đặc biệt họ đã tự gây dựng cho học sinh nền nếp ăn ở tập trung. Trong hoàn cảnh cả vùng kinh tế khó khăn, học sinh nhiều thành phần dân tộc, em ở gần cách 5-7 cây số, em ở xa phải đi bộ 2 ngày đường mà nhà trường vận động, tổ chức, duy trì được việc ăn ở cho các em như một ký túc xá là một táo bạo, một quyết tâm lớn. Táo bạo, quyết tâm ấy đã làm cho tình thầy - trò ngày càng gắn bó, chất lượng dạy và học được nâng lên đến không ngờ.<br  />Năm 1965, 1966, trong lúc cuộc chiến tranh phá hoại diễn ra ác liệt mà học sinh của trường đi thi học sinh giỏi toàn miền Bắc vẫn đoạt 1 giải nhì, 1 giải ba và 1 giải đồng đội, hai em lớp 9 của trường được tuyển thẳng vào khoa Toán, Trường Đại học Tổng hợp. Nhiều học sinh từ mái trường này đã học hành thành đạt, trưởng thành và trở về phục vụ quê hương Lào Cai, như: Tiến sĩ Nguyễn Hữu Vạn - Bí thư Tỉnh uỷ, tiến sĩ Nguyễn Đức Thăng - Phó Bí thư Tỉnh uỷ...<br  />Cảm nhận về nhà trường trong thời kỳ này, nhà văn, nhà giáo Ma Văn Kháng - Hiệu trưởng nhà trường từ năm 1963 đến năm 1965 - đã thổ lộ trong tiểu thuyết Đám cưới không có giấy giá thú nổi tiếng: “Những năm tháng đó, dẫu mới là đơn sơ, nhưng nhà trường thực sự là một tổ hợp liên kết thầy - trò trong một quan hệ vừa thân thiết, vừa nghiêm túc, đậm đà hương vị Á Đông, dân tộc cổ truyền, nhưng không già nua, cứng nhắc, trái lại thật hồn nhiên. Nó toàn tâm, toàn lực hướng về cái khoa học lớn nhất, nghệ thuật lớn nhất, cao quý nhất của mọi khoa học, mọi nghệ thuật: Giáo dục con người...”.<br  /><strong>Khởi nguồn của phong trào: Dạy thật - học thật - chất lượng thật</strong><br  />Sau chiến tranh bảo vệ biên giới phía bắc, thị xã Lào Cai thành vành đai trắng, Trường Cấp III Lào Cai sáp nhập với Trường Cấp III Cam Đường. Năm 1991, tỉnh Lào Cai được tái lập, song mãi năm học 1993 - 1994, Trường THPT số 1 của thị xã mới được tái lập. Thời kỳ gian khó này, cả 3 trường quan trọng trong sự nghiệp giáo dục của tỉnh là Trường Trung cấp Sư phạm, Trường THPT dân tộc nội trú và Trường THPT số 1 phải chia nhau 24 phòng học, cùng diện tích hơn 1 hécta để dạy học, điều hành. Khó khăn chồng chất khó khăn, song quyết tâm cũng dồn lên quyết tâm. Không có thầy giỏi, không mời được các thầy cô ở dưới xuôi lên, nhà trường quy tụ các thầy - cô ở các huyện về, nhà trường vận động CBCNV từ khu tập kết, bà con từ các nơi sơ tán trở về đưa con em lên học tập. Tạo cho học sinh cơ hội cọ xát, thử sức mình, nhà trường mạnh dạn cử đi thi học sinh giỏi...<br  />Để khắc phục những tồn tại về bệnh thành tích và những hiện tượng tiêu cực trong thi cử đang làm xã hội mất lòng tin vào hệ thống giáo dục một cách nghiêm trọng, năm 2006, Bộ trưởng Bộ GDĐT Nguyễn Thiện Nhân phát động trong toàn ngành phong trào “Hai không”, thì từ năm 1993, Trường THPT số 1 thị xã Lào Cai đã quyết tâm “Dạy thật - học thật - chất lượng thật” và kiên quyết thực hiện cho đến nay. Để thực hiện chủ trương có tính tiên phong này, nhà trường đã phải tạo nên kỷ cương, nền nếp, phải dũng cảm, bền bỉ đương đầu với rất nhiều sức ép, kể cả sức ép của nhiều thầy - cô trong trường. Bài bản, dũng cảm, sáng tạo, cần mẫn, không nản chí, tận dụng các cơ hội để phát triển - 6 tiêu chí phấn đấu không mệt mỏi đã được nhà trường bền chí thực hiện. Để dạy thật, thầy buộc phải giỏi, phải trưởng thành.<br  /><div align=\"center\"> <img src=\"http://www1.laodong.vn/Images/2010/9/7/73a737020b6d4339b5efa054c45be28d\" /> <table border=\"0\" cellpadding=\"0\" cellspacing=\"0\" style=\"width:455px;\" width=\"455\"> <tbody> <tr> <td> <br  /> &nbsp;</td> </tr> <tr> <td> <em>Học sinh nhà trường viếng và chăm sóc Nghĩa trang liệt sĩ TP.Lào Cai.</em></td> </tr> </tbody> </table></div>Không có kinh phí, điều kiện mời các thầy giỏi từ Hà Nội lên bồi dưỡng, nâng cao trình độ chuyên môn, nhà trường phát huy tự lực cánh sinh, tự bồi dưỡng tại chỗ theo nhóm, theo chuyên đề, tổ chức nhóm hợp lý, cử giáo viên đi nâng cao trình độ, cho học sinh đi thi học sinh giỏi để mang đề về lấy cái bồi dưỡng cho mình, cho học trò. Từ hiệu trưởng đến giáo viên gặp nhau là nói đến chuyên môn, nói đến việc dạy. Đêm tất niên, sau vài câu chúc tụng, hiệu trưởng và giáo viên lại xoáy vào việc dạy, việc học. Để học thật, nhà trường xây dựng nội quy, sau đó lấy ý kiến từ các thầy - cô giáo, các bậc phụ huynh đến các em học sinh; tổ chức giảng dạy hợp lý, phân loại đối tượng để đảm bảo các em tiếp thu được những kiến thức, kỹ năng tối thiểu; tạo ra cho các em tính tự tin, tạo nên không khí học tập sôi nổi; tổ chức dạy phụ đạo trên tinh thần tự nguyện nhằm quản lý học sinh, hạn chế việc học thêm tràn lan ngoài xã hội... Song song với dạy thật, học thật là kiểm tra thật, thi thật - kiểm tra một môn có nhiều đề, tổ chức kiểm tra chéo, trao đổi giữa các lớp trong khối để đánh giá chất lượng đồng loạt 8 môn.<br  />Sau dạy thật, học thật, thi thật là chất lượng. Kể từ năm học 1961-1962 đến nay,&nbsp; các em của trường thi đại học, cao đẳng năm thấp nhất đạt 43%, năm cao nhất (năm 2002) đạt 73%, 115 em đoạt các giải trong các kỳ thi học sinh giỏi quốc gia. Gần 300 em đoạt giải các kỳ thi học sinh giỏi cấp tỉnh, nhiều em đã thành đạt, mang lại vinh dự cho trường, cho tỉnh. Khi cuộc vận động “Hai không” của bộ đề ra, rất nhiều trường có tỉ lệ tốt nghiệp lớp 12 giảm sút, bởi chưa xây dựng được nền móng, chưa đương đầu được với các sức ép. Trường THPT số 1 TP. Lào Cai tự đề ra, tự thực hiện 17 năm nay mà vẫn đạt kết quả tốt và ngày càng được xã hội ủng hộ. Được học ở trường là một vinh dự cho mọi học sinh.<br  />Theo thầy Phạm Đồng Hoà - Hiệu trưởng của trường (từ năm 1993 đến năm 2007) và thầy Đỗ Minh Tâm (đương kim hiệu trưởng) - nhà trường đạt được những thành tựu trên là do nhà trường quyết tâm thực hiện bằng được các mục tiêu tập trung trong 4 câu: Đoàn kết; ham học hỏi, ham hiểu biết, học đi đôi với hành; năng động, nghiêm túc, nói đi đôi với làm; tự trọng, tự tin, tự hào, trách nhiệm. Từ thực hiện được 4 câu này mà ngày tái lập cả trường chỉ có vẻn vẹn 9 lớp, 27 cán bộ, giáo viên, hơn 300 học sinh, hiện nay trường quản lý 29 lớp, 1.195 học sinh, mỗi năm gần 500 em ra trường.<br  />Ngày tái lập trường chỉ có một đảng viên duy nhất là thầy hiệu trưởng, đến nay chi bộ đã có 24 đảng viên, đội ngũ cán bộ, giáo viên 74 người, trong đó có 3 nhà giáo ưu tú, 1 tiến sĩ, 6 thạc sĩ, 5 giáo viên đang học cao học, chuẩn hoá 100% đại học. Trường là nguồn cung cấp giáo viên giỏi để xây dựng trường chuyên của tỉnh, nhiều giáo viên, học sinh của trường trưởng thành, đảm nhận công việc quan trọng của tỉnh, của bộ. Từ những nỗ lực không mệt mỏi, từ năm 1993 đến nay, nhà trường đã được Đảng và Nhà nước tặng thưởng 3 huân chương Lao động (1 hạng Nhất, 1 hạng Nhì, 1 hạng Ba), 4 lần nhận được cờ thi đua của Chính phủ, 5 lần nhận cờ thi đua của UBND tỉnh Lào Cai, 1 lần nhận được cờ thi đua của T.Ư Đoàn, cùng nhiều bằng khen của Thủ tướng Chính phủ, Chủ tịch UBND tỉnh, Bộ GDĐT, là 1 trong 3 đơn vị được tỉnh Lào Cai lựa chọn xây dựng đơn vị anh hùng trong thời kỳ đổi mới.<br  />Với người Lào Cai, từ lâu Trường cấp III Lào Cai, nay là Trường THPT số 1 TP. Lào Cai đã là trường anh hùng, là tấm gương, là cái đích cho mọi người quan tâm đến sự nghiệp trồng người tỉnh Lào Cai trông vào, vươn tới.',0,1,2,1,1,1,1,7,0,5,1,'n&#x002F;a')	;
#	TC`nv3_vi_news_9`utf8_general_ci	;
CREATE TABLE `nv3_vi_news_9` (
  `id` int(11) unsigned NOT NULL auto_increment,
  `listcatid` varchar(255) NOT NULL default '',
  `topicid` mediumint(8) unsigned NOT NULL default '0',
  `admin_id` mediumint(8) unsigned NOT NULL default '0',
  `author` varchar(255) NOT NULL default '',
  `sourceid` mediumint(8) NOT NULL default '0',
  `addtime` int(11) unsigned NOT NULL default '0',
  `edittime` int(11) unsigned NOT NULL default '0',
  `status` tinyint(4) NOT NULL default '1',
  `publtime` int(11) unsigned NOT NULL default '0',
  `exptime` int(11) unsigned NOT NULL default '0',
  `archive` tinyint(1) unsigned NOT NULL default '0',
  `title` varchar(255) NOT NULL default '',
  `alias` varchar(255) NOT NULL default '',
  `hometext` mediumtext NOT NULL,
  `homeimgfile` varchar(255) NOT NULL default '',
  `homeimgalt` varchar(255) NOT NULL default '',
  `homeimgthumb` varchar(255) NOT NULL default '',
  `imgposition` tinyint(1) NOT NULL default '1',
  `bodytext` mediumtext NOT NULL,
  `copyright` tinyint(1) unsigned NOT NULL default '0',
  `inhome` tinyint(1) unsigned NOT NULL default '0',
  `allowed_comm` tinyint(1) unsigned NOT NULL default '0',
  `allowed_rating` tinyint(1) unsigned NOT NULL default '0',
  `allowed_send` tinyint(1) unsigned NOT NULL default '0',
  `allowed_print` tinyint(1) unsigned NOT NULL default '0',
  `allowed_save` tinyint(1) unsigned NOT NULL default '0',
  `hitstotal` mediumint(8) unsigned NOT NULL default '0',
  `hitscm` mediumint(8) unsigned NOT NULL default '0',
  `total_rating` int(11) NOT NULL default '0',
  `click_rating` int(11) NOT NULL default '0',
  `keywords` text NOT NULL,
  PRIMARY KEY  (`id`),
  KEY `topicid` (`topicid`),
  KEY `admin_id` (`admin_id`),
  KEY `author` (`author`),
  KEY `title` (`title`),
  KEY `addtime` (`addtime`),
  KEY `publtime` (`publtime`),
  KEY `exptime` (`exptime`),
  KEY `listcatid` (`listcatid`)
) ENGINE=MyISAM AUTO_INCREMENT=9 DEFAULT CHARSET=utf8	;
#	TC`nv3_vi_news_admins`utf8_general_ci	;
CREATE TABLE `nv3_vi_news_admins` (
  `userid` int(11) NOT NULL default '0',
  `catid` int(11) NOT NULL default '0',
  `admin` tinyint(4) NOT NULL default '0',
  `add_content` tinyint(4) NOT NULL default '0',
  `pub_content` tinyint(4) NOT NULL default '0',
  `edit_content` tinyint(4) NOT NULL default '0',
  `del_content` tinyint(4) NOT NULL default '0',
  `comment` tinyint(4) NOT NULL default '0',
  UNIQUE KEY `userid` (`userid`,`catid`)
) ENGINE=MyISAM DEFAULT CHARSET=utf8	;
#	TC`nv3_vi_news_block`utf8_general_ci	;
CREATE TABLE `nv3_vi_news_block` (
  `bid` int(11) unsigned NOT NULL,
  `id` int(11) unsigned NOT NULL,
  `weight` int(11) unsigned NOT NULL,
  UNIQUE KEY `bid` (`bid`,`id`)
) ENGINE=MyISAM DEFAULT CHARSET=utf8	;
#	TD`nv3_vi_news_block`utf8_general_ci	;
INSERT INTO `nv3_vi_news_block` VALUES 
(2,9,3),
(1,9,2),
(2,8,4),
(2,10,2),
(2,11,1),
(1,11,1)	;
#	TC`nv3_vi_news_block_cat`utf8_general_ci	;
CREATE TABLE `nv3_vi_news_block_cat` (
  `bid` mediumint(8) unsigned NOT NULL auto_increment,
  `adddefault` tinyint(4) NOT NULL default '0',
  `number` mediumint(4) NOT NULL default '10',
  `title` varchar(255) NOT NULL default '',
  `alias` varchar(255) NOT NULL default '',
  `image` varchar(255) NOT NULL,
  `thumbnail` varchar(255) NOT NULL,
  `description` varchar(255) NOT NULL,
  `weight` smallint(4) NOT NULL default '0',
  `keywords` mediumtext NOT NULL,
  `add_time` int(11) NOT NULL default '0',
  `edit_time` int(11) NOT NULL default '0',
  PRIMARY KEY  (`bid`),
  UNIQUE KEY `title` (`title`),
  UNIQUE KEY `alias` (`alias`)
) ENGINE=MyISAM AUTO_INCREMENT=3 DEFAULT CHARSET=utf8	;
#	TD`nv3_vi_news_block_cat`utf8_general_ci	;
INSERT INTO `nv3_vi_news_block_cat` VALUES 
(1,0,4,'Tin nhà trường','Tin-nha-truong','','','Tin nhà trường',2,'',1279945710,1316165137),
(2,1,4,'Tin mới nhất','Tin-moi-nhat','','','Tin mới nhất',1,'',1279945725,1316165072)	;
#	TC`nv3_vi_news_cat`utf8_general_ci	;
CREATE TABLE `nv3_vi_news_cat` (
  `catid` mediumint(8) unsigned NOT NULL auto_increment,
  `parentid` mediumint(8) unsigned NOT NULL default '0',
  `title` varchar(255) NOT NULL,
  `alias` varchar(255) NOT NULL default '',
  `description` varchar(255) NOT NULL,
  `image` varchar(255) NOT NULL default '',
  `thumbnail` varchar(255) NOT NULL default '',
  `weight` smallint(4) unsigned NOT NULL default '0',
  `order` mediumint(8) NOT NULL default '0',
  `lev` smallint(4) NOT NULL default '0',
  `viewcat` varchar(50) NOT NULL default 'viewcat_page_new',
  `numsubcat` int(11) NOT NULL default '0',
  `subcatid` varchar(255) NOT NULL default '',
  `inhome` tinyint(1) unsigned NOT NULL default '0',
  `numlinks` tinyint(2) unsigned NOT NULL default '3',
  `keywords` mediumtext NOT NULL,
  `admins` mediumtext NOT NULL,
  `add_time` int(11) unsigned NOT NULL default '0',
  `edit_time` int(11) unsigned NOT NULL default '0',
  `del_cache_time` int(11) NOT NULL default '0',
  `who_view` tinyint(2) unsigned NOT NULL default '0',
  `groups_view` varchar(255) NOT NULL default '',
  PRIMARY KEY  (`catid`),
  UNIQUE KEY `alias` (`alias`),
  KEY `parentid` (`parentid`)
) ENGINE=MyISAM AUTO_INCREMENT=35 DEFAULT CHARSET=utf8	;
#	TD`nv3_vi_news_cat`utf8_general_ci	;
INSERT INTO `nv3_vi_news_cat` VALUES 
(1,0,'Giới thiệu nhà trường','Gioi-thieu-nha-truong','','','',1,1,0,'viewcat_main_right',5,'8,12,9,13,14',1,3,'','',1274986690,1316073224,1342054800,0,''),
(2,0,'Tin tức, sự kiện','Tin-tuc-su-kien','','','',2,7,0,'viewcat_page_new',4,'15,16,17,18',1,3,'','',1274986705,1316073448,1342054800,0,''),
(8,1,'Lịch sử nhà trường','Lich-su-nha-truong','','','',1,2,1,'viewcat_page_new',0,'',1,3,'','',1274987105,1316073241,1342054800,0,''),
(9,1,'Tổ chuyên môn','To-chuyen-mon','','','',3,4,1,'viewcat_page_new',0,'',1,3,'','',1274987212,1316073270,1342054800,0,''),
(10,0,'Các hoạt động đoàn thể','Cac-hoat-dong-doan-the','','','',3,12,0,'viewcat_page_new',5,'19,20,21,22,23',1,3,'','',1274987460,1316073508,1342054800,0,''),
(11,0,'Hoạt động ngoại khóa','Hoat-dong-ngoai-khoa','','','',4,18,0,'viewcat_page_new',3,'24,25,26',1,3,'','',1274987538,1316598173,1342054800,0,''),
(12,1,'Ban giám hiệu','Ban-giam-hieu','','','',2,3,1,'viewcat_page_new',0,'',1,3,'','',1274987902,1316073253,1342054800,0,''),
(13,1,'Cơ sở vật chất','Co-so-vat-chat','','','',4,5,1,'viewcat_page_new',0,'',1,3,'','',1316073393,1316073393,1342073393,0,''),
(14,1,'Thành tựu nhà trường','Thanh-tuu-nha-truong','','','',5,6,1,'viewcat_page_new',0,'',1,3,'','',1316073402,1316073402,1342073402,0,''),
(15,2,'Tin nhà trường','Tin-nha-truong','','','',1,8,1,'viewcat_page_new',0,'',1,3,'','',1316073464,1316073464,1342073464,0,''),
(16,2,'Tin giáo dục','Tin-giao-duc','','','',2,9,1,'viewcat_page_new',0,'',1,3,'','',1316073471,1316073471,1342073471,0,''),
(17,2,'Thi cử, tuyển sinh','Thi-cu-tuyen-sinh','','','',3,10,1,'viewcat_page_new',0,'',1,3,'','',1316073480,1316073480,1342073480,0,''),
(18,2,'Gương sáng','Guong-sang','','','',4,11,1,'viewcat_page_new',0,'',1,3,'','',1316073490,1316073490,1342073490,0,''),
(19,10,'Chi bộ Đảng','Chi-bo-Dang','','','',1,13,1,'viewcat_page_new',0,'',1,3,'','',1316073519,1316073519,1342073519,0,''),
(20,10,'Công đoàn','Cong-doan','','','',2,14,1,'viewcat_page_new',0,'',1,3,'','',1316073526,1316073526,1342073526,0,''),
(21,10,'Đoàn thanh niên','Doan-thanh-nien','','','',3,15,1,'viewcat_page_new',0,'',1,3,'','',1316073534,1316073534,1342073534,0,''),
(22,10,'Hội phụ huynh học sinh','Hoi-phu-huynh-hoc-sinh','','','',4,16,1,'viewcat_page_new',0,'',1,3,'','',1316073542,1316073542,1342073542,0,''),
(23,10,'Cựu học sinh','Cuu-hoc-sinh','','','',5,17,1,'viewcat_page_new',0,'',1,3,'','',1316073552,1316073552,1342073552,0,''),
(24,11,'Thể thao văn hóa','The-thao-van-hoa','','','',1,19,1,'viewcat_page_new',0,'',1,3,'','',1316073590,1316073590,1342073590,0,''),
(25,11,'Hoạt động xã hội','Hoat-dong-xa-hoi','','','',2,20,1,'viewcat_page_new',0,'',1,3,'','',1316073598,1316073598,1342073598,0,''),
(26,11,'Câu lạc bộ','Cau-lac-bo','','','',3,21,1,'viewcat_page_new',0,'',1,3,'','',1316073612,1316073612,1342073612,0,''),
(27,0,'Tri thức học đường','Tri-thuc-hoc-duong','','','',5,22,0,'viewcat_page_new',4,'28,29,30,34',1,3,'','',1316073631,1316073631,1342073631,0,''),
(28,27,'Phương pháp học tập','Phuong-phap-hoc-tap','','','',1,23,1,'viewcat_page_new',0,'',1,3,'','',1316073642,1316073642,1342073642,0,''),
(29,27,'Hướng nghiệp','Huong-nghiep','','','',2,24,1,'viewcat_page_new',0,'',1,3,'','',1316073650,1316073650,1342073650,0,''),
(30,27,'Dòng tri thức','Dong-tri-thuc','','','',3,25,1,'viewcat_page_new',0,'',1,3,'','',1316073658,1316073658,1342073658,0,''),
(31,0,'Giáo dục học đường','Giao-duc-hoc-duong','','','',6,27,0,'viewcat_page_new',2,'32,33',1,3,'','',1316073676,1316073676,1342073676,0,''),
(32,31,'Sức khỏe giới tính','Suc-khoe-gioi-tinh','','','',1,28,1,'viewcat_page_new',0,'',1,3,'','',1316073685,1316073685,1342073685,0,''),
(33,31,'Bài học cuộc sống','Bai-hoc-cuoc-song','','','',2,29,1,'viewcat_page_new',0,'',1,3,'','',1316073693,1316073693,1342073693,0,''),
(34,27,'Bài giảng trực tuyến','Bai-giang-truc-tuyen','','','',4,26,1,'viewcat_page_new',0,'',1,3,'','',1316090259,1316090283,1342090259,0,'')	;
#	TC`nv3_vi_news_comments`utf8_general_ci	;
CREATE TABLE `nv3_vi_news_comments` (
  `cid` mediumint(8) unsigned NOT NULL auto_increment,
  `id` mediumint(8) unsigned NOT NULL default '0',
  `content` mediumtext NOT NULL,
  `post_time` int(11) unsigned NOT NULL default '0',
  `userid` int(11) NOT NULL default '0',
  `post_name` varchar(100) NOT NULL,
  `post_email` varchar(100) NOT NULL,
  `post_ip` varchar(15) NOT NULL,
  `status` tinyint(1) unsigned NOT NULL default '0',
  PRIMARY KEY  (`cid`),
  KEY `post_time` (`post_time`),
  KEY `id` (`id`)
) ENGINE=MyISAM DEFAULT CHARSET=utf8	;
#	TC`nv3_vi_news_config_post`utf8_general_ci	;
CREATE TABLE `nv3_vi_news_config_post` (
  `pid` mediumint(9) NOT NULL auto_increment,
  `member` tinyint(4) NOT NULL,
  `group_id` mediumint(9) NOT NULL,
  `addcontent` tinyint(4) NOT NULL,
  `postcontent` tinyint(4) NOT NULL,
  `editcontent` tinyint(4) NOT NULL,
  `delcontent` tinyint(4) NOT NULL,
  PRIMARY KEY  (`pid`),
  UNIQUE KEY `member` (`member`,`group_id`)
) ENGINE=MyISAM DEFAULT CHARSET=utf8	;
#	TC`nv3_vi_news_log`utf8_general_ci	;
CREATE TABLE `nv3_vi_news_log` (
  `log_id` int(11) unsigned NOT NULL auto_increment,
  `log_time` int(11) NOT NULL default '0',
  `log_admin` int(11) NOT NULL default '0',
  `id` int(11) NOT NULL default '0',
  `listcatid` varchar(255) NOT NULL default '',
  `topicid` mediumint(8) unsigned NOT NULL default '0',
  `admin_id` mediumint(8) unsigned NOT NULL default '0',
  `author` varchar(255) NOT NULL default '',
  `sourceid` mediumint(8) NOT NULL default '0',
  `addtime` int(11) unsigned NOT NULL default '0',
  `edittime` int(11) unsigned NOT NULL default '0',
  `status` tinyint(4) NOT NULL default '1',
  `publtime` int(11) unsigned NOT NULL default '0',
  `exptime` int(11) unsigned NOT NULL default '0',
  `archive` tinyint(1) unsigned NOT NULL default '0',
  `title` varchar(255) NOT NULL default '',
  `alias` varchar(255) NOT NULL default '',
  `hometext` mediumtext NOT NULL,
  `homeimgfile` varchar(255) NOT NULL default '',
  `homeimgalt` varchar(255) NOT NULL default '',
  `homeimgthumb` varchar(255) NOT NULL default '',
  `imgposition` tinyint(1) NOT NULL default '1',
  `bodytext` mediumtext NOT NULL,
  `copyright` tinyint(1) unsigned NOT NULL default '0',
  `inhome` tinyint(1) unsigned NOT NULL default '0',
  `allowed_comm` tinyint(1) unsigned NOT NULL default '0',
  `allowed_rating` tinyint(1) unsigned NOT NULL default '0',
  `allowed_send` tinyint(1) unsigned NOT NULL default '0',
  `allowed_print` tinyint(1) unsigned NOT NULL default '0',
  `allowed_save` tinyint(1) unsigned NOT NULL default '0',
  `hitstotal` mediumint(8) unsigned NOT NULL default '0',
  `hitscm` mediumint(8) unsigned NOT NULL default '0',
  `total_rating` int(11) NOT NULL default '0',
  `click_rating` int(11) NOT NULL default '0',
  `keywords` text NOT NULL,
  PRIMARY KEY  (`log_id`),
  KEY `id` (`id`),
  KEY `topicid` (`topicid`),
  KEY `admin_id` (`admin_id`),
  KEY `author` (`author`),
  KEY `title` (`title`),
  KEY `addtime` (`addtime`),
  KEY `publtime` (`publtime`),
  KEY `exptime` (`exptime`),
  KEY `listcatid` (`listcatid`)
) ENGINE=MyISAM AUTO_INCREMENT=8 DEFAULT CHARSET=utf8	;
#	TD`nv3_vi_news_log`utf8_general_ci	;
INSERT INTO `nv3_vi_news_log` VALUES 
(1,1316077018,1,8,'9',0,1,'laser',0,1310067949,1310068009,1,1310067949,0,2,'Webnhanh.vn - website dịch vụ chuyên nghiệp cho NukeViet chính thức ra mắt','Webnhanhvn-website-dich-vu-chuyen-nghiep-cho-NukeViet-chinh-thuc-ra-mat','Sau một thời gian đi vào hoạt động, Webnhanh.vn đã nhận được nhiều ủng hộ cùng sự quan tâm, góp ý của cộng đồng và khách hàng. Để đáp ứng mong mỏi của cộng đồng về một dịch vụ web chuyên nghiệp với mức giá tối thiểu, Webnhanh.vn đã thực hiện chiến dịch siêu khuyến mại Giảm giá tất cả các gói web dựng sẵn, module, block và giao diện (theme). Mức giảm giá cao nhất tới 90% giá so với trước tháng 7 năm 2011.','webnhanh-vn.jpg','','thumb/webnhanh-vn.jpg|block/webnhanh-vn.jpg',2,'<p style=\"text-align: justify;\"> <span style=\"font-size:16px;\"><strong>Giảm giá tới 90% giá module, ngày nào cũng là ngày &quot;mua chung&quot; trên webnhanh.vn!</strong></span></p><p style=\"text-align: justify;\"> Như thông báo trên webnhanh.vn, chương trình &quot;<a href=\"http://webnhanh.vn/vi/thiet-ke-web/detail/Mua-chung-tren-Webnhanhvn-se-giam-gia-90-gia-module-da-cong-bo-245/\" target=\"_blank\"><strong>mua chung module</strong></a>&quot; nằm trong chính sách chung của webnhanh.vn trong việc hỗ trợ phát triển mã nguồn mở, giúp cho mọi người được hưởng những dịch vụ thiết kế website tốt nhất với chi phí thấp nhất. Tham gia chương trình này, bạn chỉ phải trả số tiền bằng 1/10 giá trị module mà vẫn được sở hữu module với tính năng hấp dẫn mà bạn&nbsp; mong muốn.<br  /> <br  /> Cụ thể, các module trong <a href=\"http://webnhanh.vn/vi/nvresources/cat/Modules-1/\" target=\"_blank\"><strong>kho module của webnhanh.vn</strong></a> đang chờ hoàn thiện sẽ được giảm giá tới 90% nếu khách hàng đăng ký mua chung module. Tuy nhiên sau 2 tháng thực hiện, Ban Quản Trị webnhanh.vn thấy rằng khả năng xuất hiện nhu cầu cùng mua chung 1 sản phẩm và dịch vụ có tính đặc thù như code dành cho web là rất thấp. Chính vì thế webnhanh.vn đã giảm giá đồng loạt các module trên webnhanh.vn để khách hàng có nhu cầu sẽ có nhiều cơ hội được sử dụng các module mà mình mong muốn cung cấp lên website.<br  /> <br  /> Đại đa số các module sẽ được giảm giá xuống mức giá siêu rẻ để đảm bảo mọi người đều có khả năng sử dụng. Đặc biệt với các module có mức giá từ 10-20 triệu đồng sẽ giảm giá xuống còn ở mức 1-5 triệu đồng.<br  /> <br  /> <span style=\"font-size:16px;\"><strong>Giá rẻ hơn, nhiều giao diện hơn cho web</strong></span></p><p style=\"text-align: justify;\"> Ngoài việc giảm giá <a href=\"http://webnhanh.vn/vi/nvresources/cat/Giao-dien-3/\" target=\"_blank\"><strong>các giao diện website</strong></a> do VINADES.,JSC thiết kế (từ mức giá 2 triệu đồng xuống còn 300 đến 700 ngàn đồng). Webnhanh.vn cũng sẽ cải thiện kho giao diện của mình bằng cách đưa vào sử dụng các mẫu giao diện của các nhà thiết kế giao diện khác với giá trung bình khoảng 300 ngàn đồng (chi phí chuyển template thành giao diện có thể cài đặt cho website). Khách hàng cũng có thể gửi mẫu giao diện (đã cắt HTML) để chúng tôi thực hiện việc ghép giao diện với mức giá 300-500 ngàn đồng (áp dụng mô hình giá chia sẻ của VINADES.,JSC&nbsp; trong <strong><a href=\"http://vinades.vn/vi/news/San-pham/Thiet-ke-giao-dien-14/\" target=\"_blank\">thiết kế giao diện web</a></strong> <sup>(*)</sup>).<br  /> <br  /> <span style=\"font-size:16px;\"><strong>Giảm giá các gói web dựng sẵn, nâng cao chất lượng và cấu hình dịch vụ</strong></span></p><p style=\"text-align: justify;\"> Cơ cấu chất lượng sản phẩm và dịch vụ cũng thay đổi theo hướng nâng cao rõ rệt. Ngoài việc giảm giá các <strong><a href=\"http://webnhanh.vn/vi/nvresources/package/\" target=\"_blank\">gói web dựng sẵn</a></strong>, webnhanh.vn đồng thời nâng cao chất lượng các dịch vụ đi kèm của các gói web này. Theo đó ngoài việc kéo dài thời gian bảo hành miễn phí lên 12 tháng, đồng thời webnhanh.vn cũng kéo dài thời gian sử dụng hosting miễn phí lên 12 tháng. Với mức hỗ trợ này, website thiết kế trên webnhanh.vn đảm bảo chất lượng cao và mức giá còn rẻ hơn cả các nhà cung cấp dịch vụ web giá rẻ. Đây là cơ hội rất lớn cho <strong><a href=\"http://webnhanh.vn/vi/dealers/\" target=\"_blank\">các đại lý của webnhanh.vn</a></strong> để tạo nên lợi thế cạnh tranh về chất lượng và giá cả dịch vụ.<br  /> <br  /> <strong><sup>(*)</sup> &quot;Giá chia sẻ&quot;</strong> là mức giá tiết kiệm cho khách hàng, nếu mua với mức giá này khách hàng sẽ tiết kiệm chi phí thiết kế giao diện một cách tối đa mà vẫn được toàn quyền sử dụng mẫu giao diện đã đặt hàng. Webnhanh.vn sẽ giữ lại mẫu giao diện này và đưa vào thư viện giao diện để cung cấp cho các khách hàng khác. Mô hình &quot;Giá chia sẻ&quot; sử dụng cho các khách hàng không quá khắt khe về việc đảm bảo tính duy nhất của mẫu giao diện đồng thời giúp webnhanh.vn làm phong phú thêm kho giao diện của mình.</p><strong>Chú ý:</strong> Ngoài việc cung cấp các gói web dựng sẵn với chi phí thấp phục vụ người dùng phổ thông, <strong><a href=\"http://vinades.vn\">VINADES.,JSC</a></strong> vẫn duy trì dịch vụ thiết kế giao diện riêng và thiết kế website theo yêu cầu để phục vụ những khách hàng có nhu cầu riêng biệt và cao cấp hơn, khách hàng có nhu cầu vui lòng truy cập <a href=\"http://vinades.vn\" target=\"_blank\">http://vinades.vn</a> hoặc liên hệ nhân viên kinh doanh của VINADES.,JSC để được tư vấn và báo giá dịch vụ.<br  /><br  /><div style=\"text-align: justify;\"> Như vậy, cùng với việc tham gia cung cấp hosting chuyên nghiệp dành cho NukeViet của các nhà cung cấp hosting trong và ngoài nước như <strong><a href=\"http://vinades.vn/vi/news/Doi-tac/VINADES-JSC-va-DIGISTAR-hop-tac-trong-viec-phat-trien-ma-nguon-mo-NukeViet-17/\">DIGISTAR</a></strong>, <strong><a href=\"http://nukeviet.vn/vi/news/the-gioi-cong-nghe/TMDHosting-cung-cap-dich-vu-hosting-chuyen-NukeViet-64/\" title=\"TMDHosting cung cấp dịch vụ hosting chuyên NukeViet\">TMDHosting</a></strong> hay <strong><a href=\"http://nukeviet.vn/vi/news/the-gioi-cong-nghe/SiteGround-cung-cap-dich-vu-hosting-chuyen-NukeViet-59/\" title=\"SiteGround cung cấp dịch vụ hosting chuyên NukeViet\">SiteGround</a></strong>, <a href=\"http://nukeviet.vn/vi/news/the-gioi-cong-nghe/website-dau-tien-thiet-ke-website-va-ban-code-chuyen-nghiep-danh-cho-NukeViet-67/\" title=\"Webnhanh.vn - website đầu tiên thiết kế website v� bán code chuyên nghiệp d� nh cho NukeViet\"><strong>Webnhanh.vn</strong> là website đầu tiên có dịch vụ thiết kế website và bán code chuyên nghiệp</a> dành riêng cho NukeViet. Sự chuyên nghiệp hóa trong các khâu từ phát triển đến cung cấp dịch vụ cho mã nguồn mở NukeViet sẽ mở ra một cơ hội phát triển mới cho người sử dụng web ở Việt Nam.</div>',0,1,2,1,1,1,1,1,0,0,0,'khai trương, khuyến mại, giảm giá, siêu khuyến mại, webnhanh, thiết kế website, giao diện web, thiết kế web'),
(2,1316077123,1,1,'1,8,12',0,1,'Quỳnh Nhi',1,1274989177,1275318126,1,1274989140,0,2,'Ra mắt công ty mã nguồn mở đầu tiên tại Việt Nam','Ra-mat-cong-ty-ma-nguon-mo-dau-tien-tai-Viet-Nam','Mã nguồn mở NukeViet vốn đã quá quen thuộc với cộng đồng CNTT Việt Nam trong mấy năm qua. Tuy chưa hoạt động chính thức, nhưng chỉ trong khoảng 5 năm gần đây, mã nguồn mở NukeViet đã được dùng phổ biến ở Việt Nam, áp dụng ở hầu hết các lĩnh vực, từ tin tức đến thương mại điện tử, từ các website cá nhân cho tới những hệ thống website doanh nghiệp.','nangly.jpg','Thành lập VINADES.,JSC','thumb/nangly.jpg|block/nangly.jpg',1,'<p style=\"text-align: justify;\"> Để chuyên nghiệp hóa việc phát hành mã nguồn mở NukeViet, Ban quản trị NukeViet quyết định thành lập doanh nghiệp chuyên quản NukeViet mang tên Công ty cổ phần Phát triển nguồn mở Việt Nam (Viết tắt là VINADES.,JSC), chính thức ra mắt vào ngày 25-2-2010 (trụ sở tại 67B/35 Khương Hạ, Khương Đình, Thanh Xuân, Hà Nội) nhằm phát triển, phổ biến hệ thống NukeViet tại Việt Nam.<br  /> <br  /> Theo ông Nguyễn Anh Tú, Chủ tịch HĐQT VINADES, công ty sẽ phát triển bộ mã nguồn NukeViet nhất quán theo con đường mã nguồn mở đã chọn, chuyên nghiệp và quy mô hơn bao giờ hết. Đặc biệt là hoàn toàn miễn phí đúng tinh thần mã nguồn mở quốc tế.<br  /> <br  /> NukeViet là một hệ quản trị nội dung mã nguồn mở (Opensource Content Management System) thuần Việt từ nền tảng PHP-Nuke và cơ sở dữ liệu MySQL. Người sử dụng thường gọi NukeViet là portal vì nó có khả năng tích hợp nhiều ứng dụng trên nền web, cho phép người sử dụng có thể dễ dàng xuất bản và quản trị các nội dung của họ lên internet hoặc intranet.<br  /> <br  /> NukeViet cung cấp nhiều dịch vụ và ứng dụng nhờ khả năng tăng cường tính năng thêm các module, block... tạo sự dễ dàng cài đặt, quản lý, ngay cả với những người mới tiếp cận với website. Người dùng có thể tìm hiểu thêm thông tin và tải về sản phẩm tại địa chỉ http://nukeviet.vn</p><blockquote> <p style=\"text-align: justify;\"> <em>Thông tin ra mắt công ty VINADES có thể tìm thấy trên trang 7 báo Hà Nội Mới ra ngày 25/02/2010 (<a href=\"http://hanoimoi.com.vn/newsdetail/Cong_nghe/309750/ra-mat-cong-ty-ma-nguon-mo-dau-tien-tai-viet-nam.htm\" target=\"_blank\">xem chi tiết</a>), Bản tin tiếng Anh của đài tiếng nói Việt Nam ngày 26/02/2010 (<a href=\"http://english.vovnews.vn/Home/First-opensource-company-starts-operation/20102/112960.vov\" target=\"_blank\">xem chi tiết</a>); trang 7 báo An ninh Thủ Đô số 2858 ra vào thứ 2 ngày 01/03/2010 và các trang tin tức, báo điện tử khác.</em></p></blockquote>',0,1,2,1,1,1,1,97,0,0,0,'nguồn mở, quen thuộc, cộng đồng, việt nam, hoạt động, gần đây, phổ biến, áp dụng, hầu hết, hết các, lĩnh vực, tin tức, thương mại điện, điện tử, cá nhân, hệ thống'),
(3,1316077123,1,2,'1,8,12',1,1,'laser',2,1274989787,1275318114,1,1274989740,0,2,'Công bố dự án NukeViet 3.0 sau 1 tháng ra mắt VINADES.,JSC','Cong-bo-du-an-NukeViet-3-0-sau-1-thang-ra-mat-VINADES-JSC','NukeViet 3.0 - Một nền tảng được xây dựng hoàn toàn mới với những công nghệ web tiên tiến nhất hiện nay hứa hẹn sẽ làm một cuộc cách mạng về mã nguồn mở ở Việt Nam. Món quà này là lời cảm ơn chân thành nhất mà VINADES.,JSC muốn gửi tới cộng đồng sau một tháng chính thức ra mắt.','nukeviet3.jpg','NukeViet 3.0','thumb/nukeviet3.jpg|block/nukeviet3.jpg',1,'<p style=\"font-weight: bold;\"> <span style=\"font-size: 14pt;\">Câu chuyện của NukeViet và VINADES.,JSC</span></p><p style=\"font-weight: bold;\"> Từ một trăn trở</p><p style=\"text-align: justify;\"> Giữa năm 2009, trước yêu cầu cấp thiết phải đổi mới và làm một cuộc cách mạng cho mã nguồn mở NukeViet, một cuộc thảo luận sôi nổi đã diễn ra với tiêu đề &quot;Lối đi nào để chuyên nghiệp hóa mã nguồn mở NukeViet&quot;.</p><p> Kết quả của cuộc thảo luận này là 55 bài viết với hàng chục ý kiến đóng góp đã được đưa ra. Các giải pháp về tài chính, nhân lực, phương hướng hoạt động được đem ra thảo luận. rockbuilc, Nkd833 đề xuất phương án thành lập doanh nghiệp chuyên quản NukeViet như một giải pháp toàn diện để giải quyết vấn đề chuyên nghiệp hóa NukeViet. Các vấn đề được các thành viên tham gia thảo luận và mổ xẻ thẳng thắn, nhiều ý kiến phản biện trái chiều cũng được đưa ra trên tinh thần xây dựng. Sau 2 tháng thảo luận, Ban Quản Trị đã có dự định...</p><p> <span style=\"font-weight: bold;\">Gặp mặt</span></p><p> Tháng 11, Sau khi tham khảo các ý kiến của mọi người trên diễn đàn, Anh Tú đã trực tiếp về Việt Nam. Một cuộc offline được tổ chức chớp nhoáng với sự tham gia của các thành viên chủ chốt tại Hà Nội. Các cuộc tìm hiểu và tiếp xúc được triển khai gấp rút trong giai đoạn này.</p><p> <span style=\"font-weight: bold;\">Một mô hình - một lối đi</span></p><p style=\"text-align: justify;\"> Hướng đi chuyên nghiệp hóa việc phát triển NukeViet đã được anh Tú chọn lựa: &quot;Thành lập doanh nghiệp chuyên quản NukeViet&quot;. Doanh nghiệp chuyên quản NukeViet được thành lập từ chính nhu cầu của cộng đồng nhằm chuyên nghiệp hóa NukeViet, vì vậy mô hình công ty cổ phần được chọn lựa để đáp ứng yêu cầu đó. Chịu trách nhiệm triển khai, laser đã lên phương án đầu tư, mục tiêu, kế hoạch phát triển ngắn và dài hạn.</p><p> <br  /> <span style=\"font-weight: bold;\">Triển khai thực hiện</span></p><p style=\"text-align: justify;\"> Tháng 1 năm 2010, việc thành lập đã được xúc tiến. Ngày 25/02/2010, trên các bản tin tiếng Anh và tiếng Việt xuất hiện bản tin &quot;Ra mắt công ty mã nguồn mở đầu tiên tại Việt Nam&quot;. Đó là Công ty cổ phần Phát triển nguồn mở Việt Nam (VIET NAM OPEN SOURCE DEVELOPMENT JOINT STOCK COMPANY - VINADES.,JSC). Đây là một vài hình ảnh trong ngày khai trương:</p><div style=\"text-align: center;\"> <img alt=\"Anh Tú phát biểu khai trương VINADES.,JSC \" height=\"332\" src=\"http://nukeviet.vn/uploads/spaw2/images/anhtu-phatbieu.jpg\" style=\"border: 0px solid;\" width=\"500\" /></div><div style=\"text-align: center;\"> Anh Tú phát biểu khai trương VINADES.,JSC <p> <br  /> <img alt=\"\" border=\"0\" src=\"http://nukeviet.vn/uploads/spaw2/images/hung-phatbieu.jpg\" style=\"width: 500px;\" width=\"500\" /></p> <p> Nguyễn Hùng giới thiệu đôi nét về công ty, mục tiêu và phương hướng hoạt động.</p> <p> <br  /> <img alt=\"\" border=\"0\" height=\"332\" src=\"http://nukeviet.vn/uploads/spaw2/images/nangly.jpg\" style=\"width: 500px; height: 332px;\" width=\"500\" /></p> <p> Cùng nâng ly chúc mừng khai trương.</p></div><p style=\"font-weight: bold;\"> ... và lời cảm ơn gửi tới cộng đồng</p><p style=\"text-align: justify;\"> VINADES.,JSC từ khi được thai nghén tới lúc chập chững những bước đi ban đầu đều có sự động viên, ủng hộ và đóng góp lớn nhỏ của cộng đồng NukeViet - Một cộng đồng gắn liền với những ký ức, những kỷ niệm buồn vui và mang trong mỗi thành viên một đam mê, một hoài bão lớn lao. &quot;Lửa thử vàng, gian nan thử sức&quot;, mỗi khó khăn trả qua khiến cộng đồng NukeViet lớn dần lên, gắn kết với nhau bằng một sợi dây vô hình không thể chia cắt: đó là niềm đam mê với mã nguồn mở, với công nghệ web. VINADES.,JSC được tạo ra từ cộng đồng và sẽ cố gắng hết sức để hoạt động vì lợi ích của cộng đồng.</p><p>  </p><div style=\"text-align: center;\"> <img alt=\"\" border=\"0\" height=\"375\" src=\"http://nukeviet.vn/uploads/spaw2/images/anhvp2.jpg\" style=\"width: 500px; height: 375px;\" width=\"500\" /></div><p>  </p><p style=\"text-align: center;\"> Văn phòng làm việc của VINADES.,JSC ở Hà Nội.</p><div style=\"text-align: center;\"> <img alt=\"\" border=\"0\" height=\"375\" src=\"http://nukeviet.vn/uploads/spaw2/images/anhvp3.jpg\" style=\"width: 500px; height: 375px;\" width=\"500\" /></div><p>  </p><p style=\"text-align: center;\"> Một góc văn phòng nhìn từ trong ra ngoài.</p><p style=\"font-weight: bold;\"> NukeViet 3.0 - Cuộc cách mạng của NukeViet</p><p style=\"text-align: justify;\"> Sau nhiều tháng triển khai, NukeViet 3.0 đã được định hình và dự định công bố bản beta trong thời gian gần. NukeViet 3.0 là phiên bản mang tính cách mạng của hệ thống NukeViet vì 100% các dòng code của NukeViet 3.0 đã được viết mới hoàn toàn chứ không sử dụng nền tảng cũ. Việc này đã ngốn rất nhiều thời gian và công sức của đội ngũ lập trình. Đó cũng là lý do vì sao bản 2.0 không được cải tiến nhiều trong thời gian qua.</p><div style=\"text-align: justify;\"> NukeViet 3.0 được xây dựng với mong muốn có một nền tảng ổn định để sau đó có thể đầu tư lâu dài, xây dựng một thư viện ứng dụng phong phú. VINADES.,JSC sẽ song hành cùng cộng đồng NukeViet trong việc hỗ trợ và phát triển NukeViet thành một mã nguồn mở hoạt động ở quy mô chuyên nghiệp. Đây là bước đi đầu tiên trong trong tiến trình chuyên nghiệp hóa này. Các ứng dụng bổ sung sẽ được xây dựng bài bản, chất lượng. Cộng đồng NukeViet sẽ không chỉ là cộng đồng người sử dụng mà sẽ được đầu tư về đào tạo để trở thành một cộng đồng lập trình mạnh. Thông tin chi tiết về dự án phát triển NukeViet 3.0 được cập nhật tại đây: <a href=\"http://nukeviet.vn/phpbb/viewforum.php?f=99\" target=\"_blank\">http://nukeviet.vn/phpbb/viewforum.php?f=99</a></div>',0,1,2,1,1,1,1,91,0,0,0,'nền tảng, xây dựng, hoàn toàn, với những, công nghệ, tiên tiến, hiện nay, hứa hẹn, cách mạng, nguồn mở, việt nam, món quà, cảm ơn, chân thành, thành nhất, cộng đồng'),
(4,1316077123,1,5,'2',1,1,'',0,1274993307,1275318039,1,1274993280,0,2,'Giới thiệu về mã nguồn mở NukeViet','Gioi-thieu-ve-ma-nguon-mo-NukeViet','Chắc hẳn đây không phải lần đầu tiên bạn nghe nói đến mã nguồn mở. Và nếu bạn là người mê lướt web thì hẳn bạn từng nhìn thấy đâu đó cái tên NukeViet. NukeViet, phát âm là Nu-Ke-Việt, chính là phần mềm dùng để xây dựng các Website mà bạn ngày ngày online để truy cập đấy.','screenshot.jpg','','thumb/screenshot.jpg|block/screenshot.jpg',1,'<p> <strong><span style=\"font-size: 14px;\">THÔNGTIN VỀ MÃ NGUỒN MỞ NUKEVIET</span></strong></p><p style=\"font-weight: bold;\"> I. Giới thiệu chung:</p><p> NukeViet là một hệ quản trị nội dung mã nguồn mở (Opensource Content Management System), người sử dụng thường gọi NukeViet là portal vì nó có khả năng tích hợp nhiều ứng dụng trên nền Web.</p><p> NukeViet có 2 dòng phiên bản chính:</p><p> Dòng phiên bản trước năm 2009 (NukeViet 2.0 trở về trước) được Nguyễn Anh Tú- một lưu học sinh người Việt tại Nga - cùng cộng đồng phát triển thành một ứng dụng thuần Việt từ nền tảng PHP-Nuke.</p><p> Dòng phiên bản NukeViet 3.0 trở về sau (kể từ năm 2010 trở đi) là dòng phiên bản hoàn toàn mới, được xây dựng từ đầu với nhiều tính năng ưu việt.</p><p> NukeViet được viết bằng ngôn ngữ PHP và chủ yếu sử dụng cơ sở dữ liệu MySQL, cho phép người sử dụng có thể dễ dàng xuất bản &amp;quản trị các nội dung của họ lên Internet hoặc Intranet.</p><p> NukeViet được sử dụng ở nhiều website, từ những website cá nhân cho tới những hệ thống website doanh nghiệp, nó cung cấp nhiều dịch vụ và ứng dụng nhờ khả năng tăng cường tính năng bằng cách cài thêm các module, block... NukeViet có thể dễ dàng cài đặt, dễ dàng quản lý kể cả với những người mới sử dụng.</p><p style=\"text-align: justify;\"> NukeViet là giải pháp hoàn hảo cho các Website từ cá nhân cho tới các doanh nghiệp. NukeViet là bộ mã nguồn chất lượng cao, được phát hành theo giấy phép mã nguồn mở nên việc sử dụng NukeViet hoàn toàn miễn phí. Với người sử dụng cá nhân, tất cả đều có thể tự tạo cho mình một website chuyên nghiệp mà không mất bất cứ chi phí nào. Với những nhà phát triển Web, sử dụng NukeViet có thể nhanh chóng xây dựng các hệ thống lớn mà việc lập trình không đòi hỏi quá nhiều thời gian vì NukeViet đã xây dựng sẵn hệ thống quản lý ưu việt.</p><p>  </p><p> Thông tin chi tiết về NukeViet có thể tìm thấy ở bách khoa toàn thư mở Wikipedia: <a href=\"http://vi.wikipedia.org/wiki/NukeViet\">http://vi.wikipedia.org/wiki/NukeViet</a></p><p style=\"font-weight: bold;\"> II. Thông tin về diễn đàn NukeViet:</p><p> Diễn đàn NukeViet hoạt động trên website: <a href=\"http://nukeviet.vn/\"><span style=\"font-weight: bold;\">http://nukeviet.vn</span></a> hiện có trên 13.000 thành viên thực gồm học sinh, sinh viên &amp; nhiều thành phần khác thuộc giới trí thức ở trong và ngoài nước.</p><p> Là một diễn đàn của các nhà quản lý website, rất nhiều thành viên trong diễn đàn NukeViet là cán bộ, lãnh đạo từ đủ mọi lĩnh vực: công nghệ thông tin, xây dựng,văn hóa - xã hội, thể thao, dịch vụ - du lịch... từ cử nhân, bác sĩ, kỹ sư cho đến bộ đội, công an...</p><p> Nhiều học sinh, sinh viên tham gia diễn đàn NukeViet, đam mê mã nguồn mở và đã thành công với chính công việc mà họ yêu thích.</p>',0,1,2,1,1,1,1,90,0,0,0,'quản trị, nội dung, sử dụng, khả năng, tích hợp, ứng dụng'),
(5,1316077123,1,6,'1,8,10',0,1,'',0,1274994722,1275318001,1,1274994720,0,2,'Thư mời hợp tác liên kết quảng cáo và cung cấp hosting thử nghiệm','Thu-moi-hop-tac','Hiện tại VINADES.,JSC đang tiến hành phát triển bộ mã nguồn NukeViet phiên bản 3.0 – một thế hệ CMS hoàn toàn mới với nhiều tính năng ưu việt, được đầu tư bài bản với kinh phí lớn. Với thiện chí hợp tác cùng phát triển VINADES.,JSC xin trân trọng gửi lời mời hợp tác đến Quý đối tác là các công ty cung cấp tên miền - hosting, các doanh nghiệp quan tâm và mong muốn hợp tác cùng VINADES để cùng thực hiện chung các hoạt động kinh doanh nhằm gia tăng giá trị, quảng bá thương hiệu chung cho cả hai bên.','hoptac.jpg','','thumb/hoptac.jpg|block/hoptac.jpg',1,'<div style=\"text-align: center;\"> <h2 style=\"color: rgb(255, 69, 0);\"> THƯ MỜI HỢP TÁC</h2> <h4> TRONG VIỆC LIÊN KẾT QUẢNG CÁO, CUNG CẤP HOSTING THỬ NGHIỆM PHÁT TRIỂN</h4> <h2> MÃ NGUỒN MỞ NUKEVIET</h2> </div> <p style=\"text-align: justify; line-height: 130%; font-weight: bold;\">  </p> <p style=\"text-align: justify; line-height: 130%; font-weight: bold;\"> Kính gửi: QUÍ KHÁCH VÀ ĐỐI TÁC</p> <p style=\"text-align: justify; line-height: 130%; font-style: italic; text-indent: 1cm;\"> Lời đầu tiên, Ban giám đốc công ty cổ phần Phát Triển Nguồn Mở Việt Nam (VINADES.,JSC) xin gửi đến Quý đối tác lời chào trân trọng, lời chúc may mắn và thành công. Tiếp đến chúng tôi xin được giới thiệu và ngỏ lời mời hợp tác kinh doanh.</p> <p style=\"text-align: justify; line-height: 130%; font-style: italic; text-indent: 1cm;\"> VINADES.,JSC ra đời nhằm chuyên nghiệp hóa việc phát hành mã nguồn mở NukeViet. Đồng thời khai thác các dự án từ NukeViet tạo kinh phí phát triển bền vững cho mã nguồn này.</p> <p style=\"text-align: justify; line-height: 130%; font-style: italic; text-indent: 1cm;\"> NukeViet là hệ quản trị nội dung, là website đa năng đầu tiên của Việt Nam do cộng đồng người Việt phát triển. Có nhiều lợi thế như cộng đồng người sử dụng đông đảo nhất tại Việt Nam hiện nay, sản phẩm thuần Việt, dễ sử dụng, dễ phát triển.</p> <p style=\"text-align: justify; line-height: 130%; font-style: italic; text-indent: 1cm;\"> Hiện tại VINADES.,JSC đang tiến hành phát triển bộ mã nguồn NukeViet phiên bản 3.0 – một thế hệ CMS hoàn toàn mới với nhiều tính năng ưu việt, được đầu tư bài bản với kinh phí lớn.</p> <p style=\"text-align: justify; line-height: 130%; font-style: italic; text-indent: 1cm;\"> Với thiện chí hợp tác cùng phát triển VINADES.,JSC xin trân trọng gửi lời mời hợp tác đến Quý đối tác là các công ty cung cấp tên miền - hosting, các doanh nghiệp quan tâm và mong muốn hợp tác cùng VINADES để cùng thực hiện chung các hoạt động kinh doanh nhằm gia tăng giá trị, quảng bá thương hiệu chung cho cả hai bên.</p> <p style=\"text-align: justify; line-height: 130%; text-indent: 1cm; font-weight: bold;\"> Phương thức hợp tác nhưsau:</p> <p style=\"text-align: justify; line-height: 130%; font-weight: bold;\"> 1.Quảng cáo, trao đổi banner, liên kết website:</p> <p style=\"text-align: justify; line-height: 130%;\"> a. Mô tả hình thức:</p> <p style=\"text-align: justify; line-height: 130%; text-indent: 1cm;\"> - Quảng cáo trên website &amp; hệ thống kênh truyền thông của 2 bên.</p> <p style=\"text-align: justify; line-height: 130%; text-indent: 1cm;\"> - Quảng cáo trên các phiên bản phát hành của mã nguồn mở NukeViet.</p> <p style=\"text-align: justify; line-height: 130%;\"> b, Lợi ích:</p> <p style=\"text-align: justify; line-height: 130%; text-indent: 1cm;\"> - Quảng bá rộng rãi cho đối tượng của 2 bên.</p> <p style=\"text-align: justify; line-height: 130%; text-indent: 1cm;\"> - Giảm chi phí quảng bá cho 2 bên.</p> <p style=\"text-align: justify; line-height: 130%;\"> c, Trách nhiệm:</p> <p style=\"text-align: justify; line-height: 130%; text-indent: 1cm;\"> - Hai bên sẽ thỏa thuận và đưa quảng cáo của mình vào website của đối tác. Thỏa thuận vị trí, kích thước và trang đặt banner quảng cáo nhằm mang lại hiệu quả cao cho cả hai bên.</p> <p style=\"text-align: justify; line-height: 130%; text-indent: 1cm;\"> - Mở forum hỗ trợ người dùng hosting ngay tại diễn đàn NukeViet.VN để quý công ty dễ dàng hỗ trợ người sử dụng cũng như thực hiện các kế hoạch truyền thông của mình tới cộng đồng NukeViet.</p> <p style=\"text-align: justify; line-height: 130%; font-weight: bold;\"> 2.Hợp tác cung cấp hosting thử nghiệm NukeViet:</p> <p style=\"text-align: justify; line-height: 130%;\"> a. Mô tả hình thức:</p> <p style=\"text-align: justify; line-height: 130%; text-indent: 1cm;\"> - Hai bên ký hợp đồng nguyên tắc &amp; thỏa thuận hợp tác trong việc hợp tác phát triển mã nguồn mở NukeViet. Theo đó:</p> <p style=\"text-align: justify; line-height: 130%; text-indent: 1cm;\"> + Phía đối tác cung cấp mỗi loại 1 gói hosting đại lý cho VINADES.,JSC để chúng tôi test trong quá trình phát triển mã nguồn mở NukeViet, để đảm bảo NukeViet sẵn sàng tương thích với hosting của quý khách ngay khi ra mắt.</p> <p style=\"text-align: justify; line-height: 130%; text-indent: 1cm;\"> + VINADES.,JSC sẽ công báo thông tin chứng nhận host của phía đối tác là phù hợp, tương thích tốt nhất với NukeViet tới cộng đồng những người phát triển và sử dụng NukeViet.</p> <p style=\"text-align: justify; line-height: 130%;\"> b. Lợi ích:</p> <p style=\"text-align: justify; line-height: 130%; text-indent: 1cm;\"> - Mở rộng thị trường theo cả hướng đối tượng.</p> <p style=\"text-align: justify; line-height: 130%; text-indent: 1cm;\"> - Tiết kiệm chi phí –nâng cao hiệu quả kinh doanh.</p> <p style=\"text-align: justify; line-height: 130%;\"> c. Trách nhiệm:</p> <p style=\"text-align: justify; line-height: 130%; text-indent: 1cm;\"> - Bên đối tác cung cấp miễn phí host để VINADES.,JSC thực hiện việc test tương thích mã nguồn NukeViet trên các gói hosting của đối tác.</p> <p style=\"text-align: justify; line-height: 130%; text-indent: 1cm;\"> - VINADES.,JSC công bố tới cộng đồng về kết quả chứng nhận chất lượng host của phía đối tác.</p> <p style=\"text-align: justify; line-height: 130%; font-weight: bold;\"> 3,Hợp tác nhân lực hỗ trợ người sử dụng:</p> <p style=\"text-align: justify; line-height: 130%;\"> a, Mô tả hình thức:</p> <p style=\"text-align: justify; line-height: 130%; text-indent: 1cm;\"> - Hai bên sẽ hỗ trợ lẫn nhau trong quá trình giải quyết các yêu cầu của khách hàng.</p> <p style=\"text-align: justify; line-height: 130%; text-indent: 1cm;\"> + Bên đối tác gửi các yêu cầu của khách hàng về mã nguồn NukeViet tới VINADES.,JSC</p> <p style=\"text-align: justify; line-height: 130%; text-indent: 1cm;\"> + VINADES gửi các yêu cầu của khách hàng có liên quan đến dịch vụ hosting tới phía đối tác.</p> <p style=\"text-align: justify; line-height: 130%;\"> b, Lợi ích:</p> <p style=\"text-align: justify; line-height: 130%; text-indent: 1cm;\"> - Giảm thiểu chi phí, nhân lực hỗ trợ khách hàng của cả 2 bên.</p> <p style=\"text-align: justify; line-height: 130%; text-indent: 1cm;\"> - Tăng hiệu quả hỗ trợ khách hàng.</p> <p style=\"text-align: justify; line-height: 130%;\"> c, Trách nhiệm:</p> <p style=\"text-align: justify; line-height: 130%; text-indent: 1cm;\"> - Khi nhận được yêu cầu hỗ trợ VINADES hoặc bên đối tác cần ưu tiên xử lý nhanh gọn nhằm nâng cao hiệu quả của sự hợp tác song phưong này.</p> <p style=\"text-align: justify; line-height: 130%; font-weight: bold;\"> 4. Các hình thức khác:</p> <p style=\"text-align: justify; line-height: 130%; text-indent: 1cm;\"> Ngoài các hình thức đã đề xuất ở trên, là đơn vị phát hành mã nguồn mở NukeViet chúng tôi có thể phát hành quảng cáo trên giao diện phần mềm, trên các bài viết giới thiệu xuất hiện ngay sau khi cài đặt phần mềm… chúng tôi tin tưởng rằng với lượng phát hành lên đến hàng chục ngàn lượt tải về cho mỗi phiên bản là một cơ hội quảng cáo rất hiệu quả đến cộng đồng Webmaster Việt Nam.</p> <p style=\"text-align: justify; line-height: 130%; text-indent: 1cm;\"> Với mong muốn tạo nên cộng đồng phát triển và sử dụng NukeViet rộng lớn đúng như mục tiêu đề ra,chúng tôi luôn linh động trong các hình thức hợp tác nhằm mang lại sự thuận tiện cho đối tác cũng như mục tiêu hợp tác đa phương. Chúng tôi sẽ tiếp nhận các hình thức hợp tác khác mà bên đối tác trình bày hợp lý và hiệu quả, mong nhận được thêm nhiều hình thức hợp tác khác từ đối tác. Phương châm của chúng tôi “Cùng hợp tác để phát triển”.</p> <p style=\"text-align: justify; line-height: 130%; font-style: italic; text-indent: 1cm;\"> Trân trọng cảm ơn, rất mong được hợp tác cùng quý vị.</p> <span style=\"font-weight: bold;\">Thông tin liên hệ:</span> <p style=\"text-align: justify;\"> CÔNG TY CỔ PHẦN PHÁT TRIỂN NGUỒN MỞ VIỆT NAM (VINADES.,JSC)</p> <p style=\"text-align: justify; text-indent: 1cm;\"> Trụ sở chính: 67B (ngõ 35) phố Khương Hạ, Khương Đình, Thanh Xuân, Hà Nội.</p> <p style=\"text-align: justify; text-indent: 1cm;\"> Điện thoại: (84-4) 85 872007</p> <p style=\"text-align: justify; text-indent: 1cm;\"> Fax: (84-4) 35 500 914</p> <p style=\"text-align: justify; text-indent: 1cm;\"> Website: <a href=\"http://www.vinades.vn/\">www.vinades.vn</a> – <a href=\"http://www.nukeviet.vn/\">www.nukeviet.vn</a></p> <p style=\"text-align: justify; text-indent: 1cm;\"> Email: <a href=\"mailto:contact@vinades.vn\">contact@vinades.vn</a></p>',0,1,2,1,1,1,1,74,0,0,0,'hiện tại, tiến hành, phát triển, phiên bản, thế hệ, hoàn toàn, tính năng, ưu việt, kinh phí, thiện chí, hợp tác, trân trọng, mời hợp tác, đối tác, các công ty, công ty, cung cấp, tên miền, các doanh, doanh nghiệp, quan tâm'),
(6,1316077123,1,7,'11',0,1,'',0,1307197282,1307197381,1,1307197260,0,2,'Tuyển dụng lập trình viên, chuyên viên đồ họa phát triển NukeViet','Tuyen-dung-lap-trinh-vien-chuyen-vien-do-hoa-phat-trien-NukeViet','Bạn đam mê nguồn mở? Bạn có năng khiếu lập trình PHP & MySQL? Bạn là chuyên gia đồ họa, HTML, CSS? Chúng tôi sẽ giúp bạn hiện thực hóa ước mơ của mình với một mức lương đảm bảo. Hãy gia nhập VINADES.,JSC để xây dựng mã nguồn mở hàng đầu cho Việt Nam.','nukeviet-job.jpg','','thumb/nukeviet-job.jpg|block/nukeviet-job.jpg',2,'Công ty cổ phần phát triển nguồn mở Việt Nam (VINADES.,JSC) đang thu hút tuyển dụng nhân tài là các lập trình viên PHP và MySQL, Chuyên Viên Đồ Hoạ để làm việc cho công ty, hiện thực hóa ước mơ một nguồn mở chuyên nghiệp cho Việt Nam vươn ra thế giới.<br  /><br  />Tại VINADES.,JSC bạn sẽ được tham gia các dự án của công ty, tham gia xây dựng và phát triển bộ nhân hệ thống NukeViet, được học hỏi và trau dồi nâng cao kiến thức và kỹ năng cá nhân.<br  /><p style=\"text-align: justify;\"> <strong>1. Vị trí dự tuyển</strong>: Chuyên viên đồ hoạ; Lập trình viên.</p><p style=\"text-align: justify;\"> <strong>2. Mô tả công việc:</strong></p>Với vị trí lập trình viên PHP &amp; MySQL: Viết module trên nền NukeViet, tham gia phát triển hệ thống NukeViet.<br  /><p style=\"text-align: justify;\"> Nếu là chuyên viên đồ họa, kỹ thuật viên cắt giao diện... bạn có thể đảm nhiệm một trong các công việc sau:</p><p style=\"margin-left: 40px; text-align: justify;\"> + Vẽ và cắt giao diện.</p><p style=\"margin-left: 40px; text-align: justify;\"> + Valid CSS, xHTML.</p><p style=\"margin-left: 40px; text-align: justify;\"> + Ghép giao diện cho hệ thống.</p><strong>3. Yêu cầu: </strong><br  /><br  />Lập trình viên PHP &amp; MySQL: Thành thạo PHP, MySQL. Biết CSS, XHTML, JavaScript là một ưu thế.<br  /><br  />Chuyên viên đồ họa: Sử dụng thành thạo một trong các phần mềm Photoshop, illustrator, 3Dmax, coreldraw. Biết CSS, xHTML.<p style=\"text-align: justify; margin-left: 40px;\"> + Trình độ tối thiểu cho người làm đồ họa web: Biết vẽ giao diện hoặc cắt PSD ra xHTML &amp; CSS.</p><p style=\"text-align: justify; margin-left: 40px;\"> + Ưu tiên người cắt giao diện đạt chuẩn W3C (Test trên Internet Explorer 7+, FireFox 3+, Chrome 8+, Opera 10+)</p>Chúng tôi ưu tiên các ứng viên có kỹ năng làm việc độc lập, làm việc theo nhóm, có tinh thần trách nhiệm cao, chủ động trong công việc.<br  /><p style=\"text-align: justify;\"> <strong>4: Quyền lợi:</strong></p><p style=\"text-align: justify;\"> <strong>-</strong> Lương: thoả thuận, trả qua ATM.</p><p style=\"text-align: justify;\"> - Thưởng theo dự án, các ngày lễ tết.</p><p style=\"text-align: justify;\"> - Hưởng các chế độ khác theo quy định của công ty và pháp luật: Bảo hiểm y tế, bảo hiểm xã hội...</p><p style=\"text-align: justify;\"> <strong>5. Thời gian làm việc:</strong> Toàn thời gian cố định hoặc làm <strong>online</strong>.</p><p style=\"text-align: justify;\"> <strong>6. Hạn nộp hồ sơ</strong>: Không hạn chế, vui lòng kiểm tra tại <a href=\"http://vinades.vn/vi/news/Tuyen-dung/\" target=\"_blank\">http://vinades.vn/vi/news/Tuyen-dung/</a></p><p style=\"text-align: justify;\"> <strong>7. Hồ sơ bao gồm:</strong></p><p style=\"text-align: justify;\"> &nbsp;&nbsp;<strong>&nbsp; *&nbsp; Cách thức đăng ký dự tuyển</strong>: Làm Hồ sơ xin việc (file mềm) và gửi về hòm thư tuyendung@vinades.vn<br  /> &nbsp;&nbsp;&nbsp; *&nbsp; <strong>Nội dung hồ sơ xin việc file mềm gồm</strong>:<br  /> <br  /> <strong>+ Đơn xin việc:</strong> Tự biên soạn.</p><p style=\"text-align: justify;\"> <strong>+ Thông tin ứng viên:</strong> Theo mẫu của VINADES.,JSC (dowload tại đây: <strong><u><a href=\"http://vinades.vn/vi/download/Thong-tin-ung-vien/Mau-ly-lich-ung-vien/\" target=\"_blank\" title=\"Mẫu lý lịch ứng viên\">Mẫu lý lịch ứng viên</a></u></strong>)<br  /> <br  /> Chi tiết vui lòng tham khảo tại: <a href=\"http://vinades.vn/vi/news/Tuyen-dung/\" target=\"_blank\">http://vinades.vn/vi/news/Tuyen-dung/</a><br  /> <br  /> Mọi thắc mắc vui lòng liên hệ:<br  /> <br  /> <strong>Công ty cổ phần phát triển nguồn mở Việt Nam.</strong><br  /> Địa chỉ: 67B (ngõ 35) phố Khương Hạ, Khương Đình, quận Thanh Xuân, thành phố Hà Nội, Việt Nam.</p><div> - Tel: (+84) (04) 85 87 2007 - Fax: (+84) (04) 35 500 914<br  /> - Email: <a href=\"mailto:contact@vinades.vn\">contact@vinades.vn</a> - Website: <a href=\"http://www.vinades.vn/\">http://www.vinades.vn</a></div><p style=\"text-align: justify;\"> &nbsp;</p>',0,1,2,1,1,1,1,1,0,0,0,'vinades, nukeviet, lập trình viên, chuyên viên đồ họa, php, mysql'),
(7,1316135341,1,8,'2,15',0,1,'Nguyễn Hữu Nam',3,1310067949,1316077019,1,1310067949,0,2,'Nửa thế kỷ một trường vùng biên','Nua-the-ky-mot-truong-vung-bien','Trải qua gần nửa thế kỷ dựng xây và phát triển, song song với nhiều biến cố của lịch sử đất nước, trải qua nhiều lần di chuyển, sáp nhập, 2 lần phải gây dựng từ đầu, song ngôi trường cấp II - III đầu tiên của tỉnh Lào Cai vẫn luôn là một trung tâm giáo dục có uy tín, chất lượng cao, luôn là con chim đầu đàn của ngành giáo dục tỉnh Lào Cai.','2011_09/thu-2.jpg','','thumb/thu-2.jpg|block/thu-2.jpg',2,'Có lẽ hiếm có ngôi trường nào trên đất nước có lịch sử gian nan như Trường THPT số 1 TP. Lào Cai. Do xa xôi, hẻo lánh, do trình độ dân trí, tập tục lạc hậu, kinh tế tự cung, tự cấp phổ biến, đặc biệt do chính sách ngu dân của thực dân Pháp và các thổ ty trong vùng, suốt thời Pháp thuộc hầu hết người Lào Cai không biết chữ, cả tỉnh chỉ có một số học sinh học hết bậc tiểu học. Hoà bình lập lại, mãi sau 5 năm gom góp, gây dựng, trưởng thành từ các phong trào bình dân học vụ, ánh sáng văn hoá, giáo dục phổ thông... cả Lào Cai mới quy tụ được 62 học trò để lập nên ngôi trường khởi nguồn cho việc nâng cao dân trí của tỉnh.<br  /><br  />Ngôi trường non trẻ vừa qua “vạn sự khởi đầu nan”, đang khắc phục tàn tích của những cuộc nổi phỉ, của thực dân Pháp để lại thì đụng đầu với chiến tranh phá hoại của đế quốc Mỹ, sau đó là cuộc chiến đấu bảo vệ biên giới phía bắc và gánh chịu hậu quả của nó. Sau hơn 20 năm thành lập, nhà trường phải 4 lần đổi tên, 4 lần di chuyển, sáp nhập, đã có thời gian dài gián đoạn, tưởng chừng như không khôi phục lại được, song cái đáng nói, đáng được tôn vinh anh hùng là dù trong hoàn cảnh nào nhà trường vẫn vươn lên, vẫn luôn luôn đứng vị trí số một về chất lượng và hiệu quả đào tạo của tỉnh Lào Cai, là cái nôi ươm mầm, tạo nguồn nhân lực trên nhiều lĩnh vực cho tỉnh và cho đất nước. Hơn thế nữa, trong bất kỳ hoàn cảnh nào, thầy và trò nhà trường đều tạo ra những bước đột phá, táo bạo có hiệu quả cao, ảnh hưởng, lan toả lâu dài không chỉ riêng với tỉnh Lào Cai.<br  /><strong>Tự lập, tự chủ vượt qua thử thách</strong><br  />Đó là thời kỳ chống chiến tranh phá hoại của đế quốc Mỹ, nhà trường được lệnh sơ tán sâu vào xã vùng cao Quang Kim của người Giáy huyện Bát Xát. Mọi việc xây dựng trường lớp, tổ chức dạy, học, ăn ở, nhà trường tự lo. Đối mặt với những khó khăn tưởng chừng như không thể vượt qua này, thầy và trò nhà trường đã tự san nền, dựng nên trường lớp để học, nhà để ở, đặc biệt họ đã tự gây dựng cho học sinh nền nếp ăn ở tập trung. Trong hoàn cảnh cả vùng kinh tế khó khăn, học sinh nhiều thành phần dân tộc, em ở gần cách 5-7 cây số, em ở xa phải đi bộ 2 ngày đường mà nhà trường vận động, tổ chức, duy trì được việc ăn ở cho các em như một ký túc xá là một táo bạo, một quyết tâm lớn. Táo bạo, quyết tâm ấy đã làm cho tình thầy - trò ngày càng gắn bó, chất lượng dạy và học được nâng lên đến không ngờ.<br  />Năm 1965, 1966, trong lúc cuộc chiến tranh phá hoại diễn ra ác liệt mà học sinh của trường đi thi học sinh giỏi toàn miền Bắc vẫn đoạt 1 giải nhì, 1 giải ba và 1 giải đồng đội, hai em lớp 9 của trường được tuyển thẳng vào khoa Toán, Trường Đại học Tổng hợp. Nhiều học sinh từ mái trường này đã học hành thành đạt, trưởng thành và trở về phục vụ quê hương Lào Cai, như: Tiến sĩ Nguyễn Hữu Vạn - Bí thư Tỉnh uỷ, tiến sĩ Nguyễn Đức Thăng - Phó Bí thư Tỉnh uỷ...<br  />Cảm nhận về nhà trường trong thời kỳ này, nhà văn, nhà giáo Ma Văn Kháng - Hiệu trưởng nhà trường từ năm 1963 đến năm 1965 - đã thổ lộ trong tiểu thuyết Đám cưới không có giấy giá thú nổi tiếng: “Những năm tháng đó, dẫu mới là đơn sơ, nhưng nhà trường thực sự là một tổ hợp liên kết thầy - trò trong một quan hệ vừa thân thiết, vừa nghiêm túc, đậm đà hương vị Á Đông, dân tộc cổ truyền, nhưng không già nua, cứng nhắc, trái lại thật hồn nhiên. Nó toàn tâm, toàn lực hướng về cái khoa học lớn nhất, nghệ thuật lớn nhất, cao quý nhất của mọi khoa học, mọi nghệ thuật: Giáo dục con người...”.<br  /><strong>Khởi nguồn của phong trào: Dạy thật - học thật - chất lượng thật</strong><br  />Sau chiến tranh bảo vệ biên giới phía bắc, thị xã Lào Cai thành vành đai trắng, Trường Cấp III Lào Cai sáp nhập với Trường Cấp III Cam Đường. Năm 1991, tỉnh Lào Cai được tái lập, song mãi năm học 1993 - 1994, Trường THPT số 1 của thị xã mới được tái lập. Thời kỳ gian khó này, cả 3 trường quan trọng trong sự nghiệp giáo dục của tỉnh là Trường Trung cấp Sư phạm, Trường THPT dân tộc nội trú và Trường THPT số 1 phải chia nhau 24 phòng học, cùng diện tích hơn 1 hécta để dạy học, điều hành. Khó khăn chồng chất khó khăn, song quyết tâm cũng dồn lên quyết tâm. Không có thầy giỏi, không mời được các thầy cô ở dưới xuôi lên, nhà trường quy tụ các thầy - cô ở các huyện về, nhà trường vận động CBCNV từ khu tập kết, bà con từ các nơi sơ tán trở về đưa con em lên học tập. Tạo cho học sinh cơ hội cọ xát, thử sức mình, nhà trường mạnh dạn cử đi thi học sinh giỏi...<br  />Để khắc phục những tồn tại về bệnh thành tích và những hiện tượng tiêu cực trong thi cử đang làm xã hội mất lòng tin vào hệ thống giáo dục một cách nghiêm trọng, năm 2006, Bộ trưởng Bộ GDĐT Nguyễn Thiện Nhân phát động trong toàn ngành phong trào “Hai không”, thì từ năm 1993, Trường THPT số 1 thị xã Lào Cai đã quyết tâm “Dạy thật - học thật - chất lượng thật” và kiên quyết thực hiện cho đến nay. Để thực hiện chủ trương có tính tiên phong này, nhà trường đã phải tạo nên kỷ cương, nền nếp, phải dũng cảm, bền bỉ đương đầu với rất nhiều sức ép, kể cả sức ép của nhiều thầy - cô trong trường. Bài bản, dũng cảm, sáng tạo, cần mẫn, không nản chí, tận dụng các cơ hội để phát triển - 6 tiêu chí phấn đấu không mệt mỏi đã được nhà trường bền chí thực hiện. Để dạy thật, thầy buộc phải giỏi, phải trưởng thành.<br  /><div align=\"center\"> <img src=\"http://www1.laodong.vn/Images/2010/9/7/73a737020b6d4339b5efa054c45be28d\" /> <table border=\"0\" cellpadding=\"0\" cellspacing=\"0\" style=\"width:455px;\" width=\"455\"> <tbody> <tr> <td> <br  /> &nbsp;</td> </tr> <tr> <td> <em>Học sinh nhà trường viếng và chăm sóc Nghĩa trang liệt sĩ TP.Lào Cai.</em></td> </tr> </tbody> </table></div>Không có kinh phí, điều kiện mời các thầy giỏi từ Hà Nội lên bồi dưỡng, nâng cao trình độ chuyên môn, nhà trường phát huy tự lực cánh sinh, tự bồi dưỡng tại chỗ theo nhóm, theo chuyên đề, tổ chức nhóm hợp lý, cử giáo viên đi nâng cao trình độ, cho học sinh đi thi học sinh giỏi để mang đề về lấy cái bồi dưỡng cho mình, cho học trò. Từ hiệu trưởng đến giáo viên gặp nhau là nói đến chuyên môn, nói đến việc dạy. Đêm tất niên, sau vài câu chúc tụng, hiệu trưởng và giáo viên lại xoáy vào việc dạy, việc học. Để học thật, nhà trường xây dựng nội quy, sau đó lấy ý kiến từ các thầy - cô giáo, các bậc phụ huynh đến các em học sinh; tổ chức giảng dạy hợp lý, phân loại đối tượng để đảm bảo các em tiếp thu được những kiến thức, kỹ năng tối thiểu; tạo ra cho các em tính tự tin, tạo nên không khí học tập sôi nổi; tổ chức dạy phụ đạo trên tinh thần tự nguyện nhằm quản lý học sinh, hạn chế việc học thêm tràn lan ngoài xã hội... Song song với dạy thật, học thật là kiểm tra thật, thi thật - kiểm tra một môn có nhiều đề, tổ chức kiểm tra chéo, trao đổi giữa các lớp trong khối để đánh giá chất lượng đồng loạt 8 môn.<br  />Sau dạy thật, học thật, thi thật là chất lượng. Kể từ năm học 1961-1962 đến nay,&nbsp; các em của trường thi đại học, cao đẳng năm thấp nhất đạt 43%, năm cao nhất (năm 2002) đạt 73%, 115 em đoạt các giải trong các kỳ thi học sinh giỏi quốc gia. Gần 300 em đoạt giải các kỳ thi học sinh giỏi cấp tỉnh, nhiều em đã thành đạt, mang lại vinh dự cho trường, cho tỉnh. Khi cuộc vận động “Hai không” của bộ đề ra, rất nhiều trường có tỉ lệ tốt nghiệp lớp 12 giảm sút, bởi chưa xây dựng được nền móng, chưa đương đầu được với các sức ép. Trường THPT số 1 TP. Lào Cai tự đề ra, tự thực hiện 17 năm nay mà vẫn đạt kết quả tốt và ngày càng được xã hội ủng hộ. Được học ở trường là một vinh dự cho mọi học sinh.<br  />Theo thầy Phạm Đồng Hoà - Hiệu trưởng của trường (từ năm 1993 đến năm 2007) và thầy Đỗ Minh Tâm (đương kim hiệu trưởng) - nhà trường đạt được những thành tựu trên là do nhà trường quyết tâm thực hiện bằng được các mục tiêu tập trung trong 4 câu: Đoàn kết; ham học hỏi, ham hiểu biết, học đi đôi với hành; năng động, nghiêm túc, nói đi đôi với làm; tự trọng, tự tin, tự hào, trách nhiệm. Từ thực hiện được 4 câu này mà ngày tái lập cả trường chỉ có vẻn vẹn 9 lớp, 27 cán bộ, giáo viên, hơn 300 học sinh, hiện nay trường quản lý 29 lớp, 1.195 học sinh, mỗi năm gần 500 em ra trường.<br  />Ngày tái lập trường chỉ có một đảng viên duy nhất là thầy hiệu trưởng, đến nay chi bộ đã có 24 đảng viên, đội ngũ cán bộ, giáo viên 74 người, trong đó có 3 nhà giáo ưu tú, 1 tiến sĩ, 6 thạc sĩ, 5 giáo viên đang học cao học, chuẩn hoá 100% đại học. Trường là nguồn cung cấp giáo viên giỏi để xây dựng trường chuyên của tỉnh, nhiều giáo viên, học sinh của trường trưởng thành, đảm nhận công việc quan trọng của tỉnh, của bộ. Từ những nỗ lực không mệt mỏi, từ năm 1993 đến nay, nhà trường đã được Đảng và Nhà nước tặng thưởng 3 huân chương Lao động (1 hạng Nhất, 1 hạng Nhì, 1 hạng Ba), 4 lần nhận được cờ thi đua của Chính phủ, 5 lần nhận cờ thi đua của UBND tỉnh Lào Cai, 1 lần nhận được cờ thi đua của T.Ư Đoàn, cùng nhiều bằng khen của Thủ tướng Chính phủ, Chủ tịch UBND tỉnh, Bộ GDĐT, là 1 trong 3 đơn vị được tỉnh Lào Cai lựa chọn xây dựng đơn vị anh hùng trong thời kỳ đổi mới.<br  />Với người Lào Cai, từ lâu Trường cấp III Lào Cai, nay là Trường THPT số 1 TP. Lào Cai đã là trường anh hùng, là tấm gương, là cái đích cho mọi người quan tâm đến sự nghiệp trồng người tỉnh Lào Cai trông vào, vươn tới.',0,1,2,1,1,1,1,2,0,0,0,'n/a')	;
#	TC`nv3_vi_news_rows`utf8_general_ci	;
CREATE TABLE `nv3_vi_news_rows` (
  `id` int(11) unsigned NOT NULL auto_increment,
  `listcatid` varchar(255) NOT NULL default '',
  `topicid` mediumint(8) unsigned NOT NULL default '0',
  `admin_id` mediumint(8) unsigned NOT NULL default '0',
  `author` varchar(255) NOT NULL default '',
  `sourceid` mediumint(8) NOT NULL default '0',
  `addtime` int(11) unsigned NOT NULL default '0',
  `edittime` int(11) unsigned NOT NULL default '0',
  `status` tinyint(4) NOT NULL default '1',
  `publtime` int(11) unsigned NOT NULL default '0',
  `exptime` int(11) unsigned NOT NULL default '0',
  `archive` tinyint(1) unsigned NOT NULL default '0',
  `title` varchar(255) NOT NULL default '',
  `alias` varchar(255) NOT NULL default '',
  `hometext` mediumtext NOT NULL,
  `homeimgfile` varchar(255) NOT NULL default '',
  `homeimgalt` varchar(255) NOT NULL default '',
  `homeimgthumb` varchar(255) NOT NULL default '',
  `imgposition` tinyint(1) NOT NULL default '1',
  `bodytext` mediumtext NOT NULL,
  `copyright` tinyint(1) unsigned NOT NULL default '0',
  `inhome` tinyint(1) unsigned NOT NULL default '0',
  `allowed_comm` tinyint(1) unsigned NOT NULL default '0',
  `allowed_rating` tinyint(1) unsigned NOT NULL default '0',
  `allowed_send` tinyint(1) unsigned NOT NULL default '0',
  `allowed_print` tinyint(1) unsigned NOT NULL default '0',
  `allowed_save` tinyint(1) unsigned NOT NULL default '0',
  `hitstotal` mediumint(8) unsigned NOT NULL default '0',
  `hitscm` mediumint(8) unsigned NOT NULL default '0',
  `total_rating` int(11) NOT NULL default '0',
  `click_rating` int(11) NOT NULL default '0',
  `keywords` text NOT NULL,
  PRIMARY KEY  (`id`),
  KEY `topicid` (`topicid`),
  KEY `admin_id` (`admin_id`),
  KEY `author` (`author`),
  KEY `title` (`title`),
  KEY `addtime` (`addtime`),
  KEY `publtime` (`publtime`),
  KEY `exptime` (`exptime`),
  KEY `listcatid` (`listcatid`)
) ENGINE=MyISAM AUTO_INCREMENT=12 DEFAULT CHARSET=utf8	;
#	TD`nv3_vi_news_rows`utf8_general_ci	;
INSERT INTO `nv3_vi_news_rows` VALUES 
(9,'27,34',0,1,'Admin',0,1316090754,1316090754,1,1316090754,0,2,'Toán lớp 12 Một số dạng Phương trình lượng giác thường gặp thầy Nguyễn Anh Dũng','Toan-lop-12-Mot-so-dang-Phuong-trinh-luong-giac-thuong-gap-thay-Nguyen-Anh-Dung','Một số phương trình lượng giác thường gặp','2011_09/hocthidaihoc.jpg','','thumb/hocthidaihoc.jpg|block/hocthidaihoc.jpg',0,'<div style=\"text-align: center;\"> <object height=\"369\" width=\"500\"><param name=\"movie\" value=\"http://www.youtube.com/v/yWLk2H2PI7c?version=3&amp;hl=vi_VN\" /><param name=\"allowFullScreen\" value=\"true\" /><param name=\"allowscriptaccess\" value=\"always\" /><embed allowfullscreen=\"true\" allowscriptaccess=\"always\" height=\"369\" src=\"http://www.youtube.com/v/yWLk2H2PI7c?version=3&amp;hl=vi_VN\" type=\"application/x-shockwave-flash\" width=\"500\"></embed></object><br  /> Video được đăng tải trên youtube</div>',0,1,2,1,1,1,1,8,0,0,0,'n/a'),
(8,'1,8',0,1,'Nguyễn Hữu Nam',3,1310067949,1316135343,1,1310067949,0,2,'Nửa thế kỷ một trường vùng biên','Nua-the-ky-mot-truong-vung-bien','Trải qua gần nửa thế kỷ dựng xây và phát triển, song song với nhiều biến cố của lịch sử đất nước, trải qua nhiều lần di chuyển, sáp nhập, 2 lần phải gây dựng từ đầu, song ngôi trường cấp II - III đầu tiên của tỉnh Lào Cai vẫn luôn là một trung tâm giáo dục có uy tín, chất lượng cao, luôn là con chim đầu đàn của ngành giáo dục tỉnh Lào Cai.','2011_09/thu-2.jpg','','thumb/thu-2.jpg|block/thu-2.jpg',2,'Có lẽ hiếm có ngôi trường nào trên đất nước có lịch sử gian nan như Trường THPT số 1 TP. Lào Cai. Do xa xôi, hẻo lánh, do trình độ dân trí, tập tục lạc hậu, kinh tế tự cung, tự cấp phổ biến, đặc biệt do chính sách ngu dân của thực dân Pháp và các thổ ty trong vùng, suốt thời Pháp thuộc hầu hết người Lào Cai không biết chữ, cả tỉnh chỉ có một số học sinh học hết bậc tiểu học. Hoà bình lập lại, mãi sau 5 năm gom góp, gây dựng, trưởng thành từ các phong trào bình dân học vụ, ánh sáng văn hoá, giáo dục phổ thông... cả Lào Cai mới quy tụ được 62 học trò để lập nên ngôi trường khởi nguồn cho việc nâng cao dân trí của tỉnh.<br  /><br  />Ngôi trường non trẻ vừa qua “vạn sự khởi đầu nan”, đang khắc phục tàn tích của những cuộc nổi phỉ, của thực dân Pháp để lại thì đụng đầu với chiến tranh phá hoại của đế quốc Mỹ, sau đó là cuộc chiến đấu bảo vệ biên giới phía bắc và gánh chịu hậu quả của nó. Sau hơn 20 năm thành lập, nhà trường phải 4 lần đổi tên, 4 lần di chuyển, sáp nhập, đã có thời gian dài gián đoạn, tưởng chừng như không khôi phục lại được, song cái đáng nói, đáng được tôn vinh anh hùng là dù trong hoàn cảnh nào nhà trường vẫn vươn lên, vẫn luôn luôn đứng vị trí số một về chất lượng và hiệu quả đào tạo của tỉnh Lào Cai, là cái nôi ươm mầm, tạo nguồn nhân lực trên nhiều lĩnh vực cho tỉnh và cho đất nước. Hơn thế nữa, trong bất kỳ hoàn cảnh nào, thầy và trò nhà trường đều tạo ra những bước đột phá, táo bạo có hiệu quả cao, ảnh hưởng, lan toả lâu dài không chỉ riêng với tỉnh Lào Cai.<br  /><strong>Tự lập, tự chủ vượt qua thử thách</strong><br  />Đó là thời kỳ chống chiến tranh phá hoại của đế quốc Mỹ, nhà trường được lệnh sơ tán sâu vào xã vùng cao Quang Kim của người Giáy huyện Bát Xát. Mọi việc xây dựng trường lớp, tổ chức dạy, học, ăn ở, nhà trường tự lo. Đối mặt với những khó khăn tưởng chừng như không thể vượt qua này, thầy và trò nhà trường đã tự san nền, dựng nên trường lớp để học, nhà để ở, đặc biệt họ đã tự gây dựng cho học sinh nền nếp ăn ở tập trung. Trong hoàn cảnh cả vùng kinh tế khó khăn, học sinh nhiều thành phần dân tộc, em ở gần cách 5-7 cây số, em ở xa phải đi bộ 2 ngày đường mà nhà trường vận động, tổ chức, duy trì được việc ăn ở cho các em như một ký túc xá là một táo bạo, một quyết tâm lớn. Táo bạo, quyết tâm ấy đã làm cho tình thầy - trò ngày càng gắn bó, chất lượng dạy và học được nâng lên đến không ngờ.<br  />Năm 1965, 1966, trong lúc cuộc chiến tranh phá hoại diễn ra ác liệt mà học sinh của trường đi thi học sinh giỏi toàn miền Bắc vẫn đoạt 1 giải nhì, 1 giải ba và 1 giải đồng đội, hai em lớp 9 của trường được tuyển thẳng vào khoa Toán, Trường Đại học Tổng hợp. Nhiều học sinh từ mái trường này đã học hành thành đạt, trưởng thành và trở về phục vụ quê hương Lào Cai, như: Tiến sĩ Nguyễn Hữu Vạn - Bí thư Tỉnh uỷ, tiến sĩ Nguyễn Đức Thăng - Phó Bí thư Tỉnh uỷ...<br  />Cảm nhận về nhà trường trong thời kỳ này, nhà văn, nhà giáo Ma Văn Kháng - Hiệu trưởng nhà trường từ năm 1963 đến năm 1965 - đã thổ lộ trong tiểu thuyết Đám cưới không có giấy giá thú nổi tiếng: “Những năm tháng đó, dẫu mới là đơn sơ, nhưng nhà trường thực sự là một tổ hợp liên kết thầy - trò trong một quan hệ vừa thân thiết, vừa nghiêm túc, đậm đà hương vị Á Đông, dân tộc cổ truyền, nhưng không già nua, cứng nhắc, trái lại thật hồn nhiên. Nó toàn tâm, toàn lực hướng về cái khoa học lớn nhất, nghệ thuật lớn nhất, cao quý nhất của mọi khoa học, mọi nghệ thuật: Giáo dục con người...”.<br  /><strong>Khởi nguồn của phong trào: Dạy thật - học thật - chất lượng thật</strong><br  />Sau chiến tranh bảo vệ biên giới phía bắc, thị xã Lào Cai thành vành đai trắng, Trường Cấp III Lào Cai sáp nhập với Trường Cấp III Cam Đường. Năm 1991, tỉnh Lào Cai được tái lập, song mãi năm học 1993 - 1994, Trường THPT số 1 của thị xã mới được tái lập. Thời kỳ gian khó này, cả 3 trường quan trọng trong sự nghiệp giáo dục của tỉnh là Trường Trung cấp Sư phạm, Trường THPT dân tộc nội trú và Trường THPT số 1 phải chia nhau 24 phòng học, cùng diện tích hơn 1 hécta để dạy học, điều hành. Khó khăn chồng chất khó khăn, song quyết tâm cũng dồn lên quyết tâm. Không có thầy giỏi, không mời được các thầy cô ở dưới xuôi lên, nhà trường quy tụ các thầy - cô ở các huyện về, nhà trường vận động CBCNV từ khu tập kết, bà con từ các nơi sơ tán trở về đưa con em lên học tập. Tạo cho học sinh cơ hội cọ xát, thử sức mình, nhà trường mạnh dạn cử đi thi học sinh giỏi...<br  />Để khắc phục những tồn tại về bệnh thành tích và những hiện tượng tiêu cực trong thi cử đang làm xã hội mất lòng tin vào hệ thống giáo dục một cách nghiêm trọng, năm 2006, Bộ trưởng Bộ GDĐT Nguyễn Thiện Nhân phát động trong toàn ngành phong trào “Hai không”, thì từ năm 1993, Trường THPT số 1 thị xã Lào Cai đã quyết tâm “Dạy thật - học thật - chất lượng thật” và kiên quyết thực hiện cho đến nay. Để thực hiện chủ trương có tính tiên phong này, nhà trường đã phải tạo nên kỷ cương, nền nếp, phải dũng cảm, bền bỉ đương đầu với rất nhiều sức ép, kể cả sức ép của nhiều thầy - cô trong trường. Bài bản, dũng cảm, sáng tạo, cần mẫn, không nản chí, tận dụng các cơ hội để phát triển - 6 tiêu chí phấn đấu không mệt mỏi đã được nhà trường bền chí thực hiện. Để dạy thật, thầy buộc phải giỏi, phải trưởng thành.<br  /><div align=\"center\"> <img src=\"http://www1.laodong.vn/Images/2010/9/7/73a737020b6d4339b5efa054c45be28d\" /> <table border=\"0\" cellpadding=\"0\" cellspacing=\"0\" style=\"width:455px;\" width=\"455\"> <tbody> <tr> <td> <br  /> &nbsp;</td> </tr> <tr> <td> <em>Học sinh nhà trường viếng và chăm sóc Nghĩa trang liệt sĩ TP.Lào Cai.</em></td> </tr> </tbody> </table></div>Không có kinh phí, điều kiện mời các thầy giỏi từ Hà Nội lên bồi dưỡng, nâng cao trình độ chuyên môn, nhà trường phát huy tự lực cánh sinh, tự bồi dưỡng tại chỗ theo nhóm, theo chuyên đề, tổ chức nhóm hợp lý, cử giáo viên đi nâng cao trình độ, cho học sinh đi thi học sinh giỏi để mang đề về lấy cái bồi dưỡng cho mình, cho học trò. Từ hiệu trưởng đến giáo viên gặp nhau là nói đến chuyên môn, nói đến việc dạy. Đêm tất niên, sau vài câu chúc tụng, hiệu trưởng và giáo viên lại xoáy vào việc dạy, việc học. Để học thật, nhà trường xây dựng nội quy, sau đó lấy ý kiến từ các thầy - cô giáo, các bậc phụ huynh đến các em học sinh; tổ chức giảng dạy hợp lý, phân loại đối tượng để đảm bảo các em tiếp thu được những kiến thức, kỹ năng tối thiểu; tạo ra cho các em tính tự tin, tạo nên không khí học tập sôi nổi; tổ chức dạy phụ đạo trên tinh thần tự nguyện nhằm quản lý học sinh, hạn chế việc học thêm tràn lan ngoài xã hội... Song song với dạy thật, học thật là kiểm tra thật, thi thật - kiểm tra một môn có nhiều đề, tổ chức kiểm tra chéo, trao đổi giữa các lớp trong khối để đánh giá chất lượng đồng loạt 8 môn.<br  />Sau dạy thật, học thật, thi thật là chất lượng. Kể từ năm học 1961-1962 đến nay,&nbsp; các em của trường thi đại học, cao đẳng năm thấp nhất đạt 43%, năm cao nhất (năm 2002) đạt 73%, 115 em đoạt các giải trong các kỳ thi học sinh giỏi quốc gia. Gần 300 em đoạt giải các kỳ thi học sinh giỏi cấp tỉnh, nhiều em đã thành đạt, mang lại vinh dự cho trường, cho tỉnh. Khi cuộc vận động “Hai không” của bộ đề ra, rất nhiều trường có tỉ lệ tốt nghiệp lớp 12 giảm sút, bởi chưa xây dựng được nền móng, chưa đương đầu được với các sức ép. Trường THPT số 1 TP. Lào Cai tự đề ra, tự thực hiện 17 năm nay mà vẫn đạt kết quả tốt và ngày càng được xã hội ủng hộ. Được học ở trường là một vinh dự cho mọi học sinh.<br  />Theo thầy Phạm Đồng Hoà - Hiệu trưởng của trường (từ năm 1993 đến năm 2007) và thầy Đỗ Minh Tâm (đương kim hiệu trưởng) - nhà trường đạt được những thành tựu trên là do nhà trường quyết tâm thực hiện bằng được các mục tiêu tập trung trong 4 câu: Đoàn kết; ham học hỏi, ham hiểu biết, học đi đôi với hành; năng động, nghiêm túc, nói đi đôi với làm; tự trọng, tự tin, tự hào, trách nhiệm. Từ thực hiện được 4 câu này mà ngày tái lập cả trường chỉ có vẻn vẹn 9 lớp, 27 cán bộ, giáo viên, hơn 300 học sinh, hiện nay trường quản lý 29 lớp, 1.195 học sinh, mỗi năm gần 500 em ra trường.<br  />Ngày tái lập trường chỉ có một đảng viên duy nhất là thầy hiệu trưởng, đến nay chi bộ đã có 24 đảng viên, đội ngũ cán bộ, giáo viên 74 người, trong đó có 3 nhà giáo ưu tú, 1 tiến sĩ, 6 thạc sĩ, 5 giáo viên đang học cao học, chuẩn hoá 100% đại học. Trường là nguồn cung cấp giáo viên giỏi để xây dựng trường chuyên của tỉnh, nhiều giáo viên, học sinh của trường trưởng thành, đảm nhận công việc quan trọng của tỉnh, của bộ. Từ những nỗ lực không mệt mỏi, từ năm 1993 đến nay, nhà trường đã được Đảng và Nhà nước tặng thưởng 3 huân chương Lao động (1 hạng Nhất, 1 hạng Nhì, 1 hạng Ba), 4 lần nhận được cờ thi đua của Chính phủ, 5 lần nhận cờ thi đua của UBND tỉnh Lào Cai, 1 lần nhận được cờ thi đua của T.Ư Đoàn, cùng nhiều bằng khen của Thủ tướng Chính phủ, Chủ tịch UBND tỉnh, Bộ GDĐT, là 1 trong 3 đơn vị được tỉnh Lào Cai lựa chọn xây dựng đơn vị anh hùng trong thời kỳ đổi mới.<br  />Với người Lào Cai, từ lâu Trường cấp III Lào Cai, nay là Trường THPT số 1 TP. Lào Cai đã là trường anh hùng, là tấm gương, là cái đích cho mọi người quan tâm đến sự nghiệp trồng người tỉnh Lào Cai trông vào, vươn tới.',0,1,2,1,1,1,1,7,0,5,1,'n&#x002F;a'),
(10,'27,34',0,1,'Admin',0,1316170755,1316170755,1,1316170755,0,2,'Video giải đề thi đại học phần 1','Video-giai-de-thi-dai-hoc-phan-1','Video hướng dẫn giải đề thi đại học','2011_09/dap_an_de_thi_dai_hoc_mon_su_khoi_c_nam_2011.jpg','','thumb/dap_an_de_thi_dai_hoc_mon_su_khoi_c_nam_2011.jpg|block/dap_an_de_thi_dai_hoc_mon_su_khoi_c_nam_2011.jpg',0,'<div style=\"text-align: center;\"> <br  /> Video được đăng tải trên youtube</div>',0,1,2,1,1,1,1,3,0,0,0,'n/a'),
(11,'1,10,19',0,1,'Trần Kim Hoa',0,1316698812,1316698812,1,1316698812,0,2,'ácascasc','acascasc','adcadscascas','2011_09/thu-2.jpg','','thumb/thu-2_1.jpg|block/thu-2_1.jpg',2,'âcsdcas',1,1,2,1,1,1,1,0,0,0,0,'n/a')	;
#	TC`nv3_vi_news_sources`utf8_general_ci	;
CREATE TABLE `nv3_vi_news_sources` (
  `sourceid` mediumint(8) unsigned NOT NULL auto_increment,
  `title` varchar(255) NOT NULL default '',
  `link` varchar(255) NOT NULL default '',
  `logo` varchar(255) NOT NULL default '',
  `weight` mediumint(8) unsigned NOT NULL default '0',
  `add_time` int(11) unsigned NOT NULL,
  `edit_time` int(11) unsigned NOT NULL,
  PRIMARY KEY  (`sourceid`),
  UNIQUE KEY `title` (`title`)
) ENGINE=MyISAM AUTO_INCREMENT=4 DEFAULT CHARSET=utf8	;
#	TD`nv3_vi_news_sources`utf8_general_ci	;
INSERT INTO `nv3_vi_news_sources` VALUES 
(1,'Hanoimoi.com.vn','','',1,1274989177,1274989177),
(2,'nukeviet.vn','','',2,1274989787,1274989787),
(3,'laodong.com.vn','','',3,1316077018,1316077018)	;
#	TC`nv3_vi_news_topics`utf8_general_ci	;
CREATE TABLE `nv3_vi_news_topics` (
  `topicid` mediumint(8) unsigned NOT NULL auto_increment,
  `title` varchar(255) NOT NULL default '',
  `alias` varchar(255) NOT NULL default '',
  `image` varchar(255) NOT NULL,
  `thumbnail` varchar(255) NOT NULL,
  `description` varchar(255) NOT NULL,
  `weight` smallint(4) NOT NULL default '0',
  `keywords` mediumtext NOT NULL,
  `add_time` int(11) NOT NULL default '0',
  `edit_time` int(11) NOT NULL default '0',
  PRIMARY KEY  (`topicid`),
  UNIQUE KEY `title` (`title`),
  UNIQUE KEY `alias` (`alias`)
) ENGINE=MyISAM AUTO_INCREMENT=2 DEFAULT CHARSET=utf8	;
#	TD`nv3_vi_news_topics`utf8_general_ci	;
INSERT INTO `nv3_vi_news_topics` VALUES 
(1,'NukeViet 3','NukeViet-3','','','NukeViet 3',1,'NukeViet 3',1274990212,1274990212)	;
#	TC`nv3_vi_referer_stats`utf8_general_ci	;
CREATE TABLE `nv3_vi_referer_stats` (
  `host` varchar(255) NOT NULL,
  `total` int(11) NOT NULL default '0',
  `month01` int(11) NOT NULL default '0',
  `month02` int(11) NOT NULL default '0',
  `month03` int(11) NOT NULL default '0',
  `month04` int(11) NOT NULL default '0',
  `month05` int(11) NOT NULL default '0',
  `month06` int(11) NOT NULL default '0',
  `month07` int(11) NOT NULL default '0',
  `month08` int(11) NOT NULL default '0',
  `month09` int(11) NOT NULL default '0',
  `month10` int(11) NOT NULL default '0',
  `month11` int(11) NOT NULL default '0',
  `month12` int(11) NOT NULL default '0',
  `last_update` int(11) NOT NULL default '0',
  UNIQUE KEY `host` (`host`),
  KEY `total` (`total`)
) ENGINE=MyISAM DEFAULT CHARSET=utf8	;
#	TD`nv3_vi_referer_stats`utf8_general_ci	;
INSERT INTO `nv3_vi_referer_stats` VALUES 
('thptlaocai1.oni.cc',2,0,0,0,0,0,0,0,0,2,0,0,0,1316160147)	;
#	TC`nv3_vi_searchkeys`utf8_general_ci	;
CREATE TABLE `nv3_vi_searchkeys` (
  `id` varchar(32) NOT NULL default '',
  `keys` varchar(255) NOT NULL,
  `total` int(11) NOT NULL default '0',
  `search_engine` varchar(50) NOT NULL,
  KEY `id` (`id`),
  KEY `keys` (`keys`),
  KEY `search_engine` (`search_engine`)
) ENGINE=MyISAM DEFAULT CHARSET=utf8	;
#	TC`nv3_vi_tailieu`utf8_general_ci	;
CREATE TABLE `nv3_vi_tailieu` (
  `id` int(11) NOT NULL auto_increment,
  `cid` int(11) NOT NULL default '0',
  `title` varchar(255) NOT NULL default '',
  `nguon` varchar(255) NOT NULL default '',
  `hometext` mediumtext NOT NULL,
  `url_swf` varchar(100) NOT NULL default '',
  `url_pdf` varchar(100) NOT NULL default '',
  `download_hits` int(11) NOT NULL default '0',
  `hits` int(11) NOT NULL default '0',
  PRIMARY KEY  (`id`),
  KEY `cid` (`id`)
) ENGINE=MyISAM AUTO_INCREMENT=2 DEFAULT CHARSET=utf8	;
#	TD`nv3_vi_tailieu`utf8_general_ci	;
INSERT INTO `nv3_vi_tailieu` VALUES 
(1,1,'Luật GD','edu.net.vn','Luật GD','','Dieu le THPT+Luat GD.rar',0,2)	;
#	TC`nv3_vi_tailieu_cat`utf8_general_ci	;
CREATE TABLE `nv3_vi_tailieu_cat` (
  `cid` int(11) NOT NULL auto_increment,
  `title` varchar(50) NOT NULL default '',
  `weight` int(10) NOT NULL default '0',
  `strcount` int(11) NOT NULL default '0',
  PRIMARY KEY  (`cid`),
  KEY `cid` (`cid`)
) ENGINE=MyISAM AUTO_INCREMENT=2 DEFAULT CHARSET=utf8	;
#	TD`nv3_vi_tailieu_cat`utf8_general_ci	;
INSERT INTO `nv3_vi_tailieu_cat` VALUES 
(1,'Tài liệu nghành',1,1)	;
#	TC`nv3_vi_tkblop`utf8_general_ci	;
CREATE TABLE `nv3_vi_tkblop` (
  `id` int(4) NOT NULL auto_increment,
  `lop` varchar(6) NOT NULL,
  `tiet` int(2) NOT NULL,
  `thu2` varchar(15) default NULL,
  `thu3` varchar(15) default NULL,
  `thu4` varchar(15) default NULL,
  `thu5` varchar(15) default NULL,
  `thu6` varchar(15) default NULL,
  `thu7` varchar(15) default NULL,
  PRIMARY KEY  (`id`)
) ENGINE=MyISAM AUTO_INCREMENT=301 DEFAULT CHARSET=utf8	;
#	TD`nv3_vi_tkblop`utf8_general_ci	;
INSERT INTO `nv3_vi_tkblop` VALUES 
(1,'12A1',1,'CHAO CO','LY-ThuÊn','SU-B×nh','TIN-Th¾ng','DAI-T©m','DAI-T©m'),
(2,'12A1',2,'VAN-H.Hµ','TD-TuÊn','ANH-QuÕ','HOA-HiÒnH','GDCD-P.Ph­¬ng','VAN-H.Hµ'),
(3,'12A1',3,'SU-B×nh','VAN-H.Hµ','TD-TuÊn','SINH-Thñy','LY-ThuÊn','SINH-Thñy'),
(4,'12A1',4,'ANH-QuÕ','VAN-H.Hµ','HINH-M.H»ng','CN-T.Dòng','TIN-Th¾ng','ANH-QuÕ'),
(5,'12A1',5,'HOA-HiÒnH','HOA-HiÒnH','LY-ThuÊn','DAI-T©m','DIA-Thóy','SH-Thóy'),
(6,'12A1',6,'Chào cờ','Toán','Toán','Ngoại ngữ','Địa lí','Hoá học'),
(7,'12A1',7,'Ngoại ngữ','Toán','Toán','Ngoại ngữ','GDCD','Địa lí'),
(8,'12A1',8,'Văn học','Vật lí','Vật lí','Toán','Văn học','Lịch sử'),
(9,'12A1',9,'Văn học','KTCN','Sinh vật','Vật lí','Tin học','Sinh vật'),
(10,'12A1',10,'Sinh hoạt','Hoá học','','','',''),
(11,'12A2',1,'Chào cờ','Toán','Ngoại ngữ','Ngoại ngữ','Tin học','Văn học'),
(12,'12A2',2,'Văn học','Toán','Vật lí','KTCN','Hoá học','Văn học'),
(13,'12A2',3,'Văn học','Địa lí','Toán','Lịch sử','Ngoại ngữ','GDCD'),
(14,'12A2',4,'Toán','Vật lí','Sinh vật','Địa lí','Hoá học','Lịch sử'),
(15,'12A2',5,'Sinh hoạt','Sinh vật','Ngoại ngữ','','',''),
(16,'12A2',6,'Chào cờ','Toán','Vật lí','Hoá học','Ngoại ngữ','Sinh vật'),
(17,'12A2',7,'KTCN','Toán','Ngoại ngữ','Vật lí','Tin học','Vật lí'),
(18,'12A2',8,'Sinh vật','Lịch sử','Địa lí','Ngoại ngữ','Địa lí','Văn học'),
(19,'12A2',9,'Toán','Hoá học','Văn học','Toán','GDCD','Văn học'),
(20,'12A2',10,'Sinh hoạt','Ngoại ngữ','Văn học','','',''),
(21,'12A3',1,'Chào cờ','Tin học','Văn học','Vật lí','Địa lí','Toán'),
(22,'12A3',2,'Sinh vật','GDCD','Vật lí','Địa lí','Ngoại ngữ','Toán'),
(23,'12A3',3,'Văn học','Toán','Ngoại ngữ','Hoá học','Toán','Sinh vật'),
(24,'12A3',4,'Văn học','Vật lí','Văn học','Ngoại ngữ','Ngoại ngữ','Lịch sử'),
(25,'12A3',5,'Sinh hoạt','Hoá học','KTCN','','',''),
(26,'12A3',6,'Chào cờ','Địa lí','Ngoại ngữ','Tin học','Sinh vật','Văn học'),
(27,'12A3',7,'GDCD','Toán','Văn học','Ngoại ngữ','Ngoại ngữ','Lịch sử'),
(28,'12A3',8,'Văn học','Hoá học','Toán','Ngoại ngữ','Vật lí','Toán'),
(29,'12A3',9,'Văn học','Toán','Vật lí','Hoá học','Vật lí','Địa lí'),
(30,'12A3',10,'Sinh hoạt','KTCN','Sinh vật','','',''),
(31,'12A4',1,'Chào cờ','Ngoại ngữ','Vật lí','Lịch sử','Văn học','Toán'),
(32,'12A4',2,'Văn học','Ngoại ngữ','Ngoại ngữ','Hoá học','Văn học','Toán'),
(33,'12A4',3,'Toán','Toán','Văn học','GDCD','Địa lí','Vật lí'),
(34,'12A4',4,'KTCN','Tin học','Sinh vật','Sinh vật','Hoá học','Vật lí'),
(35,'12A4',5,'Sinh hoạt','Địa lí','Ngoại ngữ','','',''),
(36,'12A4',6,'Chào cờ','Vật lí','Vật lí','Ngoại ngữ','Ngoại ngữ','Toán'),
(37,'12A4',7,'Hoá học','Sinh vật','Sinh vật','Địa lí','GDCD','Toán'),
(38,'12A4',8,'Văn học','KTCN','Vật lí','Hoá học','Toán','Văn học'),
(39,'12A4',9,'Văn học','Địa lí','Ngoại ngữ','Lịch sử','Toán','Văn học'),
(40,'12A4',10,'Sinh hoạt','Tin học','Ngoại ngữ','','',''),
(41,'12A5',1,'Chào cờ','Văn học','Toán','GDCD','Hoá học','Vật lí'),
(42,'12A5',2,'Địa lí','Văn học','Lịch sử','Ngoại ngữ','Ngoại ngữ','Vật lí'),
(43,'12A5',3,'Vật lí','Toán','Toán','Sinh vật','Ngoại ngữ','Văn học'),
(44,'12A5',4,'Văn học','Toán','KTCN','Ngoại ngữ','Tin học','Hoá học'),
(45,'12A5',5,'Sinh hoạt','Địa lí','Sinh vật','','',''),
(46,'12A5',6,'Chào cờ','Văn học','KTCN','KTCN','Hoá học','Vật lí'),
(47,'12A5',7,'Toán','Văn học','Vật lí','Ngoại ngữ','Sinh vật','Hoá học'),
(48,'12A5',8,'Toán','Ngoại ngữ','Vật lí','Ngoại ngữ','Tin học','Hoá học'),
(49,'12A5',9,'Địa lí','GDCD','Toán','Tin học','Văn học','Vật lí'),
(50,'12A5',10,'Sinh hoạt','Toán','Lịch sử','Sinh vật','',''),
(51,'12A6',1,'Chào cờ','KTCN','Toán','Toán','Tin học','Hoá học'),
(52,'12A6',2,'Văn học','Ngoại ngữ','Toán','Toán','Hoá học','Lịch sử'),
(53,'12A6',3,'KTCN','Tin học','Ngoại ngữ','Vật lí','GDCD','Vật lí'),
(54,'12A6',4,'Sinh vật','Văn học','Vật lí','Vật lí','Sinh vật','Hoá học'),
(55,'12A6',5,'Sinh hoạt','Văn học','Ngoại ngữ','Địa lí','',''),
(56,'12A6',6,'Chào cờ','GDCD','Địa lí','Sinh vật','Văn học','Hoá học'),
(57,'12A6',7,'Ngoại ngữ','Tin học','KTCN','Hoá học','Hoá học','KTCN'),
(58,'12A6',8,'Văn học','Toán','Lịch sử','Toán','Ngoại ngữ','Vật lí'),
(59,'12A6',9,'Văn học','Toán','Toán','Tin học','Ngoại ngữ','Vật lí'),
(60,'12A6',10,'Sinh hoạt','Vật lí','Toán','','',''),
(61,'12A7',1,'Chào cờ','Văn học','KTCN','Hoá học','Hoá học','Tin học'),
(62,'12A7',2,'Vật lí','Văn học','Toán','Sinh vật','Vật lí','Hoá học'),
(63,'12A7',3,'Ngoại ngữ','Toán','Toán','Toán','Vật lí','Lịch sử'),
(64,'12A7',4,'Địa lí','Tin học','Ngoại ngữ','Toán','Văn học','KTCN'),
(65,'12A7',5,'Sinh hoạt','GDCD','Ngoại ngữ','','',''),
(66,'12A7',6,'Chào cờ','Sinh vật','Sinh vật','Địa lí','Văn học','Toán'),
(67,'12A7',7,'Vật lí','Ngoại ngữ','KTNN','GDCD','Văn học','Toán'),
(68,'12A7',8,'Vật lí','Tin học','Ngoại ngữ','Toán','Hoá học','Văn học'),
(69,'12A7',9,'Toán','KTNN','Hoá học','Toán','Lịch sử','Lịch sử'),
(70,'12A7',10,'Sinh hoạt','Vật lí','Ngoại ngữ','Tin học','',''),
(71,'12A8',1,'Chào cờ','Vật lí','Toán','Tin học','Lịch sử','Hoá học'),
(72,'12A8',2,'Toán','Ngoại ngữ','Toán','Lịch sử','Văn học','KTNN'),
(73,'12A8',3,'Văn học','Ngoại ngữ','KTNN','Vật lí','GDCD','Tin học'),
(74,'12A8',4,'Văn học','Sinh vật','Ngoại ngữ','Sinh vật','Địa lí','Toán'),
(75,'12A8',5,'Sinh hoạt','Toán','Hoá học','Vật lí','',''),
(76,'12A8',6,'Chào cờ','Ngoại ngữ','Toán','Lịch sử','Toán','KTNN'),
(77,'12A8',7,'Vật lí','Vật lí','Toán','Tin học','Tin học','Sinh vật'),
(78,'12A8',8,'GDCD','KTNN','Hoá học','Địa lí','Văn học','Lịch sử'),
(79,'12A8',9,'Vật lí','Hoá học','Ngoại ngữ','Ngoại ngữ','Văn học','Toán'),
(80,'12A8',10,'Sinh hoạt','Toán','Văn học','Ngoại ngữ','',''),
(81,'12A9',1,'Chào cờ','Tin học','Toán','Văn học','Ngoại ngữ','Toán'),
(82,'12A9',2,'Vật lí','KTNN','Địa lí','Văn học','Vật lí','Toán'),
(83,'12A9',3,'Vật lí','Ngoại ngữ','Ngoại ngữ','Tin học','Lịch sử','Hoá học'),
(84,'12A9',4,'Lịch sử','Ngoại ngữ','Hoá học','Toán','GDCD','Sinh vật'),
(85,'12A9',5,'Sinh hoạt','KTNN','Văn học','Toán','',''),
(86,'12A9',6,'Toán','Hoá học','Toán','Ngoại ngữ','Tin học','Văn học'),
(87,'12A9',7,'Toán','Toán','Toán','Ngoại ngữ','Ngoại ngữ','Văn học'),
(88,'12A9',8,'Văn học','Lịch sử','Hoá học','Sinh vật','Vật lí','Hoá học'),
(89,'12A9',9,'Chào cờ','Vật lí','KTCN','','KTCN','GDCD'),
(90,'12A9',10,'Sinh hoạt','Tin học','Địa lí','','Vật lí',''),
(91,'12D',1,'Vật lí','Sinh vật','Toán','Toán','Toán','Tin học'),
(92,'12D',2,'Vật lí','Ngoại ngữ','Hoá học','KTCN','GDCD','Địa lí'),
(93,'12D',3,'Lịch sử','Toán','Hoá học','Ngoại ngữ','KTCN','Văn học'),
(94,'12D',4,'Chào cờ','Tin học','Toán','','Văn học','Văn học'),
(95,'12D',5,'Sinh hoạt','Hoá học','Vật lí','','Ngoại ngữ',''),
(96,'12D',6,'Tin học','Vật lí','Ngoại ngữ','Vật lí','Văn học','GDCD'),
(97,'12D',7,'Văn học','Hoá học','Tin học','Toán','Văn học','Lịch sử'),
(98,'12D',8,'Vật lí','Hoá học','KTCN','Toán','Ngoại ngữ','Địa lí'),
(99,'12D',9,'Chào cờ','Toán','Ngoại ngữ','','KTCN','Sinh vật'),
(100,'12D',10,'Sinh hoạt','Toán','Hoá học','','Toán',''),
(101,'11A1',1,'Hoá học','Toán','Hoá học','Tin học','Ngoại ngữ','Văn học'),
(102,'11A1',2,'Hoá học','Vật lí','Ngoại ngữ','Toán','Tin học','Văn học'),
(103,'11A1',3,'Văn học','Địa lí','Vật lí','Toán','GDCD','Lịch sử'),
(104,'11A1',4,'Chào cờ','Toán','Vật lí','','Ngoại ngữ','Toán'),
(105,'11A1',5,'Sinh hoạt','Sinh vật','KTCN','','KTCN',''),
(106,'11A1',6,'Văn học','Toán','Vật lí','Văn học','KTCN','Hoá học'),
(107,'11A1',7,'Tin học','Toán','Vật lí','Văn học','Ngoại ngữ','Hoá học'),
(108,'11A1',8,'Lịch sử','Hoá học','Toán','Tin học','Toán','Sinh vật'),
(109,'11A1',9,'Chào cờ','Ngoại ngữ','KTCN','','Toán','Địa lí'),
(110,'11A1',10,'Sinh hoạt','Vật lí','Ngoại ngữ','','GDCD',''),
(111,'11A2',1,'Vật lí','Toán','Hoá học','Ngoại ngữ','Văn học','Vật lí'),
(112,'11A2',2,'Lịch sử','Hoá học','Hoá học','Ngoại ngữ','Văn học','Tin học'),
(113,'11A2',3,'Toán','Toán','Toán','Văn học','Tin học','Vật lí'),
(114,'11A2',4,'Chào cờ','Địa lí','Toán','','GDCD','Sinh vật'),
(115,'11A2',5,'Sinh hoạt','Ngoại ngữ','KTCN','','KTCN',''),
(116,'11A2',6,'KTNN','GDCD','Tin học','Ngoại ngữ','Địa lí','Sinh vật'),
(117,'11A2',7,'Văn học','Tin học','Hoá học','Ngoại ngữ','Vật lí','KTNN'),
(118,'11A2',8,'Văn học','Vật lí','Văn học','Toán','Ngoại ngữ','Toán'),
(119,'11A2',9,'Chào cờ','Lịch sử','Toán','','Ngoại ngữ','Toán'),
(120,'11A2',10,'Sinh hoạt','Vật lí','Toán','','Hoá học','Lịch sử'),
(121,'11A3',1,'Văn học','Tin học','Vật lí','Toán','Vật lí','Lịch sử'),
(122,'11A3',2,'Văn học','Toán','Tin học','Ngoại ngữ','GDCD','Toán'),
(123,'11A3',3,'KTNN','Toán','Hoá học','Văn học','Địa lí','Toán'),
(124,'11A3',4,'Chào cờ','Lịch sử','Ngoại ngữ','','Ngoại ngữ','KTNN'),
(125,'11A3',5,'Sinh hoạt','Hoá học','Ngoại ngữ','','Ngoại ngữ','Sinh vật'),
(126,'11A3',6,'Địa lí','Lịch sử','KTNN','Toán','Tin học','Văn học'),
(127,'11A3',7,'Ngoại ngữ','Sinh vật','Toán','Toán','Vật lí','Văn học'),
(128,'11A3',8,'Ngoại ngữ','Văn học','Toán','Ngoại ngữ','Ngoại ngữ','Lịch sử'),
(129,'11A3',9,'Chào cờ','Hoá học','Tin học','','Hoá học','KTNN'),
(130,'11A3',10,'Sinh hoạt','GDCD','Vật lí','','Ngoại ngữ','Toán'),
(131,'11A4',1,'Lịch sử','Toán','Ngoại ngữ','Hoá học','Vật lí','KTNN'),
(132,'11A4',2,'Sinh vật','Toán','Ngoại ngữ','Văn học','Hoá học','Lịch sử'),
(133,'11A4',3,'Tin học','Địa lí','KTNN','Ngoại ngữ','Văn học','Toán'),
(134,'11A4',4,'Chào cờ','Ngoại ngữ','Toán','','Văn học','Toán'),
(135,'11A4',5,'Sinh hoạt','Ngoại ngữ','Tin học','','GDCD','Vật lí'),
(136,'11A4',6,'Sinh vật','Ngoại ngữ','Toán','Ngoại ngữ','Văn học','Toán'),
(137,'11A4',7,'GDCD','Ngoại ngữ','Toán','Ngoại ngữ','Văn học','Lịch sử'),
(138,'11A4',8,'Địa lí','Toán','Tin học','Văn học','Tin học','Vật lí'),
(139,'11A4',9,'Chào cờ','Toán','Ngoại ngữ','','Vật lí','Hoá học'),
(140,'11A4',10,'Sinh hoạt','Lịch sử','KTNN','','Hoá học','KTNN'),
(141,'11A5',1,'Toán','Lịch sử','Tin học','Vật lí','Ngoại ngữ','Lịch sử'),
(142,'11A5',2,'Toán','Địa lí','KTNN','Toán','Vật lí','Toán'),
(143,'11A5',3,'Ngoại ngữ','GDCD','Ngoại ngữ','Hoá học','Ngoại ngữ','KTNN'),
(144,'11A5',4,'Chào cờ','Văn học','Sinh vật','','Hoá học','Toán'),
(145,'11A5',5,'Sinh hoạt','Văn học','Ngoại ngữ','','Tin học','Văn học'),
(146,'11A5',6,'Ngoại ngữ','Văn học','Ngoại ngữ','Văn học','Toán','Toán'),
(147,'11A5',7,'Toán','Văn học','Ngoại ngữ','Hoá học','Toán','KTNN'),
(148,'11A5',8,'Toán','Lịch sử','Tin học','KTNN','Vật lí','Hoá học'),
(149,'11A5',9,'Chào cờ','GDCD','Vật lí','','Ngoại ngữ','Lịch sử'),
(150,'11A5',10,'Sinh hoạt','Tin học','Sinh vật','','Ngoại ngữ','Địa lí'),
(151,'11A6',1,'','','','','',''),
(152,'11A6',2,'','','','','',''),
(153,'11A6',3,'','','','','',''),
(154,'11A6',4,'','','','','',''),
(155,'11A6',5,'','','','','',''),
(156,'11A6',6,'','','','','',''),
(157,'11A6',7,'','','','','',''),
(158,'11A6',8,'','','','','',''),
(159,'11A6',9,'','','','','',''),
(160,'11A6',10,'','','','','',''),
(161,'11A7',1,'','','','','',''),
(162,'11A7',2,'','','','','',''),
(163,'11A7',3,'','','','','',''),
(164,'11A7',4,'','','','','',''),
(165,'11A7',5,'','','','','',''),
(166,'11A7',6,'','','','','',''),
(167,'11A7',7,'','','','','',''),
(168,'11A7',8,'','','','','',''),
(169,'11A7',9,'','','','','',''),
(170,'11A7',10,'','','','','',''),
(171,'11A8',1,'','','','','',''),
(172,'11A8',2,'','','','','',''),
(173,'11A8',3,'','','','','',''),
(174,'11A8',4,'','','','','',''),
(175,'11A8',5,'','','','','',''),
(176,'11A8',6,'','','','','',''),
(177,'11A8',7,'','','','','',''),
(178,'11A8',8,'','','','','',''),
(179,'11A8',9,'','','','','',''),
(180,'11A8',10,'','','','','',''),
(181,'11A9',1,'','','','','',''),
(182,'11A9',2,'','','','','',''),
(183,'11A9',3,'','','','','',''),
(184,'11A9',4,'','','','','',''),
(185,'11A9',5,'','','','','',''),
(186,'11A9',6,'','','','','',''),
(187,'11A9',7,'','','','','',''),
(188,'11A9',8,'','','','','',''),
(189,'11A9',9,'','','','','',''),
(190,'11A9',10,'','','','','',''),
(191,'11D',1,'','','','','',''),
(192,'11D',2,'','','','','',''),
(193,'11D',3,'','','','','',''),
(194,'11D',4,'','','','','',''),
(195,'11D',5,'','','','','',''),
(196,'11D',6,'','','','','',''),
(197,'11D',7,'','','','','',''),
(198,'11D',8,'','','','','',''),
(199,'11D',9,'','','','','',''),
(200,'11D',10,'','','','','',''),
(201,'10A1',1,'','','','','',''),
(202,'10A1',2,'','','','','',''),
(203,'10A1',3,'','','','','',''),
(204,'10A1',4,'','','','','',''),
(205,'10A1',5,'','','','','',''),
(206,'10A1',6,'','','','','',''),
(207,'10A1',7,'','','','','',''),
(208,'10A1',8,'','','','','',''),
(209,'10A1',9,'','','','','',''),
(210,'10A1',10,'','','','','',''),
(211,'10A2',1,'','','','','',''),
(212,'10A2',2,'','','','','',''),
(213,'10A2',3,'','','','','',''),
(214,'10A2',4,'','','','','',''),
(215,'10A2',5,'','','','','',''),
(216,'10A2',6,'','','','','',''),
(217,'10A2',7,'','','','','',''),
(218,'10A2',8,'','','','','',''),
(219,'10A2',9,'','','','','',''),
(220,'10A2',10,'','','','','',''),
(221,'10A3',1,'','','','','',''),
(222,'10A3',2,'','','','','',''),
(223,'10A3',3,'','','','','',''),
(224,'10A3',4,'','','','','',''),
(225,'10A3',5,'','','','','',''),
(226,'10A3',6,'','','','','',''),
(227,'10A3',7,'','','','','',''),
(228,'10A3',8,'','','','','',''),
(229,'10A3',9,'','','','','',''),
(230,'10A3',10,'','','','','',''),
(231,'10A4',1,'','','','','',''),
(232,'10A4',2,'','','','','',''),
(233,'10A4',3,'','','','','',''),
(234,'10A4',4,'','','','','',''),
(235,'10A4',5,'','','','','',''),
(236,'10A4',6,'','','','','',''),
(237,'10A4',7,'','','','','',''),
(238,'10A4',8,'','','','','',''),
(239,'10A4',9,'','','','','',''),
(240,'10A4',10,'','','','','',''),
(241,'10A5',1,'','','','','',''),
(242,'10A5',2,'','','','','',''),
(243,'10A5',3,'','','','','',''),
(244,'10A5',4,'','','','','',''),
(245,'10A5',5,'','','','','',''),
(246,'10A5',6,'','','','','',''),
(247,'10A5',7,'','','','','',''),
(248,'10A5',8,'','','','','',''),
(249,'10A5',9,'','','','','',''),
(250,'10A5',10,'','','','','',''),
(251,'10A6',1,'','','','','',''),
(252,'10A6',2,'','','','','',''),
(253,'10A6',3,'','','','','',''),
(254,'10A6',4,'','','','','',''),
(255,'10A6',5,'','','','','',''),
(256,'10A6',6,'','','','','',''),
(257,'10A6',7,'','','','','',''),
(258,'10A6',8,'','','','','',''),
(259,'10A6',9,'','','','','',''),
(260,'10A6',10,'','','','','',''),
(261,'10A7',1,'','','','','',''),
(262,'10A7',2,'','','','','',''),
(263,'10A7',3,'','','','','',''),
(264,'10A7',4,'','','','','',''),
(265,'10A7',5,'','','','','',''),
(266,'10A7',6,'','','','','',''),
(267,'10A7',7,'','','','','',''),
(268,'10A7',8,'','','','','',''),
(269,'10A7',9,'','','','','',''),
(270,'10A7',10,'','','','','',''),
(271,'10A8',1,'','','','','',''),
(272,'10A8',2,'','','','','',''),
(273,'10A8',3,'','','','','',''),
(274,'10A8',4,'','','','','',''),
(275,'10A8',5,'','','','','',''),
(276,'10A8',6,'','','','','',''),
(277,'10A8',7,'','','','','',''),
(278,'10A8',8,'','','','','',''),
(279,'10A8',9,'','','','','',''),
(280,'10A8',10,'','','','','',''),
(281,'10A9',1,'','','','','',''),
(282,'10A9',2,'','','','','',''),
(283,'10A9',3,'','','','','',''),
(284,'10A9',4,'','','','','',''),
(285,'10A9',5,'','','','','',''),
(286,'10A9',6,'','','','','',''),
(287,'10A9',7,'','','','','',''),
(288,'10A9',8,'','','','','',''),
(289,'10A9',9,'','','','','',''),
(290,'10A9',10,'','','','','',''),
(291,'10D',1,'','','','','',''),
(292,'10D',2,'','','','','',''),
(293,'10D',3,'','','','','',''),
(294,'10D',4,'','','','','',''),
(295,'10D',5,'','','','','',''),
(296,'10D',6,'','','','','',''),
(297,'10D',7,'','','','','',''),
(298,'10D',8,'','','','','',''),
(299,'10D',9,'','','','','',''),
(300,'10D',10,'','','','','','')	;
#	TC`nv3_vi_tradiem_diem`utf8_general_ci	;
CREATE TABLE `nv3_vi_tradiem_diem` (
  `id` mediumint(9) NOT NULL auto_increment,
  `mahs` varchar(7) NOT NULL,
  `lopid` tinyint(3) NOT NULL,
  `manamhoc` tinyint(2) NOT NULL,
  `mahocky` tinyint(1) NOT NULL,
  `monid` tinyint(2) NOT NULL,
  `m_1` varchar(3) default NULL,
  `m_2` varchar(3) default NULL,
  `15_1` varchar(3) default NULL,
  `15_2` varchar(3) default NULL,
  `15_3` varchar(3) default NULL,
  `15_4` varchar(3) default NULL,
  `15_5` varchar(3) default NULL,
  `45_1` varchar(3) default NULL,
  `45_2` varchar(3) default NULL,
  `45_3` varchar(3) default NULL,
  `45_4` varchar(3) default NULL,
  `45_5` varchar(3) default NULL,
  `thi` varchar(3) default NULL,
  `tbm` varchar(3) default NULL,
  `gvid` mediumint(3) NOT NULL default '0',
  PRIMARY KEY  (`id`)
) ENGINE=MyISAM AUTO_INCREMENT=1041 DEFAULT CHARSET=utf8	;
#	TD`nv3_vi_tradiem_diem`utf8_general_ci	;
INSERT INTO `nv3_vi_tradiem_diem` VALUES 
(1,'10A701',1,1,1,1,'8','','8','8','9','','','6.3','8.5','','','','8.5','8',0),
(2,'10A702',1,1,1,1,'7','','3','6','9','','','4','7','','','','6','5.9',0),
(3,'10A703',1,1,1,1,'3','','8','1','9','','','1','7','','','','6','5',0),
(4,'10A704',1,1,1,1,'7','','4','1','10','','','4','7.5','','','','4.2','5.2',0),
(5,'10A705',1,1,1,1,'3','','7','3','5','','','5','5','','','','5','4.8',0),
(6,'10A706',1,1,1,1,'8','','8','2','10','','','7','6.5','','','','4.3','6.2',0),
(7,'10A707',1,1,1,1,'2','','8','7','10','','','7.5','8','','','','7.5','7.3',0),
(8,'10A708',1,1,1,1,'5','','5','3','10','','','4.3','8.5','','','','7.3','6.4',0),
(9,'10A709',1,1,1,1,'10','','1','5','7','','','5.3','7','','','','4.3','5.5',0),
(10,'10A710',1,1,1,1,'8','','2','6','10','','','5','7','','','','4.5','5.8',0),
(11,'10A711',1,1,1,1,'6','','8','5','8','','','4','7.5','','','','4','5.6',0),
(12,'10A712',1,1,1,1,'10','8','7','8','10','','','5','6.5','','','','6.3','7.1',0),
(13,'10A713',1,1,1,1,'7','','8','8','9','','','7','7.5','','','','7.3','7.5',0),
(14,'10A714',1,1,1,1,'8','7','1','7','9','','','6','7.8','','','','7.3','6.8',0),
(15,'10A715',1,1,1,1,'9','','3','7','8','','','5.5','7','','','','5.3','6.2',0),
(16,'10A716',1,1,1,1,'7','','6','5','7','','','5.5','7.5','','','','5.5','6.1',0),
(17,'10A717',1,1,1,1,'9','','3','6','8','','','5.5','8.5','','','','8','7.1',0),
(18,'10A718',1,1,1,1,'8','','3','7','10','','','4','7','','','','6.8','6.4',0),
(19,'10A719',1,1,1,1,'8','','7','5','7','','','5.3','6.8','','','','4.2','5.8',0),
(20,'10A720',1,1,1,1,'4','','7','7','8','','','4.3','8.5','','','','5.8','6.3',0),
(21,'10A721',1,1,1,1,'4','','9','5','7','','','5.8','7','','','','5.5','6.1',0),
(22,'10A722',1,1,1,1,'10','','7','1','10','','','1','7.3','','','','5.8','5.6',0),
(23,'10A723',1,1,1,1,'8','','4','8','8','','','6.5','7','','','','7.8','7.1',0),
(24,'10A724',1,1,1,1,'9','','9','7','8','','','4.5','8.5','','','','4.8','6.7',0),
(25,'10A725',1,1,1,1,'7','','8','7','9','','','5','7','','','','6.3','6.7',0),
(26,'10A726',1,1,1,1,'9','','8','8','10','','','5','8.5','','','','7.5','7.7',0),
(27,'10A727',1,1,1,1,'9','','4','5','8','','','4.5','6.5','','','','4','5.5',0),
(28,'10A728',1,1,1,1,'6','','6','8','7','','','6.5','7.5','','','','7.5','7',0),
(29,'10A729',1,1,1,1,'7','','6','8','10','','','5.5','6.8','','','','5.3','6.5',0),
(30,'10A730',1,1,1,1,'9','10','2','10','10','','','4.5','7','','','','4.5','6.5',0),
(31,'10A731',1,1,1,1,'7','','1','4','10','','','5.5','7','','','','2','4.8',0),
(32,'10A732',1,1,1,1,'9','10','7','7','10','','','6.8','7.5','','','','6.8','7.8',0),
(33,'10A733',1,1,1,1,'7','','4','7','9','','','5.8','8.5','','','','7.8','7.2',0),
(34,'10A734',1,1,1,1,'8','','9','7','10','','','8','8.5','','','','6.5','7.9',0),
(35,'10A735',1,1,1,1,'8','','4','8','10','','','5','8.3','','','','5.1','6.5',0),
(36,'10A736',1,1,1,1,'8','','7','7','10','','','5','7','','','','7','7',0),
(37,'10A737',1,1,1,1,'7','','4','6','8','','','7.5','7','','','','6','6.5',0),
(38,'10A738',1,1,1,1,'8','8','8','5','10','','','4','7','','','','3','5.8',0),
(39,'10A739',1,1,1,1,'6','','7','4','8','','','3','4','','','','3.3','4.4',0),
(40,'10A740',1,1,1,1,'3','','7','3','7','','','6.5','1.3','2.5','','','4.3','4.1',0),
(41,'10A701',1,1,1,2,'8','','8','8','9','','','6.3','8.5','','','','8.5','8',0),
(42,'10A702',1,1,1,2,'7','','3','6','9','','','4','7','','','','6','5.9',0),
(43,'10A703',1,1,1,2,'3','','8','1','9','','','1','7','','','','6','5',0),
(44,'10A704',1,1,1,2,'7','','4','1','10','','','4','7.5','','','','4.2','5.2',0),
(45,'10A705',1,1,1,2,'3','','7','3','5','','','5','5','','','','5','4.8',0),
(46,'10A706',1,1,1,2,'8','','8','2','10','','','7','6.5','','','','4.3','6.2',0),
(47,'10A707',1,1,1,2,'2','','8','7','10','','','7.5','8','','','','7.5','7.3',0),
(48,'10A708',1,1,1,2,'5','','5','3','10','','','4.3','8.5','','','','7.3','6.4',0),
(49,'10A709',1,1,1,2,'10','','1','5','7','','','5.3','7','','','','4.3','5.5',0),
(50,'10A710',1,1,1,2,'8','','2','6','10','','','5','7','','','','4.5','5.8',0),
(51,'10A711',1,1,1,2,'6','','8','5','8','','','4','7.5','','','','4','5.6',0),
(52,'10A712',1,1,1,2,'10','8','7','8','10','','','5','6.5','','','','6.3','7.1',0),
(53,'10A713',1,1,1,2,'7','','8','8','9','','','7','7.5','','','','7.3','7.5',0),
(54,'10A714',1,1,1,2,'8','7','1','7','9','','','6','7.8','','','','7.3','6.8',0),
(55,'10A715',1,1,1,2,'9','','3','7','8','','','5.5','7','','','','5.3','6.2',0),
(56,'10A716',1,1,1,2,'7','','6','5','7','','','5.5','7.5','','','','5.5','6.1',0),
(57,'10A717',1,1,1,2,'9','','3','6','8','','','5.5','8.5','','','','8','7.1',0),
(58,'10A718',1,1,1,2,'8','','3','7','10','','','4','7','','','','6.8','6.4',0),
(59,'10A719',1,1,1,2,'8','','7','5','7','','','5.3','6.8','','','','4.2','5.8',0),
(60,'10A720',1,1,1,2,'4','','7','7','8','','','4.3','8.5','','','','5.8','6.3',0),
(61,'10A721',1,1,1,2,'4','','9','5','7','','','5.8','7','','','','5.5','6.1',0),
(62,'10A722',1,1,1,2,'10','','7','1','10','','','1','7.3','','','','5.8','5.6',0),
(63,'10A723',1,1,1,2,'8','','4','8','8','','','6.5','7','','','','7.8','7.1',0),
(64,'10A724',1,1,1,2,'9','','9','7','8','','','4.5','8.5','','','','4.8','6.7',0),
(65,'10A725',1,1,1,2,'7','','8','7','9','','','5','7','','','','6.3','6.7',0),
(66,'10A726',1,1,1,2,'9','','8','8','10','','','5','8.5','','','','7.5','7.7',0),
(67,'10A727',1,1,1,2,'9','','4','5','8','','','4.5','6.5','','','','4','5.5',0),
(68,'10A728',1,1,1,2,'6','','6','8','7','','','6.5','7.5','','','','7.5','7',0),
(69,'10A729',1,1,1,2,'7','','6','8','10','','','5.5','6.8','','','','5.3','6.5',0),
(70,'10A730',1,1,1,2,'9','10','2','10','10','','','4.5','7','','','','4.5','6.5',0),
(71,'10A731',1,1,1,2,'7','','1','4','10','','','5.5','7','','','','2','4.8',0),
(72,'10A732',1,1,1,2,'9','10','7','7','10','','','6.8','7.5','','','','6.8','7.8',0),
(73,'10A733',1,1,1,2,'7','','4','7','9','','','5.8','8.5','','','','7.8','7.2',0),
(74,'10A734',1,1,1,2,'8','','9','7','10','','','8','8.5','','','','6.5','7.9',0),
(75,'10A735',1,1,1,2,'8','','4','8','10','','','5','8.3','','','','5.1','6.5',0),
(76,'10A736',1,1,1,2,'8','','7','7','10','','','5','7','','','','7','7',0),
(77,'10A737',1,1,1,2,'7','','4','6','8','','','7.5','7','','','','6','6.5',0),
(78,'10A738',1,1,1,2,'8','8','8','5','10','','','4','7','','','','3','5.8',0),
(79,'10A739',1,1,1,2,'6','','7','4','8','','','3','4','','','','3.3','4.4',0),
(80,'10A740',1,1,1,2,'8','8','1','1','8','','','2','6','','','','5.1','4.8',0),
(81,'10A701',1,1,2,2,'8','','8','8','9','','','6.3','8.5','','','','8.5','8',0),
(82,'10A702',1,1,2,2,'7','','3','6','9','','','4','7','','','','6','5.9',0),
(83,'10A703',1,1,2,2,'3','','8','1','9','','','1','7','','','','6','5',0),
(84,'10A704',1,1,2,2,'7','','4','1','10','','','4','7.5','','','','4.2','5.2',0),
(85,'10A705',1,1,2,2,'3','','7','3','5','','','5','5','','','','5','4.8',0),
(86,'10A706',1,1,2,2,'8','','8','2','10','','','7','6.5','','','','4.3','6.2',0),
(87,'10A707',1,1,2,2,'2','','8','7','10','','','7.5','8','','','','7.5','7.3',0),
(88,'10A708',1,1,2,2,'5','','5','3','10','','','4.3','8.5','','','','7.3','6.4',0),
(89,'10A709',1,1,2,2,'10','','1','5','7','','','5.3','7','','','','4.3','5.5',0),
(90,'10A710',1,1,2,2,'8','','2','6','10','','','5','7','','','','4.5','5.8',0),
(91,'10A711',1,1,2,2,'6','','8','5','8','','','4','7.5','','','','4','5.6',0),
(92,'10A712',1,1,2,2,'10','8','7','8','10','','','5','6.5','','','','6.3','7.1',0),
(93,'10A713',1,1,2,2,'7','','8','8','9','','','7','7.5','','','','7.3','7.5',0),
(94,'10A714',1,1,2,2,'8','7','1','7','9','','','6','7.8','','','','7.3','6.8',0),
(95,'10A715',1,1,2,2,'9','','3','7','8','','','5.5','7','','','','5.3','6.2',0),
(96,'10A716',1,1,2,2,'7','','6','5','7','','','5.5','7.5','','','','5.5','6.1',0),
(97,'10A717',1,1,2,2,'9','','3','6','8','','','5.5','8.5','','','','8','7.1',0),
(98,'10A718',1,1,2,2,'8','','3','7','10','','','4','7','','','','6.8','6.4',0),
(99,'10A719',1,1,2,2,'8','','7','5','7','','','5.3','6.8','','','','4.2','5.8',0),
(100,'10A720',1,1,2,2,'4','','7','7','8','','','4.3','8.5','','','','5.8','6.3',0),
(101,'10A721',1,1,2,2,'4','','9','5','7','','','5.8','7','','','','5.5','6.1',0),
(102,'10A722',1,1,2,2,'10','','7','1','10','','','1','7.3','','','','5.8','5.6',0),
(103,'10A723',1,1,2,2,'8','','4','8','8','','','6.5','7','','','','7.8','7.1',0),
(104,'10A724',1,1,2,2,'9','','9','7','8','','','4.5','8.5','','','','4.8','6.7',0),
(105,'10A725',1,1,2,2,'7','','8','7','9','','','5','7','','','','6.3','6.7',0),
(106,'10A726',1,1,2,2,'9','','8','8','10','','','5','8.5','','','','7.5','7.7',0),
(107,'10A727',1,1,2,2,'9','','4','5','8','','','4.5','6.5','','','','4','5.5',0),
(108,'10A728',1,1,2,2,'6','','6','8','7','','','6.5','7.5','','','','7.5','7',0),
(109,'10A729',1,1,2,2,'7','','6','8','10','','','5.5','6.8','','','','5.3','6.5',0),
(110,'10A730',1,1,2,2,'9','10','2','10','10','','','4.5','7','','','','4.5','6.5',0),
(111,'10A731',1,1,2,2,'7','','1','4','10','','','5.5','7','','','','2','4.8',0),
(112,'10A732',1,1,2,2,'9','10','7','7','10','','','6.8','7.5','','','','6.8','7.8',0),
(113,'10A733',1,1,2,2,'7','','4','7','9','','','5.8','8.5','','','','7.8','7.2',0),
(114,'10A734',1,1,2,2,'8','','9','7','10','','','8','8.5','','','','6.5','7.9',0),
(115,'10A735',1,1,2,2,'8','','4','8','10','','','5','8.3','','','','5.1','6.5',0),
(116,'10A736',1,1,2,2,'8','','7','7','10','','','5','7','','','','7','7',0),
(117,'10A737',1,1,2,2,'7','','4','6','8','','','7.5','7','','','','6','6.5',0),
(118,'10A738',1,1,2,2,'8','8','8','5','10','','','4','7','','','','3','5.8',0),
(119,'10A739',1,1,2,2,'6','','7','4','8','','','3','4','','','','3.3','4.4',0),
(120,'10A740',1,1,2,2,'8','8','1','1','8','','','2','6','','','','5.1','4.8',0),
(121,'10A701',1,1,1,3,'8','','8','8','9','','','6.3','8.5','','','','8.5','8',0),
(122,'10A702',1,1,1,3,'7','','3','6','9','','','4','7','','','','6','5.9',0),
(123,'10A703',1,1,1,3,'3','','8','1','9','','','1','7','','','','6','5',0),
(124,'10A704',1,1,1,3,'7','','4','1','10','','','4','7.5','','','','4.2','5.2',0),
(125,'10A705',1,1,1,3,'3','','7','3','5','','','5','5','','','','5','4.8',0),
(126,'10A706',1,1,1,3,'8','','8','2','10','','','7','6.5','','','','4.3','6.2',0),
(127,'10A707',1,1,1,3,'2','','8','7','10','','','7.5','8','','','','7.5','7.3',0),
(128,'10A708',1,1,1,3,'5','','5','3','10','','','4.3','8.5','','','','7.3','6.4',0),
(129,'10A709',1,1,1,3,'10','','1','5','7','','','5.3','7','','','','4.3','5.5',0),
(130,'10A710',1,1,1,3,'8','','2','6','10','','','5','7','','','','4.5','5.8',0),
(131,'10A711',1,1,1,3,'6','','8','5','8','','','4','7.5','','','','4','5.6',0),
(132,'10A712',1,1,1,3,'10','8','7','8','10','','','5','6.5','','','','6.3','7.1',0),
(133,'10A713',1,1,1,3,'7','','8','8','9','','','7','7.5','','','','7.3','7.5',0),
(134,'10A714',1,1,1,3,'8','7','1','7','9','','','6','7.8','','','','7.3','6.8',0),
(135,'10A715',1,1,1,3,'9','','3','7','8','','','5.5','7','','','','5.3','6.2',0),
(136,'10A716',1,1,1,3,'7','','6','5','7','','','5.5','7.5','','','','5.5','6.1',0),
(137,'10A717',1,1,1,3,'9','','3','6','8','','','5.5','8.5','','','','8','7.1',0),
(138,'10A718',1,1,1,3,'8','','3','7','10','','','4','7','','','','6.8','6.4',0),
(139,'10A719',1,1,1,3,'8','','7','5','7','','','5.3','6.8','','','','4.2','5.8',0),
(140,'10A720',1,1,1,3,'4','','7','7','8','','','4.3','8.5','','','','5.8','6.3',0),
(141,'10A721',1,1,1,3,'4','','9','5','7','','','5.8','7','','','','5.5','6.1',0),
(142,'10A722',1,1,1,3,'10','','7','1','10','','','1','7.3','','','','5.8','5.6',0),
(143,'10A723',1,1,1,3,'8','','4','8','8','','','6.5','7','','','','7.8','7.1',0),
(144,'10A724',1,1,1,3,'9','','9','7','8','','','4.5','8.5','','','','4.8','6.7',0),
(145,'10A725',1,1,1,3,'7','','8','7','9','','','5','7','','','','6.3','6.7',0),
(146,'10A726',1,1,1,3,'9','','8','8','10','','','5','8.5','','','','7.5','7.7',0),
(147,'10A727',1,1,1,3,'9','','4','5','8','','','4.5','6.5','','','','4','5.5',0),
(148,'10A728',1,1,1,3,'6','','6','8','7','','','6.5','7.5','','','','7.5','7',0),
(149,'10A729',1,1,1,3,'7','','6','8','10','','','5.5','6.8','','','','5.3','6.5',0),
(150,'10A730',1,1,1,3,'9','10','2','10','10','','','4.5','7','','','','4.5','6.5',0),
(151,'10A731',1,1,1,3,'7','','1','4','10','','','5.5','7','','','','2','4.8',0),
(152,'10A732',1,1,1,3,'9','10','7','7','10','','','6.8','7.5','','','','6.8','7.8',0),
(153,'10A733',1,1,1,3,'7','','4','7','9','','','5.8','8.5','','','','7.8','7.2',0),
(154,'10A734',1,1,1,3,'8','','9','7','10','','','8','8.5','','','','6.5','7.9',0),
(155,'10A735',1,1,1,3,'8','','4','8','10','','','5','8.3','','','','5.1','6.5',0),
(156,'10A736',1,1,1,3,'8','','7','7','10','','','5','7','','','','7','7',0),
(157,'10A737',1,1,1,3,'7','','4','6','8','','','7.5','7','','','','6','6.5',0),
(158,'10A738',1,1,1,3,'8','8','8','5','10','','','4','7','','','','3','5.8',0),
(159,'10A739',1,1,1,3,'6','','7','4','8','','','3','4','','','','3.3','4.4',0),
(160,'10A740',1,1,1,3,'9','','6','8','4','','','5.1','4.2','','','','7.6','6.2',0),
(161,'10A701',1,1,2,3,'8','','8','8','9','','','6.3','8.5','','','','8.5','8',0),
(162,'10A702',1,1,2,3,'7','','3','6','9','','','4','7','','','','6','5.9',0),
(163,'10A703',1,1,2,3,'3','','8','1','9','','','1','7','','','','6','5',0),
(164,'10A704',1,1,2,3,'7','','4','1','10','','','4','7.5','','','','4.2','5.2',0),
(165,'10A705',1,1,2,3,'3','','7','3','5','','','5','5','','','','5','4.8',0),
(166,'10A706',1,1,2,3,'8','','8','2','10','','','7','6.5','','','','4.3','6.2',0),
(167,'10A707',1,1,2,3,'2','','8','7','10','','','7.5','8','','','','7.5','7.3',0),
(168,'10A708',1,1,2,3,'5','','5','3','10','','','4.3','8.5','','','','7.3','6.4',0),
(169,'10A709',1,1,2,3,'10','','1','5','7','','','5.3','7','','','','4.3','5.5',0),
(170,'10A710',1,1,2,3,'8','','2','6','10','','','5','7','','','','4.5','5.8',0),
(171,'10A711',1,1,2,3,'6','','8','5','8','','','4','7.5','','','','4','5.6',0),
(172,'10A712',1,1,2,3,'10','8','7','8','10','','','5','6.5','','','','6.3','7.1',0),
(173,'10A713',1,1,2,3,'7','','8','8','9','','','7','7.5','','','','7.3','7.5',0),
(174,'10A714',1,1,2,3,'8','7','1','7','9','','','6','7.8','','','','7.3','6.8',0),
(175,'10A715',1,1,2,3,'9','','3','7','8','','','5.5','7','','','','5.3','6.2',0),
(176,'10A716',1,1,2,3,'7','','6','5','7','','','5.5','7.5','','','','5.5','6.1',0),
(177,'10A717',1,1,2,3,'9','','3','6','8','','','5.5','8.5','','','','8','7.1',0),
(178,'10A718',1,1,2,3,'8','','3','7','10','','','4','7','','','','6.8','6.4',0),
(179,'10A719',1,1,2,3,'8','','7','5','7','','','5.3','6.8','','','','4.2','5.8',0),
(180,'10A720',1,1,2,3,'4','','7','7','8','','','4.3','8.5','','','','5.8','6.3',0),
(181,'10A721',1,1,2,3,'4','','9','5','7','','','5.8','7','','','','5.5','6.1',0),
(182,'10A722',1,1,2,3,'10','','7','1','10','','','1','7.3','','','','5.8','5.6',0),
(183,'10A723',1,1,2,3,'8','','4','8','8','','','6.5','7','','','','7.8','7.1',0),
(184,'10A724',1,1,2,3,'9','','9','7','8','','','4.5','8.5','','','','4.8','6.7',0),
(185,'10A725',1,1,2,3,'7','','8','7','9','','','5','7','','','','6.3','6.7',0),
(186,'10A726',1,1,2,3,'9','','8','8','10','','','5','8.5','','','','7.5','7.7',0),
(187,'10A727',1,1,2,3,'9','','4','5','8','','','4.5','6.5','','','','4','5.5',0),
(188,'10A728',1,1,2,3,'6','','6','8','7','','','6.5','7.5','','','','7.5','7',0),
(189,'10A729',1,1,2,3,'7','','6','8','10','','','5.5','6.8','','','','5.3','6.5',0),
(190,'10A730',1,1,2,3,'9','10','2','10','10','','','4.5','7','','','','4.5','6.5',0),
(191,'10A731',1,1,2,3,'7','','1','4','10','','','5.5','7','','','','2','4.8',0),
(192,'10A732',1,1,2,3,'9','10','7','7','10','','','6.8','7.5','','','','6.8','7.8',0),
(193,'10A733',1,1,2,3,'7','','4','7','9','','','5.8','8.5','','','','7.8','7.2',0),
(194,'10A734',1,1,2,3,'8','','9','7','10','','','8','8.5','','','','6.5','7.9',0),
(195,'10A735',1,1,2,3,'8','','4','8','10','','','5','8.3','','','','5.1','6.5',0),
(196,'10A736',1,1,2,3,'8','','7','7','10','','','5','7','','','','7','7',0),
(197,'10A737',1,1,2,3,'7','','4','6','8','','','7.5','7','','','','6','6.5',0),
(198,'10A738',1,1,2,3,'8','8','8','5','10','','','4','7','','','','3','5.8',0),
(199,'10A739',1,1,2,3,'6','','7','4','8','','','3','4','','','','3.3','4.4',0),
(200,'10A740',1,1,2,3,'9','','6','8','4','','','5.1','4.2','','','','7.6','6.2',0),
(201,'10A701',1,1,1,4,'8','','8','8','9','','','6.3','8.5','','','','8.5','8',0),
(202,'10A702',1,1,1,4,'7','','3','6','9','','','4','7','','','','6','5.9',0),
(203,'10A703',1,1,1,4,'3','','8','1','9','','','1','7','','','','6','5',0),
(204,'10A704',1,1,1,4,'7','','4','1','10','','','4','7.5','','','','4.2','5.2',0),
(205,'10A705',1,1,1,4,'3','','7','3','5','','','5','5','','','','5','4.8',0),
(206,'10A706',1,1,1,4,'8','','8','2','10','','','7','6.5','','','','4.3','6.2',0),
(207,'10A707',1,1,1,4,'2','','8','7','10','','','7.5','8','','','','7.5','7.3',0),
(208,'10A708',1,1,1,4,'5','','5','3','10','','','4.3','8.5','','','','7.3','6.4',0),
(209,'10A709',1,1,1,4,'10','','1','5','7','','','5.3','7','','','','4.3','5.5',0),
(210,'10A710',1,1,1,4,'8','','2','6','10','','','5','7','','','','4.5','5.8',0),
(211,'10A711',1,1,1,4,'6','','8','5','8','','','4','7.5','','','','4','5.6',0),
(212,'10A712',1,1,1,4,'10','8','7','8','10','','','5','6.5','','','','6.3','7.1',0),
(213,'10A713',1,1,1,4,'7','','8','8','9','','','7','7.5','','','','7.3','7.5',0),
(214,'10A714',1,1,1,4,'8','7','1','7','9','','','6','7.8','','','','7.3','6.8',0),
(215,'10A715',1,1,1,4,'9','','3','7','8','','','5.5','7','','','','5.3','6.2',0),
(216,'10A716',1,1,1,4,'7','','6','5','7','','','5.5','7.5','','','','5.5','6.1',0),
(217,'10A717',1,1,1,4,'9','','3','6','8','','','5.5','8.5','','','','8','7.1',0),
(218,'10A718',1,1,1,4,'8','','3','7','10','','','4','7','','','','6.8','6.4',0),
(219,'10A719',1,1,1,4,'8','','7','5','7','','','5.3','6.8','','','','4.2','5.8',0),
(220,'10A720',1,1,1,4,'4','','7','7','8','','','4.3','8.5','','','','5.8','6.3',0),
(221,'10A721',1,1,1,4,'4','','9','5','7','','','5.8','7','','','','5.5','6.1',0),
(222,'10A722',1,1,1,4,'10','','7','1','10','','','1','7.3','','','','5.8','5.6',0),
(223,'10A723',1,1,1,4,'8','','4','8','8','','','6.5','7','','','','7.8','7.1',0),
(224,'10A724',1,1,1,4,'9','','9','7','8','','','4.5','8.5','','','','4.8','6.7',0),
(225,'10A725',1,1,1,4,'7','','8','7','9','','','5','7','','','','6.3','6.7',0),
(226,'10A726',1,1,1,4,'9','','8','8','10','','','5','8.5','','','','7.5','7.7',0),
(227,'10A727',1,1,1,4,'9','','4','5','8','','','4.5','6.5','','','','4','5.5',0),
(228,'10A728',1,1,1,4,'6','','6','8','7','','','6.5','7.5','','','','7.5','7',0),
(229,'10A729',1,1,1,4,'7','','6','8','10','','','5.5','6.8','','','','5.3','6.5',0),
(230,'10A730',1,1,1,4,'9','10','2','10','10','','','4.5','7','','','','4.5','6.5',0),
(231,'10A731',1,1,1,4,'7','','1','4','10','','','5.5','7','','','','2','4.8',0),
(232,'10A732',1,1,1,4,'9','10','7','7','10','','','6.8','7.5','','','','6.8','7.8',0),
(233,'10A733',1,1,1,4,'7','','4','7','9','','','5.8','8.5','','','','7.8','7.2',0),
(234,'10A734',1,1,1,4,'8','','9','7','10','','','8','8.5','','','','6.5','7.9',0),
(235,'10A735',1,1,1,4,'8','','4','8','10','','','5','8.3','','','','5.1','6.5',0),
(236,'10A736',1,1,1,4,'8','','7','7','10','','','5','7','','','','7','7',0),
(237,'10A737',1,1,1,4,'7','','4','6','8','','','7.5','7','','','','6','6.5',0),
(238,'10A738',1,1,1,4,'8','8','8','5','10','','','4','7','','','','3','5.8',0),
(239,'10A739',1,1,1,4,'6','','7','4','8','','','3','4','','','','3.3','4.4',0),
(240,'10A740',1,1,1,4,'8','','8','7','','','','1.4','','','','','3','4.4',0),
(241,'10A701',1,1,2,4,'8','','8','8','9','','','6.3','8.5','','','','8.5','8',0),
(242,'10A702',1,1,2,4,'7','','3','6','9','','','4','7','','','','6','5.9',0),
(243,'10A703',1,1,2,4,'3','','8','1','9','','','1','7','','','','6','5',0),
(244,'10A704',1,1,2,4,'7','','4','1','10','','','4','7.5','','','','4.2','5.2',0),
(245,'10A705',1,1,2,4,'3','','7','3','5','','','5','5','','','','5','4.8',0),
(246,'10A706',1,1,2,4,'8','','8','2','10','','','7','6.5','','','','4.3','6.2',0),
(247,'10A707',1,1,2,4,'2','','8','7','10','','','7.5','8','','','','7.5','7.3',0),
(248,'10A708',1,1,2,4,'5','','5','3','10','','','4.3','8.5','','','','7.3','6.4',0),
(249,'10A709',1,1,2,4,'10','','1','5','7','','','5.3','7','','','','4.3','5.5',0),
(250,'10A710',1,1,2,4,'8','','2','6','10','','','5','7','','','','4.5','5.8',0),
(251,'10A711',1,1,2,4,'6','','8','5','8','','','4','7.5','','','','4','5.6',0),
(252,'10A712',1,1,2,4,'10','8','7','8','10','','','5','6.5','','','','6.3','7.1',0),
(253,'10A713',1,1,2,4,'7','','8','8','9','','','7','7.5','','','','7.3','7.5',0),
(254,'10A714',1,1,2,4,'8','7','1','7','9','','','6','7.8','','','','7.3','6.8',0),
(255,'10A715',1,1,2,4,'9','','3','7','8','','','5.5','7','','','','5.3','6.2',0),
(256,'10A716',1,1,2,4,'7','','6','5','7','','','5.5','7.5','','','','5.5','6.1',0),
(257,'10A717',1,1,2,4,'9','','3','6','8','','','5.5','8.5','','','','8','7.1',0),
(258,'10A718',1,1,2,4,'8','','3','7','10','','','4','7','','','','6.8','6.4',0),
(259,'10A719',1,1,2,4,'8','','7','5','7','','','5.3','6.8','','','','4.2','5.8',0),
(260,'10A720',1,1,2,4,'4','','7','7','8','','','4.3','8.5','','','','5.8','6.3',0),
(261,'10A721',1,1,2,4,'4','','9','5','7','','','5.8','7','','','','5.5','6.1',0),
(262,'10A722',1,1,2,4,'10','','7','1','10','','','1','7.3','','','','5.8','5.6',0),
(263,'10A723',1,1,2,4,'8','','4','8','8','','','6.5','7','','','','7.8','7.1',0),
(264,'10A724',1,1,2,4,'9','','9','7','8','','','4.5','8.5','','','','4.8','6.7',0),
(265,'10A725',1,1,2,4,'7','','8','7','9','','','5','7','','','','6.3','6.7',0),
(266,'10A726',1,1,2,4,'9','','8','8','10','','','5','8.5','','','','7.5','7.7',0),
(267,'10A727',1,1,2,4,'9','','4','5','8','','','4.5','6.5','','','','4','5.5',0),
(268,'10A728',1,1,2,4,'6','','6','8','7','','','6.5','7.5','','','','7.5','7',0),
(269,'10A729',1,1,2,4,'7','','6','8','10','','','5.5','6.8','','','','5.3','6.5',0),
(270,'10A730',1,1,2,4,'9','10','2','10','10','','','4.5','7','','','','4.5','6.5',0),
(271,'10A731',1,1,2,4,'7','','1','4','10','','','5.5','7','','','','2','4.8',0),
(272,'10A732',1,1,2,4,'9','10','7','7','10','','','6.8','7.5','','','','6.8','7.8',0),
(273,'10A733',1,1,2,4,'7','','4','7','9','','','5.8','8.5','','','','7.8','7.2',0),
(274,'10A734',1,1,2,4,'8','','9','7','10','','','8','8.5','','','','6.5','7.9',0),
(275,'10A735',1,1,2,4,'8','','4','8','10','','','5','8.3','','','','5.1','6.5',0),
(276,'10A736',1,1,2,4,'8','','7','7','10','','','5','7','','','','7','7',0),
(277,'10A737',1,1,2,4,'7','','4','6','8','','','7.5','7','','','','6','6.5',0),
(278,'10A738',1,1,2,4,'8','8','8','5','10','','','4','7','','','','3','5.8',0),
(279,'10A739',1,1,2,4,'6','','7','4','8','','','3','4','','','','3.3','4.4',0),
(280,'10A740',1,1,2,4,'8','','8','7','','','','1.4','','','','','3','4.4',0),
(281,'10A701',1,1,1,5,'8','','8','8','9','','','6.3','8.5','','','','8.5','8',0),
(282,'10A702',1,1,1,5,'7','','3','6','9','','','4','7','','','','6','5.9',0),
(283,'10A703',1,1,1,5,'3','','8','1','9','','','1','7','','','','6','5',0),
(284,'10A704',1,1,1,5,'7','','4','1','10','','','4','7.5','','','','4.2','5.2',0),
(285,'10A705',1,1,1,5,'3','','7','3','5','','','5','5','','','','5','4.8',0),
(286,'10A706',1,1,1,5,'8','','8','2','10','','','7','6.5','','','','4.3','6.2',0),
(287,'10A707',1,1,1,5,'2','','8','7','10','','','7.5','8','','','','7.5','7.3',0),
(288,'10A708',1,1,1,5,'5','','5','3','10','','','4.3','8.5','','','','7.3','6.4',0),
(289,'10A709',1,1,1,5,'10','','1','5','7','','','5.3','7','','','','4.3','5.5',0),
(290,'10A710',1,1,1,5,'8','','2','6','10','','','5','7','','','','4.5','5.8',0),
(291,'10A711',1,1,1,5,'6','','8','5','8','','','4','7.5','','','','4','5.6',0),
(292,'10A712',1,1,1,5,'10','8','7','8','10','','','5','6.5','','','','6.3','7.1',0),
(293,'10A713',1,1,1,5,'7','','8','8','9','','','7','7.5','','','','7.3','7.5',0),
(294,'10A714',1,1,1,5,'8','7','1','7','9','','','6','7.8','','','','7.3','6.8',0),
(295,'10A715',1,1,1,5,'9','','3','7','8','','','5.5','7','','','','5.3','6.2',0),
(296,'10A716',1,1,1,5,'7','','6','5','7','','','5.5','7.5','','','','5.5','6.1',0),
(297,'10A717',1,1,1,5,'9','','3','6','8','','','5.5','8.5','','','','8','7.1',0),
(298,'10A718',1,1,1,5,'8','','3','7','10','','','4','7','','','','6.8','6.4',0),
(299,'10A719',1,1,1,5,'8','','7','5','7','','','5.3','6.8','','','','4.2','5.8',0),
(300,'10A720',1,1,1,5,'4','','7','7','8','','','4.3','8.5','','','','5.8','6.3',0),
(301,'10A721',1,1,1,5,'4','','9','5','7','','','5.8','7','','','','5.5','6.1',0),
(302,'10A722',1,1,1,5,'10','','7','1','10','','','1','7.3','','','','5.8','5.6',0),
(303,'10A723',1,1,1,5,'8','','4','8','8','','','6.5','7','','','','7.8','7.1',0),
(304,'10A724',1,1,1,5,'9','','9','7','8','','','4.5','8.5','','','','4.8','6.7',0),
(305,'10A725',1,1,1,5,'7','','8','7','9','','','5','7','','','','6.3','6.7',0),
(306,'10A726',1,1,1,5,'9','','8','8','10','','','5','8.5','','','','7.5','7.7',0),
(307,'10A727',1,1,1,5,'9','','4','5','8','','','4.5','6.5','','','','4','5.5',0),
(308,'10A728',1,1,1,5,'6','','6','8','7','','','6.5','7.5','','','','7.5','7',0),
(309,'10A729',1,1,1,5,'7','','6','8','10','','','5.5','6.8','','','','5.3','6.5',0),
(310,'10A730',1,1,1,5,'9','10','2','10','10','','','4.5','7','','','','4.5','6.5',0),
(311,'10A731',1,1,1,5,'7','','1','4','10','','','5.5','7','','','','2','4.8',0),
(312,'10A732',1,1,1,5,'9','10','7','7','10','','','6.8','7.5','','','','6.8','7.8',0),
(313,'10A733',1,1,1,5,'7','','4','7','9','','','5.8','8.5','','','','7.8','7.2',0),
(314,'10A734',1,1,1,5,'8','','9','7','10','','','8','8.5','','','','6.5','7.9',0),
(315,'10A735',1,1,1,5,'8','','4','8','10','','','5','8.3','','','','5.1','6.5',0),
(316,'10A736',1,1,1,5,'8','','7','7','10','','','5','7','','','','7','7',0),
(317,'10A737',1,1,1,5,'7','','4','6','8','','','7.5','7','','','','6','6.5',0),
(318,'10A738',1,1,1,5,'8','8','8','5','10','','','4','7','','','','3','5.8',0),
(319,'10A739',1,1,1,5,'6','','7','4','8','','','3','4','','','','3.3','4.4',0),
(320,'10A740',1,1,1,5,'2','','5','7','','','','7','3','','','','4','4.6',0),
(321,'10A701',1,1,2,5,'8','','8','8','9','','','6.3','8.5','','','','8.5','8',0),
(322,'10A702',1,1,2,5,'7','','3','6','9','','','4','7','','','','6','5.9',0),
(323,'10A703',1,1,2,5,'3','','8','1','9','','','1','7','','','','6','5',0),
(324,'10A704',1,1,2,5,'7','','4','1','10','','','4','7.5','','','','4.2','5.2',0),
(325,'10A705',1,1,2,5,'3','','7','3','5','','','5','5','','','','5','4.8',0),
(326,'10A706',1,1,2,5,'8','','8','2','10','','','7','6.5','','','','4.3','6.2',0),
(327,'10A707',1,1,2,5,'2','','8','7','10','','','7.5','8','','','','7.5','7.3',0),
(328,'10A708',1,1,2,5,'5','','5','3','10','','','4.3','8.5','','','','7.3','6.4',0),
(329,'10A709',1,1,2,5,'10','','1','5','7','','','5.3','7','','','','4.3','5.5',0),
(330,'10A710',1,1,2,5,'8','','2','6','10','','','5','7','','','','4.5','5.8',0),
(331,'10A711',1,1,2,5,'6','','8','5','8','','','4','7.5','','','','4','5.6',0),
(332,'10A712',1,1,2,5,'10','8','7','8','10','','','5','6.5','','','','6.3','7.1',0),
(333,'10A713',1,1,2,5,'7','','8','8','9','','','7','7.5','','','','7.3','7.5',0),
(334,'10A714',1,1,2,5,'8','7','1','7','9','','','6','7.8','','','','7.3','6.8',0),
(335,'10A715',1,1,2,5,'9','','3','7','8','','','5.5','7','','','','5.3','6.2',0),
(336,'10A716',1,1,2,5,'7','','6','5','7','','','5.5','7.5','','','','5.5','6.1',0),
(337,'10A717',1,1,2,5,'9','','3','6','8','','','5.5','8.5','','','','8','7.1',0),
(338,'10A718',1,1,2,5,'8','','3','7','10','','','4','7','','','','6.8','6.4',0),
(339,'10A719',1,1,2,5,'8','','7','5','7','','','5.3','6.8','','','','4.2','5.8',0),
(340,'10A720',1,1,2,5,'4','','7','7','8','','','4.3','8.5','','','','5.8','6.3',0),
(341,'10A721',1,1,2,5,'4','','9','5','7','','','5.8','7','','','','5.5','6.1',0),
(342,'10A722',1,1,2,5,'10','','7','1','10','','','1','7.3','','','','5.8','5.6',0),
(343,'10A723',1,1,2,5,'8','','4','8','8','','','6.5','7','','','','7.8','7.1',0),
(344,'10A724',1,1,2,5,'9','','9','7','8','','','4.5','8.5','','','','4.8','6.7',0),
(345,'10A725',1,1,2,5,'7','','8','7','9','','','5','7','','','','6.3','6.7',0),
(346,'10A726',1,1,2,5,'9','','8','8','10','','','5','8.5','','','','7.5','7.7',0),
(347,'10A727',1,1,2,5,'9','','4','5','8','','','4.5','6.5','','','','4','5.5',0),
(348,'10A728',1,1,2,5,'6','','6','8','7','','','6.5','7.5','','','','7.5','7',0),
(349,'10A729',1,1,2,5,'7','','6','8','10','','','5.5','6.8','','','','5.3','6.5',0),
(350,'10A730',1,1,2,5,'9','10','2','10','10','','','4.5','7','','','','4.5','6.5',0),
(351,'10A731',1,1,2,5,'7','','1','4','10','','','5.5','7','','','','2','4.8',0),
(352,'10A732',1,1,2,5,'9','10','7','7','10','','','6.8','7.5','','','','6.8','7.8',0),
(353,'10A733',1,1,2,5,'7','','4','7','9','','','5.8','8.5','','','','7.8','7.2',0),
(354,'10A734',1,1,2,5,'8','','9','7','10','','','8','8.5','','','','6.5','7.9',0),
(355,'10A735',1,1,2,5,'8','','4','8','10','','','5','8.3','','','','5.1','6.5',0),
(356,'10A736',1,1,2,5,'8','','7','7','10','','','5','7','','','','7','7',0),
(357,'10A737',1,1,2,5,'7','','4','6','8','','','7.5','7','','','','6','6.5',0),
(358,'10A738',1,1,2,5,'8','8','8','5','10','','','4','7','','','','3','5.8',0),
(359,'10A739',1,1,2,5,'6','','7','4','8','','','3','4','','','','3.3','4.4',0),
(360,'10A740',1,1,2,5,'2','','5','7','','','','7','3','','','','4','4.6',0),
(361,'10A701',1,1,1,6,'8','','8','8','9','','','6.3','8.5','','','','8.5','8',0),
(362,'10A702',1,1,1,6,'7','','3','6','9','','','4','7','','','','6','5.9',0),
(363,'10A703',1,1,1,6,'3','','8','1','9','','','1','7','','','','6','5',0),
(364,'10A704',1,1,1,6,'7','','4','1','10','','','4','7.5','','','','4.2','5.2',0),
(365,'10A705',1,1,1,6,'3','','7','3','5','','','5','5','','','','5','4.8',0),
(366,'10A706',1,1,1,6,'8','','8','2','10','','','7','6.5','','','','4.3','6.2',0),
(367,'10A707',1,1,1,6,'2','','8','7','10','','','7.5','8','','','','7.5','7.3',0),
(368,'10A708',1,1,1,6,'5','','5','3','10','','','4.3','8.5','','','','7.3','6.4',0),
(369,'10A709',1,1,1,6,'10','','1','5','7','','','5.3','7','','','','4.3','5.5',0),
(370,'10A710',1,1,1,6,'8','','2','6','10','','','5','7','','','','4.5','5.8',0),
(371,'10A711',1,1,1,6,'6','','8','5','8','','','4','7.5','','','','4','5.6',0),
(372,'10A712',1,1,1,6,'10','8','7','8','10','','','5','6.5','','','','6.3','7.1',0),
(373,'10A713',1,1,1,6,'7','','8','8','9','','','7','7.5','','','','7.3','7.5',0),
(374,'10A714',1,1,1,6,'8','7','1','7','9','','','6','7.8','','','','7.3','6.8',0),
(375,'10A715',1,1,1,6,'9','','3','7','8','','','5.5','7','','','','5.3','6.2',0),
(376,'10A716',1,1,1,6,'7','','6','5','7','','','5.5','7.5','','','','5.5','6.1',0),
(377,'10A717',1,1,1,6,'9','','3','6','8','','','5.5','8.5','','','','8','7.1',0),
(378,'10A718',1,1,1,6,'8','','3','7','10','','','4','7','','','','6.8','6.4',0),
(379,'10A719',1,1,1,6,'8','','7','5','7','','','5.3','6.8','','','','4.2','5.8',0),
(380,'10A720',1,1,1,6,'4','','7','7','8','','','4.3','8.5','','','','5.8','6.3',0),
(381,'10A721',1,1,1,6,'4','','9','5','7','','','5.8','7','','','','5.5','6.1',0),
(382,'10A722',1,1,1,6,'10','','7','1','10','','','1','7.3','','','','5.8','5.6',0),
(383,'10A723',1,1,1,6,'8','','4','8','8','','','6.5','7','','','','7.8','7.1',0),
(384,'10A724',1,1,1,6,'9','','9','7','8','','','4.5','8.5','','','','4.8','6.7',0),
(385,'10A725',1,1,1,6,'7','','8','7','9','','','5','7','','','','6.3','6.7',0),
(386,'10A726',1,1,1,6,'9','','8','8','10','','','5','8.5','','','','7.5','7.7',0),
(387,'10A727',1,1,1,6,'9','','4','5','8','','','4.5','6.5','','','','4','5.5',0),
(388,'10A728',1,1,1,6,'6','','6','8','7','','','6.5','7.5','','','','7.5','7',0),
(389,'10A729',1,1,1,6,'7','','6','8','10','','','5.5','6.8','','','','5.3','6.5',0),
(390,'10A730',1,1,1,6,'9','10','2','10','10','','','4.5','7','','','','4.5','6.5',0),
(391,'10A731',1,1,1,6,'7','','1','4','10','','','5.5','7','','','','2','4.8',0),
(392,'10A732',1,1,1,6,'9','10','7','7','10','','','6.8','7.5','','','','6.8','7.8',0),
(393,'10A733',1,1,1,6,'7','','4','7','9','','','5.8','8.5','','','','7.8','7.2',0),
(394,'10A734',1,1,1,6,'8','','9','7','10','','','8','8.5','','','','6.5','7.9',0),
(395,'10A735',1,1,1,6,'8','','4','8','10','','','5','8.3','','','','5.1','6.5',0),
(396,'10A736',1,1,1,6,'8','','7','7','10','','','5','7','','','','7','7',0),
(397,'10A737',1,1,1,6,'7','','4','6','8','','','7.5','7','','','','6','6.5',0),
(398,'10A738',1,1,1,6,'8','8','8','5','10','','','4','7','','','','3','5.8',0),
(399,'10A739',1,1,1,6,'6','','7','4','8','','','3','4','','','','3.3','4.4',0),
(400,'10A701',1,1,2,6,'8','','8','8','9','','','6.3','8.5','','','','8.5','8',0),
(401,'10A702',1,1,2,6,'7','','3','6','9','','','4','7','','','','6','5.9',0),
(402,'10A703',1,1,2,6,'3','','8','1','9','','','1','7','','','','6','5',0),
(403,'10A704',1,1,2,6,'7','','4','1','10','','','4','7.5','','','','4.2','5.2',0),
(404,'10A705',1,1,2,6,'3','','7','3','5','','','5','5','','','','5','4.8',0),
(405,'10A706',1,1,2,6,'8','','8','2','10','','','7','6.5','','','','4.3','6.2',0),
(406,'10A707',1,1,2,6,'2','','8','7','10','','','7.5','8','','','','7.5','7.3',0),
(407,'10A708',1,1,2,6,'5','','5','3','10','','','4.3','8.5','','','','7.3','6.4',0),
(408,'10A709',1,1,2,6,'10','','1','5','7','','','5.3','7','','','','4.3','5.5',0),
(409,'10A710',1,1,2,6,'8','','2','6','10','','','5','7','','','','4.5','5.8',0),
(410,'10A711',1,1,2,6,'6','','8','5','8','','','4','7.5','','','','4','5.6',0),
(411,'10A712',1,1,2,6,'10','8','7','8','10','','','5','6.5','','','','6.3','7.1',0),
(412,'10A713',1,1,2,6,'7','','8','8','9','','','7','7.5','','','','7.3','7.5',0),
(413,'10A714',1,1,2,6,'8','7','1','7','9','','','6','7.8','','','','7.3','6.8',0),
(414,'10A715',1,1,2,6,'9','','3','7','8','','','5.5','7','','','','5.3','6.2',0),
(415,'10A716',1,1,2,6,'7','','6','5','7','','','5.5','7.5','','','','5.5','6.1',0),
(416,'10A717',1,1,2,6,'9','','3','6','8','','','5.5','8.5','','','','8','7.1',0),
(417,'10A718',1,1,2,6,'8','','3','7','10','','','4','7','','','','6.8','6.4',0),
(418,'10A719',1,1,2,6,'8','','7','5','7','','','5.3','6.8','','','','4.2','5.8',0),
(419,'10A720',1,1,2,6,'4','','7','7','8','','','4.3','8.5','','','','5.8','6.3',0),
(420,'10A721',1,1,2,6,'4','','9','5','7','','','5.8','7','','','','5.5','6.1',0),
(421,'10A722',1,1,2,6,'10','','7','1','10','','','1','7.3','','','','5.8','5.6',0),
(422,'10A723',1,1,2,6,'8','','4','8','8','','','6.5','7','','','','7.8','7.1',0),
(423,'10A724',1,1,2,6,'9','','9','7','8','','','4.5','8.5','','','','4.8','6.7',0),
(424,'10A725',1,1,2,6,'7','','8','7','9','','','5','7','','','','6.3','6.7',0),
(425,'10A726',1,1,2,6,'9','','8','8','10','','','5','8.5','','','','7.5','7.7',0),
(426,'10A727',1,1,2,6,'9','','4','5','8','','','4.5','6.5','','','','4','5.5',0),
(427,'10A728',1,1,2,6,'6','','6','8','7','','','6.5','7.5','','','','7.5','7',0),
(428,'10A729',1,1,2,6,'7','','6','8','10','','','5.5','6.8','','','','5.3','6.5',0),
(429,'10A730',1,1,2,6,'9','10','2','10','10','','','4.5','7','','','','4.5','6.5',0),
(430,'10A731',1,1,2,6,'7','','1','4','10','','','5.5','7','','','','2','4.8',0),
(431,'10A732',1,1,2,6,'9','10','7','7','10','','','6.8','7.5','','','','6.8','7.8',0),
(432,'10A733',1,1,2,6,'7','','4','7','9','','','5.8','8.5','','','','7.8','7.2',0),
(433,'10A734',1,1,2,6,'8','','9','7','10','','','8','8.5','','','','6.5','7.9',0),
(434,'10A735',1,1,2,6,'8','','4','8','10','','','5','8.3','','','','5.1','6.5',0),
(435,'10A736',1,1,2,6,'8','','7','7','10','','','5','7','','','','7','7',0),
(436,'10A737',1,1,2,6,'7','','4','6','8','','','7.5','7','','','','6','6.5',0),
(437,'10A738',1,1,2,6,'8','8','8','5','10','','','4','7','','','','3','5.8',0),
(438,'10A739',1,1,2,6,'6','','7','4','8','','','3','4','','','','3.3','4.4',0),
(439,'10A740',1,1,1,6,'7','','7','2','9','','','5','7','','','','3','5.3',0),
(440,'10A740',1,1,2,6,'7','','7','2','9','','','5','7','','','','3','5.3',0),
(441,'10A701',1,1,1,7,'6','9','6','7','','','','6','','','','','5.8','6.4',0),
(442,'10A702',1,1,1,7,'8','','8','7','','','','3.3','','','','','2.8','4.8',0),
(443,'10A703',1,1,1,7,'8','','6','7','','','','4','','','','','7.8','6.6',0),
(444,'10A704',1,1,1,7,'5','7','5','6','','','','5','','','','','2','4.3',0),
(445,'10A705',1,1,1,7,'7','','8','6','','','','2.3','','','','','5.5','5.3',0),
(446,'10A706',1,1,1,7,'5','','7','4','','','','6.3','','','','','2','4.3',0),
(447,'10A707',1,1,1,7,'8','','5','7','','','','6.5','','','','','0','4.1',0),
(448,'10A708',1,1,1,7,'6','','6','7','','','','5.8','','','','','3.5','5.1',0),
(449,'10A709',1,1,1,7,'6','','5','6','','','','5','','','','','6','5.6',0),
(450,'10A710',1,1,1,7,'8','','6','3','','','','3.5','','','','','3.8','4.4',0),
(451,'10A711',1,1,1,7,'8','','6','5','','','','3.3','','','','','1.3','3.7',0),
(452,'10A712',1,1,1,7,'6','','7','6','','','','6.5','','','','','4.5','5.7',0),
(453,'10A713',1,1,1,7,'10','','7','9','','','','6','','','','','9.5','8.3',0),
(454,'10A714',1,1,1,7,'6','','5','6','','','','5','','','','','7.5','6.2',0),
(455,'10A715',1,1,1,7,'8','','5','7','','','','4.3','','','','','5','5.5',0),
(456,'10A716',1,1,1,7,'8','8','8','7','','','','6.5','','','','','6.3','7',0),
(457,'10A717',1,1,1,7,'8','','5','7','','','','8.8','','','','','3.8','6.1',0),
(458,'10A718',1,1,1,7,'8','','8','8','','','','6.5','','','','','6.8','7.2',0),
(459,'10A719',1,1,1,7,'8','','8','7','','','','6','','','','','5','6.3',0),
(460,'10A720',1,1,1,7,'7','','4','6','','','','3.8','','','','','3.8','4.5',0),
(461,'10A721',1,1,1,7,'9','','7','7','','','','7.5','','','','','5.8','6.9',0),
(462,'10A722',1,1,1,7,'7','','8','7','','','','8','','','','','7.5','7.6',0),
(463,'10A723',1,1,1,7,'7','','5','4','','','','4.3','','','','','7.5','5.9',0),
(464,'10A724',1,1,1,7,'6','','5','4','','','','3','','','','','6.5','5.1',0),
(465,'10A725',1,1,1,7,'7','','5','7','','','','6.5','','','','','7','6.6',0),
(466,'10A726',1,1,1,7,'5','','8','6','','','','6.5','','','','','4.5','5.7',0),
(467,'10A727',1,1,1,7,'8','','7','6','','','','7.3','','','','','1','4.8',0),
(468,'10A728',1,1,1,7,'7','','8','7','','','','8','','','','','4.8','6.6',0),
(469,'10A729',1,1,1,7,'8','','6','7','','','','3','','','','','3','4.5',0),
(470,'10A730',1,1,1,7,'7','','7','9','','','','8.3','','','','','4.3','6.6',0),
(471,'10A731',1,1,1,7,'7','','6','7','','','','4.8','','','','','3.8','5.1',0),
(472,'10A732',1,1,1,7,'7','','8','8','','','','8.3','','','','','7.8','7.9',0),
(473,'10A733',1,1,1,7,'8','','6','8','','','','6.5','','','','','7.3','7.1',0),
(474,'10A734',1,1,1,7,'9','','8','7','','','','9','','','','','8.5','8.4',0),
(475,'10A735',1,1,1,7,'8','','7','8','','','','8.5','','','','','5.5','7.1',0),
(476,'10A736',1,1,1,7,'8','','7','6','','','','6.3','','','','','4','5.7',0),
(477,'10A737',1,1,1,7,'8','','9','7','','','','7.5','','','','','2','5.6',0),
(478,'10A738',1,1,1,7,'7','','7','7','','','','3.8','','','','','3','4.7',0),
(479,'10A739',1,1,1,7,'5','','4','7','','','','7.3','','','','','2','4.6',0),
(480,'10A740',1,1,1,7,'0','','5','5','','','','4','','','','','2.5','3.2',0),
(481,'10A701',1,1,2,7,'6','9','6','7','','','','6','','','','','5.8','6.4',0),
(482,'10A702',1,1,2,7,'8','','8','7','','','','3.3','','','','','2.8','4.8',0),
(483,'10A703',1,1,2,7,'8','','6','7','','','','4','','','','','7.8','6.6',0),
(484,'10A704',1,1,2,7,'5','7','5','6','','','','5','','','','','2','4.3',0),
(485,'10A705',1,1,2,7,'7','','8','6','','','','2.3','','','','','5.5','5.3',0),
(486,'10A706',1,1,2,7,'5','','7','4','','','','6.3','','','','','2','4.3',0),
(487,'10A707',1,1,2,7,'8','','5','7','','','','6.5','','','','','0','4.1',0),
(488,'10A708',1,1,2,7,'6','','6','7','','','','5.8','','','','','3.5','5.1',0),
(489,'10A709',1,1,2,7,'6','','5','6','','','','5','','','','','6','5.6',0),
(490,'10A710',1,1,2,7,'8','','6','3','','','','3.5','','','','','3.8','4.4',0),
(491,'10A711',1,1,2,7,'8','','6','5','','','','3.3','','','','','1.3','3.7',0),
(492,'10A712',1,1,2,7,'6','','7','6','','','','6.5','','','','','4.5','5.7',0),
(493,'10A713',1,1,2,7,'10','','7','9','','','','6','','','','','9.5','8.3',0),
(494,'10A714',1,1,2,7,'6','','5','6','','','','5','','','','','7.5','6.2',0),
(495,'10A715',1,1,2,7,'8','','5','7','','','','4.3','','','','','5','5.5',0),
(496,'10A716',1,1,2,7,'8','8','8','7','','','','6.5','','','','','6.3','7',0),
(497,'10A717',1,1,2,7,'8','','5','7','','','','8.8','','','','','3.8','6.1',0),
(498,'10A718',1,1,2,7,'8','','8','8','','','','6.5','','','','','6.8','7.2',0),
(499,'10A719',1,1,2,7,'8','','8','7','','','','6','','','','','5','6.3',0),
(500,'10A720',1,1,2,7,'7','','4','6','','','','3.8','','','','','3.8','4.5',0),
(501,'10A721',1,1,2,7,'9','','7','7','','','','7.5','','','','','5.8','6.9',0),
(502,'10A722',1,1,2,7,'7','','8','7','','','','8','','','','','7.5','7.6',0),
(503,'10A723',1,1,2,7,'7','','5','4','','','','4.3','','','','','7.5','5.9',0),
(504,'10A724',1,1,2,7,'6','','5','4','','','','3','','','','','6.5','5.1',0),
(505,'10A725',1,1,2,7,'7','','5','7','','','','6.5','','','','','7','6.6',0),
(506,'10A726',1,1,2,7,'5','','8','6','','','','6.5','','','','','4.5','5.7',0),
(507,'10A727',1,1,2,7,'8','','7','6','','','','7.3','','','','','1','4.8',0),
(508,'10A728',1,1,2,7,'7','','8','7','','','','8','','','','','4.8','6.6',0),
(509,'10A729',1,1,2,7,'8','','6','7','','','','3','','','','','3','4.5',0),
(510,'10A730',1,1,2,7,'7','','7','9','','','','8.3','','','','','4.3','6.6',0),
(511,'10A731',1,1,2,7,'7','','6','7','','','','4.8','','','','','3.8','5.1',0),
(512,'10A732',1,1,2,7,'7','','8','8','','','','8.3','','','','','7.8','7.9',0),
(513,'10A733',1,1,2,7,'8','','6','8','','','','6.5','','','','','7.3','7.1',0),
(514,'10A734',1,1,2,7,'9','','8','7','','','','9','','','','','8.5','8.4',0),
(515,'10A735',1,1,2,7,'8','','7','8','','','','8.5','','','','','5.5','7.1',0),
(516,'10A736',1,1,2,7,'8','','7','6','','','','6.3','','','','','4','5.7',0),
(517,'10A737',1,1,2,7,'8','','9','7','','','','7.5','','','','','2','5.6',0),
(518,'10A738',1,1,2,7,'7','','7','7','','','','3.8','','','','','3','4.7',0),
(519,'10A739',1,1,2,7,'5','','4','7','','','','7.3','','','','','2','4.6',0),
(520,'10A740',1,1,2,7,'0','','5','5','','','','4','','','','','2.5','3.2',0),
(521,'10A701',1,1,2,8,'5','9','6','9','','','','3.8','','','','','8.3','6.8',0),
(522,'10A702',1,1,2,8,'7','','4','4','','','','5','','','','','7','5.8',0),
(523,'10A703',1,1,2,8,'5','','7','6','','','','5.8','','','','','9','7.1',0),
(524,'10A704',1,1,2,8,'7','','0','8','','','','5.5','','','','','6','5.5',0),
(525,'10A705',1,1,2,8,'5','','9','7','','','','9','','','','','7.3','7.6',0),
(526,'10A706',1,1,2,8,'5','','7','8','','','','5.5','','','','','5','5.8',0),
(527,'10A707',1,1,2,8,'9','','7','7','','','','5','','','','','7.8','7.1',0),
(528,'10A708',1,1,2,8,'7','','9','8','','','','6.5','','','','','7.5','7.4',0),
(529,'10A709',1,1,2,8,'8','','6','7','','','','8.3','','','','','6.8','7.3',0),
(530,'10A710',1,1,2,8,'4','','7','7','','','','5','','','','','5','5.4',0),
(531,'10A711',1,1,2,8,'4','','6','9','','','','1.5','','','','','5','4.6',0),
(532,'10A712',1,1,2,8,'5','6','7','8','','','','3.8','','','','','8.3','6.5',0),
(533,'10A713',1,1,2,8,'8','','9','9','','','','8','','','','','7','7.9',0),
(534,'10A714',1,1,2,8,'6','','8','8','','','','8.8','','','','','8.5','8.1',0),
(535,'10A715',1,1,2,8,'6','','3','5','','','','4.8','','','','','6.5','5.4',0),
(536,'10A716',1,1,2,8,'7','','5','8','','','','6.8','','','','','7.3','6.9',0),
(537,'10A717',1,1,2,8,'5','','8','6','','','','8.8','','','','','7.8','7.5',0),
(538,'10A718',1,1,2,8,'7','','7','8','','','','7.3','','','','','5.3','6.6',0),
(539,'10A719',1,1,2,8,'8','','7','7','','','','3.5','','','','','4.3','5.2',0),
(540,'10A720',1,1,2,8,'8','','7','7','','','','5.5','','','','','5.8','6.3',0),
(541,'10A721',1,1,2,8,'7','','6','4','','','','7','','','','','7.8','6.8',0),
(542,'10A722',1,1,2,8,'8','','9','6','','','','9','','','','','5.8','7.3',0),
(543,'10A723',1,1,2,8,'5','','8','7','','','','6.3','','','','','5.5','6.1',0),
(544,'10A724',1,1,2,8,'5','','8','7','','','','4','','','','','7.5','6.3',0),
(545,'10A725',1,1,2,8,'6','','5','8','','','','6','','','','','7.5','6.7',0),
(546,'10A726',1,1,2,8,'5','','4','7','','','','7.5','','','','','5','5.8',0),
(547,'10A727',1,1,2,8,'7','','3','7','','','','5.8','','','','','4.3','5.2',0),
(548,'10A728',1,1,2,8,'7','','5','4','','','','4.5','','','','','6.3','5.5',0),
(549,'10A729',1,1,2,8,'7','','8','9','','','','4.5','','','','','5.3','6.1',0),
(550,'10A730',1,1,2,8,'7','','8','7','','','','7','','','','','6','6.8',0),
(551,'10A731',1,1,2,8,'0','6','8','9','','','','4','','','','','3.8','4.7',0),
(552,'10A732',1,1,2,8,'7','','7','9','','','','7.3','','','','','8','7.7',0),
(553,'10A733',1,1,2,8,'6','','4','7','','','','7','','','','','6','6.1',0),
(554,'10A734',1,1,2,8,'8','','9','7','','','','6.3','','','','','8.8','7.9',0),
(555,'10A735',1,1,2,8,'8','','8','8','','','','4.3','','','','','6.8','6.6',0),
(556,'10A736',1,1,2,8,'7','','4','10','','','','5.8','','','','','4','5.6',0),
(557,'10A737',1,1,2,8,'4','','7','8','','','','6.5','','','','','6.3','6.4',0),
(558,'10A738',1,1,2,8,'8','','5','7','','','','4.5','','','','','4.5','5.3',0),
(559,'10A739',1,1,2,8,'4','','4','7','','','','5','','','','','6.3','5.5',0),
(560,'10A740',1,1,2,8,'4','','3','5','','','','1','','','','','7','4.4',0),
(561,'10A701',1,1,1,8,'5','9','6','9','','','','3.8','','','','','8.3','6.8',0),
(562,'10A702',1,1,1,8,'7','','4','4','','','','5','','','','','7','5.8',0),
(563,'10A703',1,1,1,8,'5','','7','6','','','','5.8','','','','','9','7.1',0),
(564,'10A704',1,1,1,8,'7','','0','8','','','','5.5','','','','','6','5.5',0),
(565,'10A705',1,1,1,8,'5','','9','7','','','','9','','','','','7.3','7.6',0),
(566,'10A706',1,1,1,8,'5','','7','8','','','','5.5','','','','','5','5.8',0),
(567,'10A707',1,1,1,8,'9','','7','7','','','','5','','','','','7.8','7.1',0),
(568,'10A708',1,1,1,8,'7','','9','8','','','','6.5','','','','','7.5','7.4',0),
(569,'10A709',1,1,1,8,'8','','6','7','','','','8.3','','','','','6.8','7.3',0),
(570,'10A710',1,1,1,8,'4','','7','7','','','','5','','','','','5','5.4',0),
(571,'10A711',1,1,1,8,'4','','6','9','','','','1.5','','','','','5','4.6',0),
(572,'10A712',1,1,1,8,'5','6','7','8','','','','3.8','','','','','8.3','6.5',0),
(573,'10A713',1,1,1,8,'8','','9','9','','','','8','','','','','7','7.9',0),
(574,'10A714',1,1,1,8,'6','','8','8','','','','8.8','','','','','8.5','8.1',0),
(575,'10A715',1,1,1,8,'6','','3','5','','','','4.8','','','','','6.5','5.4',0),
(576,'10A716',1,1,1,8,'7','','5','8','','','','6.8','','','','','7.3','6.9',0),
(577,'10A717',1,1,1,8,'5','','8','6','','','','8.8','','','','','7.8','7.5',0),
(578,'10A718',1,1,1,8,'7','','7','8','','','','7.3','','','','','5.3','6.6',0),
(579,'10A719',1,1,1,8,'8','','7','7','','','','3.5','','','','','4.3','5.2',0),
(580,'10A720',1,1,1,8,'8','','7','7','','','','5.5','','','','','5.8','6.3',0),
(581,'10A721',1,1,1,8,'7','','6','4','','','','7','','','','','7.8','6.8',0),
(582,'10A722',1,1,1,8,'8','','9','6','','','','9','','','','','5.8','7.3',0),
(583,'10A723',1,1,1,8,'5','','8','7','','','','6.3','','','','','5.5','6.1',0),
(584,'10A724',1,1,1,8,'5','','8','7','','','','4','','','','','7.5','6.3',0),
(585,'10A725',1,1,1,8,'6','','5','8','','','','6','','','','','7.5','6.7',0),
(586,'10A726',1,1,1,8,'5','','4','7','','','','7.5','','','','','5','5.8',0),
(587,'10A727',1,1,1,8,'7','','3','7','','','','5.8','','','','','4.3','5.2',0),
(588,'10A728',1,1,1,8,'7','','5','4','','','','4.5','','','','','6.3','5.5',0),
(589,'10A729',1,1,1,8,'7','','8','9','','','','4.5','','','','','5.3','6.1',0),
(590,'10A730',1,1,1,8,'7','','8','7','','','','7','','','','','6','6.8',0),
(591,'10A731',1,1,1,8,'0','6','8','9','','','','4','','','','','3.8','4.7',0),
(592,'10A732',1,1,1,8,'7','','7','9','','','','7.3','','','','','8','7.7',0),
(593,'10A733',1,1,1,8,'6','','4','7','','','','7','','','','','6','6.1',0),
(594,'10A734',1,1,1,8,'8','','9','7','','','','6.3','','','','','8.8','7.9',0),
(595,'10A735',1,1,1,8,'8','','8','8','','','','4.3','','','','','6.8','6.6',0),
(596,'10A736',1,1,1,8,'7','','4','10','','','','5.8','','','','','4','5.6',0),
(597,'10A737',1,1,1,8,'4','','7','8','','','','6.5','','','','','6.3','6.4',0),
(598,'10A738',1,1,1,8,'8','','5','7','','','','4.5','','','','','4.5','5.3',0),
(599,'10A739',1,1,1,8,'4','','4','7','','','','5','','','','','6.3','5.5',0),
(600,'10A740',1,1,1,8,'4','','3','5','','','','1','','','','','7','4.4',0),
(601,'10A701',1,1,1,9,'10','','9','10','8','','','6.1','8.3','','','','8.5','8.3',0),
(602,'10A702',1,1,1,9,'5','','5','10','8','','','8.1','4','','','','3.8','5.8',0),
(603,'10A703',1,1,1,9,'0','','7','7','7','','','5.8','4.3','','','','5','5.1',0),
(604,'10A704',1,1,1,9,'7','','7','7','8','','','5','2.8','','','','3.3','5',0),
(605,'10A705',1,1,1,9,'10','','7','10','6','','','8.1','8','','','','8.3','8.2',0),
(606,'10A706',1,1,1,9,'7','','6','9','8','','','3','6.8','','','','3.8','5.5',0),
(607,'10A707',1,1,1,9,'0','','5','9','6','','','5','6.5','','','','6.8','5.8',0),
(608,'10A708',1,1,1,9,'2','8','7','5','6','','','6.4','5','','','','5.8','5.7',0),
(609,'10A709',1,1,1,9,'0','','6','8','6','','','5.6','5.5','','','','3.5','4.8',0),
(610,'10A710',1,1,1,9,'6','','6','9','7','','','6.2','2.5','','','','4','5.2',0),
(611,'10A711',1,1,1,9,'5','','6','6','7','','','5','3.8','','','','4.8','5.1',0),
(612,'10A712',1,1,1,9,'5','9','6','2','6','','','3','3.8','','','','8.3','5.5',0),
(613,'10A713',1,1,1,9,'8','','8','10','7','','','6.6','7.8','','','','8.8','8',0),
(614,'10A714',1,1,1,9,'6','','9','5','6','','','5','6.8','','','','5.3','6',0),
(615,'10A715',1,1,1,9,'3','','3','5','0','','','3.1','2','','','','3.8','3',0),
(616,'10A716',1,1,1,9,'0','8','5','7','7','','','5.9','6','','','','6.5','5.9',0),
(617,'10A717',1,1,1,9,'5','','3','10','7','','','5','5.8','','','','5.8','5.8',0),
(618,'10A718',1,1,1,9,'5','','8','6','9','','','5.8','4.5','','','','5.3','5.9',0),
(619,'10A719',1,1,1,9,'6','','4','9','6','','','3.5','8','','','','5','5.7',0),
(620,'10A720',1,1,1,9,'1','8','6','3','6','','','5.1','5.8','','','','5.5','5.2',0),
(621,'10A721',1,1,1,9,'5','10','8','10','7','','','9','5','','','','7.3','7.5',0),
(622,'10A722',1,1,1,9,'10','','7','5','7','','','5','8','','','','6.8','6.9',0),
(623,'10A723',1,1,1,9,'7','','7','8','7','','','5.3','6.8','','','','8','7',0),
(624,'10A724',1,1,1,9,'0','','9','5','0','','','5','4.5','','','','8.5','5.3',0),
(625,'10A725',1,1,1,9,'9','','7','10','7','','','5.6','6.5','','','','6.3','6.9',0),
(626,'10A726',1,1,1,9,'8','','1','10','8','','','6','5.5','','','','5','5.9',0),
(627,'10A727',1,1,1,9,'8','','5','5','7','','','5','4','','','','3.3','4.8',0),
(628,'10A728',1,1,1,9,'7','','1','10','7','','','4.5','4.3','','','','7.3','5.9',0),
(629,'10A729',1,1,1,9,'7','','6','9','7','','','4','5.3','','','','4.5','5.6',0),
(630,'10A730',1,1,1,9,'9','','10','10','8','','','7.6','8.3','','','','9.5','8.8',0),
(631,'10A731',1,1,1,9,'5','','4','6','7','','','4','4','','','','7.8','5.6',0),
(632,'10A732',1,1,1,9,'8','','9','10','8','','','6.9','8.5','','','','9.5','8.6',0),
(633,'10A733',1,1,1,9,'3','','7','10','6','','','5.6','2.8','','','','0.8','4.1',0),
(634,'10A734',1,1,1,9,'9','','10','10','9','','','9.4','8.8','','','','9.8','9.4',0),
(635,'10A735',1,1,1,9,'9','9','7','9','8','','','6.3','5.5','','','','7.5','7.3',0),
(636,'10A736',1,1,1,9,'4','','9','10','6','','','5.8','6.8','','','','8.3','7.2',0),
(637,'10A737',1,1,1,9,'7','','3','2','6','','','4','6','','','','6.8','5.3',0),
(638,'10A738',1,1,1,9,'6','','9','9','6','','','4.4','5.5','','','','4.5','5.8',0),
(639,'10A739',1,1,1,9,'2','','5','9','5','','','4.2','4.5','','','','3.3','4.4',0),
(640,'10A740',1,1,1,9,'6','','3','2','6','','','5.1','4.5','','','','3','4.1',0),
(641,'10A701',1,1,2,9,'10','','9','10','8','','','6.1','8.3','','','','8.5','8.3',0),
(642,'10A702',1,1,2,9,'5','','5','10','8','','','8.1','4','','','','3.8','5.8',0),
(643,'10A703',1,1,2,9,'0','','7','7','7','','','5.8','4.3','','','','5','5.1',0),
(644,'10A704',1,1,2,9,'7','','7','7','8','','','5','2.8','','','','3.3','5',0),
(645,'10A705',1,1,2,9,'10','','7','10','6','','','8.1','8','','','','8.3','8.2',0),
(646,'10A706',1,1,2,9,'7','','6','9','8','','','3','6.8','','','','3.8','5.5',0),
(647,'10A707',1,1,2,9,'0','','5','9','6','','','5','6.5','','','','6.8','5.8',0),
(648,'10A708',1,1,2,9,'2','8','7','5','6','','','6.4','5','','','','5.8','5.7',0),
(649,'10A709',1,1,2,9,'0','','6','8','6','','','5.6','5.5','','','','3.5','4.8',0),
(650,'10A710',1,1,2,9,'6','','6','9','7','','','6.2','2.5','','','','4','5.2',0),
(651,'10A711',1,1,2,9,'5','','6','6','7','','','5','3.8','','','','4.8','5.1',0),
(652,'10A712',1,1,2,9,'5','9','6','2','6','','','3','3.8','','','','8.3','5.5',0),
(653,'10A713',1,1,2,9,'8','','8','10','7','','','6.6','7.8','','','','8.8','8',0),
(654,'10A714',1,1,2,9,'6','','9','5','6','','','5','6.8','','','','5.3','6',0),
(655,'10A715',1,1,2,9,'3','','3','5','0','','','3.1','2','','','','3.8','3',0),
(656,'10A716',1,1,2,9,'0','8','5','7','7','','','5.9','6','','','','6.5','5.9',0),
(657,'10A717',1,1,2,9,'5','','3','10','7','','','5','5.8','','','','5.8','5.8',0),
(658,'10A718',1,1,2,9,'5','','8','6','9','','','5.8','4.5','','','','5.3','5.9',0),
(659,'10A719',1,1,2,9,'6','','4','9','6','','','3.5','8','','','','5','5.7',0),
(660,'10A720',1,1,2,9,'1','8','6','3','6','','','5.1','5.8','','','','5.5','5.2',0),
(661,'10A721',1,1,2,9,'5','10','8','10','7','','','9','5','','','','7.3','7.5',0),
(662,'10A722',1,1,2,9,'10','','7','5','7','','','5','8','','','','6.8','6.9',0),
(663,'10A723',1,1,2,9,'7','','7','8','7','','','5.3','6.8','','','','8','7',0),
(664,'10A724',1,1,2,9,'0','','9','5','0','','','5','4.5','','','','8.5','5.3',0),
(665,'10A725',1,1,2,9,'9','','7','10','7','','','5.6','6.5','','','','6.3','6.9',0),
(666,'10A726',1,1,2,9,'8','','1','10','8','','','6','5.5','','','','5','5.9',0),
(667,'10A727',1,1,2,9,'8','','5','5','7','','','5','4','','','','3.3','4.8',0),
(668,'10A728',1,1,2,9,'7','','1','10','7','','','4.5','4.3','','','','7.3','5.9',0),
(669,'10A729',1,1,2,9,'7','','6','9','7','','','4','5.3','','','','4.5','5.6',0),
(670,'10A730',1,1,2,9,'9','','10','10','8','','','7.6','8.3','','','','9.5','8.8',0),
(671,'10A731',1,1,2,9,'5','','4','6','7','','','4','4','','','','7.8','5.6',0),
(672,'10A732',1,1,2,9,'8','','9','10','8','','','6.9','8.5','','','','9.5','8.6',0),
(673,'10A733',1,1,2,9,'3','','7','10','6','','','5.6','2.8','','','','0.8','4.1',0),
(674,'10A734',1,1,2,9,'9','','10','10','9','','','9.4','8.8','','','','9.8','9.4',0),
(675,'10A735',1,1,2,9,'9','9','7','9','8','','','6.3','5.5','','','','7.5','7.3',0),
(676,'10A736',1,1,2,9,'4','','9','10','6','','','5.8','6.8','','','','8.3','7.2',0),
(677,'10A737',1,1,2,9,'7','','3','2','6','','','4','6','','','','6.8','5.3',0),
(678,'10A738',1,1,2,9,'6','','9','9','6','','','4.4','5.5','','','','4.5','5.8',0),
(679,'10A739',1,1,2,9,'2','','5','9','5','','','4.2','4.5','','','','3.3','4.4',0),
(680,'10A740',1,1,2,9,'6','','3','2','6','','','5.1','4.5','','','','3','4.1',0),
(681,'10A701',1,1,2,10,'7','','9','8','','','','8.8','','','','','7.5','8',0),
(682,'10A702',1,1,2,10,'6','','8','7','','','','7.8','','','','','4.5','6.3',0),
(683,'10A703',1,1,2,10,'5','','8','2','','','','7.8','','','','','5.5','5.9',0),
(684,'10A704',1,1,2,10,'7','','7','7','','','','7.5','','','','','5.5','6.6',0),
(685,'10A705',1,1,2,10,'7','','5','4','','','','5.8','','','','','7.5','6.3',0),
(686,'10A706',1,1,2,10,'7','','6','4','','','','5','','','','','6.5','5.8',0),
(687,'10A707',1,1,2,10,'2','','1','4','','','','8','','','','','9','6.3',0),
(688,'10A708',1,1,2,10,'8','','8','8','','','','8.8','','','','','5.5','7.3',0),
(689,'10A709',1,1,2,10,'7','','6','7','','','','7','','','','','4.5','5.9',0),
(690,'10A710',1,1,2,10,'7','','7','8','','','','6.8','','','','','7.5','7.3',0),
(691,'10A711',1,1,2,10,'8','3','5','5','','','','5.5','','','','','6.5','5.7',0),
(692,'10A712',1,1,2,10,'6','7','7','5','','','','8.3','','','','','5','6.3',0),
(693,'10A713',1,1,2,10,'8','','7','9','','','','5.8','','','','','8.5','7.6',0),
(694,'10A714',1,1,2,10,'7','','7','8','','','','8.8','','','','','9','8.3',0),
(695,'10A715',1,1,2,10,'0','6','4','5','','','','6.3','','','','','9','6.1',0),
(696,'10A716',1,1,2,10,'8','','2','4','','','','6.5','','','','','7.5','6.2',0),
(697,'10A717',1,1,2,10,'7','','7','8','','','','7.8','','','','','8','7.7',0),
(698,'10A718',1,1,2,10,'7','','6','9','','','','8','','','','','7','7.4',0),
(699,'10A719',1,1,2,10,'7','','5','5','','','','7','','','','','7','6.5',0),
(700,'10A720',1,1,2,10,'8','','5','6','','','','8.3','','','','','7.5','7.3',0),
(701,'10A721',1,1,2,10,'7','','7','8','','','','7','','','','','8','7.5',0),
(702,'10A722',1,1,2,10,'7','','8','7','','','','7.5','','','','','8','7.6',0),
(703,'10A723',1,1,2,10,'6','','6','9','','','','7.8','','','','','7','7.2',0),
(704,'10A724',1,1,2,10,'7','','6','6','','','','8.8','','','','','7.5','7.4',0),
(705,'10A725',1,1,2,10,'7','','6','6','','','','8.8','','','','','6.5','7',0),
(706,'10A726',1,1,2,10,'5','','5','5','','','','7.5','','','','','7.5','6.6',0),
(707,'10A727',1,1,2,10,'7','','8','2','','','','7','','','','','6.5','6.3',0),
(708,'10A728',1,1,2,10,'7','','8','9','','','','9','','','','','7.5','8.1',0),
(709,'10A729',1,1,2,10,'7','','5','6','','','','6.3','','','','','7.5','6.6',0),
(710,'10A730',1,1,2,10,'7','','3','6','','','','7.8','','','','','7.5','6.8',0),
(711,'10A731',1,1,2,10,'6','','6','7','','','','6','','','','','5','5.8',0),
(712,'10A732',1,1,2,10,'8','','5','8','','','','8.3','','','','','8','7.7',0),
(713,'10A733',1,1,2,10,'8','7','7','7','','','','9','','','','','9.5','8.4',0),
(714,'10A734',1,1,2,10,'8','','8','8','','','','8.5','','','','','9','8.5',0),
(715,'10A735',1,1,2,10,'8','','7','8','','','','7','','','','','6','6.9',0),
(716,'10A736',1,1,2,10,'8','','5','4','','','','9.3','','','','','7','7.1',0),
(717,'10A737',1,1,2,10,'8','','9','8','','','','8','','','','','8','8.1',0),
(718,'10A738',1,1,2,10,'8','','1','8','','','','7.8','','','','','4.5','5.8',0),
(719,'10A739',1,1,2,10,'6','','1','7','','','','6.5','','','','','7','6',0),
(720,'10A740',1,1,2,10,'6','','1','2','','','','4.3','','','','','6','4.5',0),
(721,'10A701',1,1,1,10,'7','','9','8','','','','8.8','','','','','7.5','8',0),
(722,'10A702',1,1,1,10,'6','','8','7','','','','7.8','','','','','4.5','6.3',0),
(723,'10A703',1,1,1,10,'5','','8','2','','','','7.8','','','','','5.5','5.9',0),
(724,'10A704',1,1,1,10,'7','','7','7','','','','7.5','','','','','5.5','6.6',0),
(725,'10A705',1,1,1,10,'7','','5','4','','','','5.8','','','','','7.5','6.3',0),
(726,'10A706',1,1,1,10,'7','','6','4','','','','5','','','','','6.5','5.8',0),
(727,'10A707',1,1,1,10,'2','','1','4','','','','8','','','','','9','6.3',0),
(728,'10A708',1,1,1,10,'8','','8','8','','','','8.8','','','','','5.5','7.3',0),
(729,'10A709',1,1,1,10,'7','','6','7','','','','7','','','','','4.5','5.9',0),
(730,'10A710',1,1,1,10,'7','','7','8','','','','6.8','','','','','7.5','7.3',0),
(731,'10A711',1,1,1,10,'8','3','5','5','','','','5.5','','','','','6.5','5.7',0),
(732,'10A712',1,1,1,10,'6','7','7','5','','','','8.3','','','','','5','6.3',0),
(733,'10A713',1,1,1,10,'8','','7','9','','','','5.8','','','','','8.5','7.6',0),
(734,'10A714',1,1,1,10,'7','','7','8','','','','8.8','','','','','9','8.3',0),
(735,'10A715',1,1,1,10,'0','6','4','5','','','','6.3','','','','','9','6.1',0),
(736,'10A716',1,1,1,10,'8','','2','4','','','','6.5','','','','','7.5','6.2',0),
(737,'10A717',1,1,1,10,'7','','7','8','','','','7.8','','','','','8','7.7',0),
(738,'10A718',1,1,1,10,'7','','6','9','','','','8','','','','','7','7.4',0),
(739,'10A719',1,1,1,10,'7','','5','5','','','','7','','','','','7','6.5',0),
(740,'10A720',1,1,1,10,'8','','5','6','','','','8.3','','','','','7.5','7.3',0),
(741,'10A721',1,1,1,10,'7','','7','8','','','','7','','','','','8','7.5',0),
(742,'10A722',1,1,1,10,'7','','8','7','','','','7.5','','','','','8','7.6',0),
(743,'10A723',1,1,1,10,'6','','6','9','','','','7.8','','','','','7','7.2',0),
(744,'10A724',1,1,1,10,'7','','6','6','','','','8.8','','','','','7.5','7.4',0),
(745,'10A725',1,1,1,10,'7','','6','6','','','','8.8','','','','','6.5','7',0),
(746,'10A726',1,1,1,10,'5','','5','5','','','','7.5','','','','','7.5','6.6',0),
(747,'10A727',1,1,1,10,'7','','8','2','','','','7','','','','','6.5','6.3',0),
(748,'10A728',1,1,1,10,'7','','8','9','','','','9','','','','','7.5','8.1',0),
(749,'10A729',1,1,1,10,'7','','5','6','','','','6.3','','','','','7.5','6.6',0),
(750,'10A730',1,1,1,10,'7','','3','6','','','','7.8','','','','','7.5','6.8',0),
(751,'10A731',1,1,1,10,'6','','6','7','','','','6','','','','','5','5.8',0),
(752,'10A732',1,1,1,10,'8','','5','8','','','','8.3','','','','','8','7.7',0),
(753,'10A733',1,1,1,10,'8','7','7','7','','','','9','','','','','9.5','8.4',0),
(754,'10A734',1,1,1,10,'8','','8','8','','','','8.5','','','','','9','8.5',0),
(755,'10A735',1,1,1,10,'8','','7','8','','','','7','','','','','6','6.9',0),
(756,'10A736',1,1,1,10,'8','','5','4','','','','9.3','','','','','7','7.1',0),
(757,'10A737',1,1,1,10,'8','','9','8','','','','8','','','','','8','8.1',0),
(758,'10A738',1,1,1,10,'8','','1','8','','','','7.8','','','','','4.5','5.8',0),
(759,'10A739',1,1,1,10,'6','','1','7','','','','6.5','','','','','7','6',0),
(760,'10A740',1,1,1,10,'6','','1','2','','','','4.3','','','','','6','4.5',0),
(761,'10A701',1,1,1,11,'6','','7','8','','','','9','','','','','7.5','7.7',0),
(762,'10A702',1,1,1,11,'4','','7','6','','','','9.5','','','','','0','4.5',0),
(763,'10A703',1,1,1,11,'7','9','9','5','','','','9.5','','','','','8.5','8.3',0),
(764,'10A704',1,1,1,11,'3','','4','2','','','','7.5','','','','','6','5.3',0),
(765,'10A705',1,1,1,11,'8','','4','5','','','','5','','','','','7','6',0),
(766,'10A706',1,1,1,11,'6','','7','5','','','','7','','','','','7','6.6',0),
(767,'10A707',1,1,1,11,'4','','7','9','','','','5','','','','','9','7.1',0),
(768,'10A708',1,1,1,11,'9','','5','9','','','','8','','','','','9.5','8.4',0),
(769,'10A709',1,1,1,11,'3','','2','5','','','','8','','','','','6.5','5.7',0),
(770,'10A710',1,1,1,11,'4','','7','3','','','','7','','','','','5','5.4',0),
(771,'10A711',1,1,1,11,'8','','6','2','','','','7','','','','','6.5','6.2',0),
(772,'10A712',1,1,1,11,'9','','7','5','','','','6','','','','','8.5','7.3',0),
(773,'10A713',1,1,1,11,'7','','8','8','','','','9','','','','','10','8.9',0),
(774,'10A714',1,1,1,11,'5','','2','5','','','','8','','','','','6.5','5.9',0),
(775,'10A715',1,1,1,11,'2','','8','2','','','','8','','','','','0','3.5',0),
(776,'10A716',1,1,1,11,'9','','4','4','','','','8.5','','','','','9','7.6',0),
(777,'10A717',1,1,1,11,'4','','8','5','','','','7.5','','','','','5','5.9',0),
(778,'10A718',1,1,1,11,'8','','8','8','','','','8.5','','','','','10','8.9',0),
(779,'10A719',1,1,1,11,'7','','2','5','','','','9.5','','','','','8','7.1',0),
(780,'10A720',1,1,1,11,'2','7','4','4','','','','9','','','','','7.5','6.4',0),
(781,'10A721',1,1,1,11,'6','9','8','4','','','','9','','','','','8.5','7.8',0),
(782,'10A722',1,1,1,11,'9','','8','8','','','','9.5','','','','','0','5.5',0),
(783,'10A723',1,1,1,11,'7','','5','6','','','','8.5','','','','','9','7.8',0),
(784,'10A724',1,1,1,11,'2','4','6','6','','','','10','','','','','8','6.9',0),
(785,'10A725',1,1,1,11,'8','','4','3','','','','7.5','','','','','7.5','6.6',0),
(786,'10A726',1,1,1,11,'7','','5','7','','','','8.5','','','','','9','7.9',0),
(787,'10A727',1,1,1,11,'8','','5','5','','','','5.5','','','','','7.5','6.4',0),
(788,'10A728',1,1,1,11,'8','','8','4','','','','9','','','','','0','4.8',0),
(789,'10A729',1,1,1,11,'8','','2','5','','','','8','','','','','5.5','5.9',0),
(790,'10A730',1,1,1,11,'7','6','6','7','','','','5.5','','','','','8','6.8',0),
(791,'10A731',1,1,1,11,'4','8','2','8','','','','7.5','','','','','6.5','6.3',0),
(792,'10A732',1,1,1,11,'9','9','6','4','','','','9','','','','','10','8.4',0),
(793,'10A733',1,1,1,11,'6','','8','5','','','','9','','','','','9','8',0),
(794,'10A734',1,1,1,11,'8','','4','9','','','','9','','','','','10','8.6',0),
(795,'10A735',1,1,1,11,'8','10','9','5','','','','9','','','','','8','8.2',0),
(796,'10A736',1,1,1,11,'6','','6','4','','','','6.5','','','','','9.5','7.2',0),
(797,'10A737',1,1,1,11,'7','','4','6','','','','7','','','','','9','7.3',0),
(798,'10A738',1,1,1,11,'6','','6','8','','','','9.5','','','','','8','7.9',0),
(799,'10A739',1,1,1,11,'5','','2','2','','','','7','','','','','6.5','5.3',0),
(800,'10A740',1,1,1,11,'5','','2','5','','','','1.5','','','','','7.5','4.7',0),
(801,'10A701',1,1,2,11,'6','','7','8','','','','9','','','','','7.5','7.7',0),
(802,'10A702',1,1,2,11,'4','','7','6','','','','9.5','','','','','0','4.5',0),
(803,'10A703',1,1,2,11,'7','9','9','5','','','','9.5','','','','','8.5','8.3',0),
(804,'10A704',1,1,2,11,'3','','4','2','','','','7.5','','','','','6','5.3',0),
(805,'10A705',1,1,2,11,'8','','4','5','','','','5','','','','','7','6',0),
(806,'10A706',1,1,2,11,'6','','7','5','','','','7','','','','','7','6.6',0),
(807,'10A707',1,1,2,11,'4','','7','9','','','','5','','','','','9','7.1',0),
(808,'10A708',1,1,2,11,'9','','5','9','','','','8','','','','','9.5','8.4',0),
(809,'10A709',1,1,2,11,'3','','2','5','','','','8','','','','','6.5','5.7',0),
(810,'10A710',1,1,2,11,'4','','7','3','','','','7','','','','','5','5.4',0),
(811,'10A711',1,1,2,11,'8','','6','2','','','','7','','','','','6.5','6.2',0),
(812,'10A712',1,1,2,11,'9','','7','5','','','','6','','','','','8.5','7.3',0),
(813,'10A713',1,1,2,11,'7','','8','8','','','','9','','','','','10','8.9',0),
(814,'10A714',1,1,2,11,'5','','2','5','','','','8','','','','','6.5','5.9',0),
(815,'10A715',1,1,2,11,'2','','8','2','','','','8','','','','','0','3.5',0),
(816,'10A716',1,1,2,11,'9','','4','4','','','','8.5','','','','','9','7.6',0),
(817,'10A717',1,1,2,11,'4','','8','5','','','','7.5','','','','','5','5.9',0),
(818,'10A718',1,1,2,11,'8','','8','8','','','','8.5','','','','','10','8.9',0),
(819,'10A719',1,1,2,11,'7','','2','5','','','','9.5','','','','','8','7.1',0),
(820,'10A720',1,1,2,11,'2','7','4','4','','','','9','','','','','7.5','6.4',0),
(821,'10A721',1,1,2,11,'6','9','8','4','','','','9','','','','','8.5','7.8',0),
(822,'10A722',1,1,2,11,'9','','8','8','','','','9.5','','','','','0','5.5',0),
(823,'10A723',1,1,2,11,'7','','5','6','','','','8.5','','','','','9','7.8',0),
(824,'10A724',1,1,2,11,'2','4','6','6','','','','10','','','','','8','6.9',0),
(825,'10A725',1,1,2,11,'8','','4','3','','','','7.5','','','','','7.5','6.6',0),
(826,'10A726',1,1,2,11,'7','','5','7','','','','8.5','','','','','9','7.9',0),
(827,'10A727',1,1,2,11,'8','','5','5','','','','5.5','','','','','7.5','6.4',0),
(828,'10A728',1,1,2,11,'8','','8','4','','','','9','','','','','0','4.8',0),
(829,'10A729',1,1,2,11,'8','','2','5','','','','8','','','','','5.5','5.9',0),
(830,'10A730',1,1,2,11,'7','6','6','7','','','','5.5','','','','','8','6.8',0),
(831,'10A731',1,1,2,11,'4','8','2','8','','','','7.5','','','','','6.5','6.3',0),
(832,'10A732',1,1,2,11,'9','9','6','4','','','','9','','','','','10','8.4',0),
(833,'10A733',1,1,2,11,'6','','8','5','','','','9','','','','','9','8',0),
(834,'10A734',1,1,2,11,'8','','4','9','','','','9','','','','','10','8.6',0),
(835,'10A735',1,1,2,11,'8','10','9','5','','','','9','','','','','8','8.2',0),
(836,'10A736',1,1,2,11,'6','','6','4','','','','6.5','','','','','9.5','7.2',0),
(837,'10A737',1,1,2,11,'7','','4','6','','','','7','','','','','9','7.3',0),
(838,'10A738',1,1,2,11,'6','','6','8','','','','9.5','','','','','8','7.9',0),
(839,'10A739',1,1,2,11,'5','','2','2','','','','7','','','','','6.5','5.3',0),
(840,'10A740',1,1,2,11,'5','','2','5','','','','1.5','','','','','7.5','4.7',0),
(841,'10A701',1,1,2,12,'8','','8','9','','','','8','7','','','','9','8.2',0),
(842,'10A702',1,1,2,12,'7','','9','8','','','','8','7','','','','7','7.5',0),
(843,'10A703',1,1,2,12,'9','','8','9','','','','10','7','','','','8','8.4',0),
(844,'10A704',1,1,2,12,'8','','7','6','','','','8','6','','','','8','7.3',0),
(845,'10A705',1,1,2,12,'7','','9','2','','','','7','5','','','','7','6.3',0),
(846,'10A706',1,1,2,12,'9','','9','8','','','','10','7','','','','9','8.7',0),
(847,'10A707',1,1,2,12,'8','','9','10','','','','9','8','','','','8','8.5',0),
(848,'10A708',1,1,2,12,'9','','8','10','','','','9','8','','','','8','8.5',0),
(849,'10A709',1,1,2,12,'8','','8','7','','','','6','8','','','','9','7.8',0),
(850,'10A710',1,1,2,12,'8','','7','7','','','','9','7','','','','8','7.8',0),
(851,'10A711',1,1,2,12,'9','','8','10','','','','10','7','','','','8','8.5',0),
(852,'10A712',1,1,2,12,'10','','9','9','','','','10','8','','','','8','8.8',0),
(853,'10A713',1,1,2,12,'7','','8','8','','','','10','9','','','','9','8.8',0),
(854,'10A714',1,1,2,12,'8','','8','8','','','','7','7','','','','8','7.6',0),
(855,'10A715',1,1,2,12,'9','','8','2','','','','10','8','','','','8','7.9',0),
(856,'10A716',1,1,2,12,'9','','9','8','','','','7','9','','','','9','8.5',0),
(857,'10A717',1,1,2,12,'8','','7','6','','','','10','6','','','','7','7.4',0),
(858,'10A718',1,1,2,12,'9','','8','7','','','','9','7','','','','8','8',0),
(859,'10A719',1,1,2,12,'7','','7','8','','','','10','1','','','','7','6.5',0),
(860,'10A720',1,1,2,12,'4','','6','7','','','','5','7','','','','8','6.5',0),
(861,'10A721',1,1,2,12,'5','','7','8','','','','8','8','','','','8','7.6',0),
(862,'10A722',1,1,2,12,'9','','7','8','','','','10','7','','','','7','7.9',0),
(863,'10A723',1,1,2,12,'10','','9','8','','','','10','9','','','','10','9.5',0),
(864,'10A724',1,1,2,12,'8','','9','10','','','','10','7','','','','8','8.5',0),
(865,'10A725',1,1,2,12,'6','','8','7','','','','5','8','','','','7','6.8',0),
(866,'10A726',1,1,2,12,'8','','8','7','','','','9','9','','','','8','8.3',0),
(867,'10A727',1,1,2,12,'5','','8','7','','','','8','8','','','','8','7.6',0),
(868,'10A728',1,1,2,12,'5','','6','7','','','','5','7','','','','7','6.3',0),
(869,'10A729',1,1,2,12,'5','','6','7','','','','8','7','','','','8','7.2',0),
(870,'10A730',1,1,2,12,'8','','8','7','','','','9','7','','','','7','7.6',0),
(871,'10A731',1,1,2,12,'7','','8','1','','','','10','8','','','','7','7.3',0),
(872,'10A732',1,1,2,12,'10','','8','9','','','','8','8','','','','9','8.6',0),
(873,'10A733',1,1,2,12,'7','','7','9','','','','9','7','','','','7','7.6',0),
(874,'10A734',1,1,2,12,'9','','8','7','','','','9','7','','','','10','8.6',0),
(875,'10A735',1,1,2,12,'9','','7','7','','','','10','8','','','','7','8',0),
(876,'10A736',1,1,2,12,'8','','6','7','','','','8','7','','','','7','7.2',0),
(877,'10A737',1,1,2,12,'9','','8','10','','','','10','8','','','','9','9',0),
(878,'10A738',1,1,2,12,'6','','5','8','','','','5','8','','','','9','7.2',0),
(879,'10A739',1,1,2,12,'8','','8','9','','','','8','9','','','','8','8.3',0),
(880,'10A740',1,1,2,12,'7','','8','7','','','','8','9','','','','7','7.7',0),
(881,'10A701',1,1,1,12,'8','','8','9','','','','8','7','','','','9','8.2',0),
(882,'10A702',1,1,1,12,'7','','9','8','','','','8','7','','','','7','7.5',0),
(883,'10A703',1,1,1,12,'9','','8','9','','','','10','7','','','','8','8.4',0),
(884,'10A704',1,1,1,12,'8','','7','6','','','','8','6','','','','8','7.3',0),
(885,'10A705',1,1,1,12,'7','','9','2','','','','7','5','','','','7','6.3',0),
(886,'10A706',1,1,1,12,'9','','9','8','','','','10','7','','','','9','8.7',0),
(887,'10A707',1,1,1,12,'8','','9','10','','','','9','8','','','','8','8.5',0),
(888,'10A708',1,1,1,12,'9','','8','10','','','','9','8','','','','8','8.5',0),
(889,'10A709',1,1,1,12,'8','','8','7','','','','6','8','','','','9','7.8',0),
(890,'10A710',1,1,1,12,'8','','7','7','','','','9','7','','','','8','7.8',0),
(891,'10A711',1,1,1,12,'9','','8','10','','','','10','7','','','','8','8.5',0),
(892,'10A712',1,1,1,12,'10','','9','9','','','','10','8','','','','8','8.8',0),
(893,'10A713',1,1,1,12,'7','','8','8','','','','10','9','','','','9','8.8',0),
(894,'10A714',1,1,1,12,'8','','8','8','','','','7','7','','','','8','7.6',0),
(895,'10A715',1,1,1,12,'9','','8','2','','','','10','8','','','','8','7.9',0),
(896,'10A716',1,1,1,12,'9','','9','8','','','','7','9','','','','9','8.5',0),
(897,'10A717',1,1,1,12,'8','','7','6','','','','10','6','','','','7','7.4',0),
(898,'10A718',1,1,1,12,'9','','8','7','','','','9','7','','','','8','8',0),
(899,'10A719',1,1,1,12,'7','','7','8','','','','10','1','','','','7','6.5',0),
(900,'10A720',1,1,1,12,'4','','6','7','','','','5','7','','','','8','6.5',0),
(901,'10A721',1,1,1,12,'5','','7','8','','','','8','8','','','','8','7.6',0),
(902,'10A722',1,1,1,12,'9','','7','8','','','','10','7','','','','7','7.9',0),
(903,'10A723',1,1,1,12,'10','','9','8','','','','10','9','','','','10','9.5',0),
(904,'10A724',1,1,1,12,'8','','9','10','','','','10','7','','','','8','8.5',0),
(905,'10A725',1,1,1,12,'6','','8','7','','','','5','8','','','','7','6.8',0),
(906,'10A726',1,1,1,12,'8','','8','7','','','','9','9','','','','8','8.3',0),
(907,'10A727',1,1,1,12,'5','','8','7','','','','8','8','','','','8','7.6',0),
(908,'10A728',1,1,1,12,'5','','6','7','','','','5','7','','','','7','6.3',0),
(909,'10A729',1,1,1,12,'5','','6','7','','','','8','7','','','','8','7.2',0),
(910,'10A730',1,1,1,12,'8','','8','7','','','','9','7','','','','7','7.6',0),
(911,'10A731',1,1,1,12,'7','','8','1','','','','10','8','','','','7','7.3',0),
(912,'10A732',1,1,1,12,'10','','8','9','','','','8','8','','','','9','8.6',0),
(913,'10A733',1,1,1,12,'7','','7','9','','','','9','7','','','','7','7.6',0),
(914,'10A734',1,1,1,12,'9','','8','7','','','','9','7','','','','10','8.6',0),
(915,'10A735',1,1,1,12,'9','','7','7','','','','10','8','','','','7','8',0),
(916,'10A736',1,1,1,12,'8','','6','7','','','','8','7','','','','7','7.2',0),
(917,'10A737',1,1,1,12,'9','','8','10','','','','10','8','','','','9','9',0),
(918,'10A738',1,1,1,12,'6','','5','8','','','','5','8','','','','9','7.2',0),
(919,'10A739',1,1,1,12,'8','','8','9','','','','8','9','','','','8','8.3',0),
(920,'10A740',1,1,1,12,'7','','8','7','','','','8','9','','','','7','7.7',0),
(921,'10A701',1,1,1,13,'9','','9','','','','','9','','','','','9','9',0),
(922,'10A702',1,1,1,13,'7','','7','','','','','8','','','','','7','7.3',0),
(923,'10A703',1,1,1,13,'7','','8','','','','','8','','','','','8','7.9',0),
(924,'10A704',1,1,1,13,'8','','7','','','','','7','','','','','8','7.6',0),
(925,'10A705',1,1,1,13,'8','','8','','','','','8','','','','','8','8',0),
(926,'10A706',1,1,1,13,'6','','8','','','','','8','','','','','7','7.3',0),
(927,'10A707',1,1,1,13,'7','','8','','','','','8','','','','','7','7.4',0),
(928,'10A708',1,1,1,13,'8','','7','','','','','8','','','','','8','7.9',0),
(929,'10A709',1,1,1,13,'6','','7','','','','','7','','','','','8','7.3',0),
(930,'10A710',1,1,1,13,'7','','8','','','','','8','','','','','8','7.9',0),
(931,'10A711',1,1,1,13,'8','','8','','','','','8','','','','','8','8',0),
(932,'10A712',1,1,1,13,'7','','7','','','','','7','','','','','8','7.4',0),
(933,'10A713',1,1,1,13,'9','','9','','','','','8','','','','','9','8.7',0),
(934,'10A714',1,1,1,13,'7','','8','','','','','8','','','','','8','7.9',0),
(935,'10A715',1,1,1,13,'7','','7','','','','','8','','','','','7','7.3',0),
(936,'10A716',1,1,1,13,'8','','8','','','','','8','','','','','8','8',0),
(937,'10A717',1,1,1,13,'7','','8','','','','','8','','','','','8','7.9',0),
(938,'10A718',1,1,1,13,'8','','7','','','','','8','','','','','8','7.9',0),
(939,'10A719',1,1,1,13,'8','','7','','','','','8','','','','','8','7.9',0),
(940,'10A720',1,1,1,13,'9','','8','','','','','8','','','','','8','8.1',0),
(941,'10A721',1,1,1,13,'7','','7','','','','','7','','','','','7','7',0),
(942,'10A722',1,1,1,13,'8','','8','','','','','8','','','','','8','8',0),
(943,'10A723',1,1,1,13,'9','','8','','','','','8','','','','','8','8.1',0),
(944,'10A724',1,1,1,13,'7','','7','','','','','7','','','','','8','7.4',0),
(945,'10A725',1,1,1,13,'9','','8','','','','','8','','','','','8','8.1',0),
(946,'10A726',1,1,1,13,'8','','8','','','','','8','','','','','8','8',0),
(947,'10A727',1,1,1,13,'8','','8','','','','','8','','','','','7','7.6',0),
(948,'10A728',1,1,1,13,'7','','7','','','','','8','','','','','8','7.7',0),
(949,'10A729',1,1,1,13,'8','','7','','','','','8','','','','','8','7.9',0),
(950,'10A730',1,1,1,13,'9','','8','','','','','8','','','','','8','8.1',0),
(951,'10A731',1,1,1,13,'8','','8','','','','','8','','','','','8','8',0),
(952,'10A732',1,1,1,13,'9','','9','','','','','9','','','','','9','9',0),
(953,'10A733',1,1,1,13,'9','','9','','','','','8','','','','','8','8.3',0),
(954,'10A734',1,1,1,13,'9','','8','','','','','8','','','','','9','8.6',0),
(955,'10A735',1,1,1,13,'8','','7','','','','','7','','','','','9','8',0),
(956,'10A736',1,1,1,13,'8','','8','','','','','8','','','','','8','8',0),
(957,'10A737',1,1,1,13,'8','','7','','','','','8','','','','','8','7.9',0),
(958,'10A738',1,1,1,13,'8','','8','','','','','8','','','','','7','7.6',0),
(959,'10A739',1,1,1,13,'8','','9','','','','','8','','','','','8','8.1',0),
(960,'10A740',1,1,1,13,'8','','8','','','','','8','','','','','7','7.6',0),
(961,'10A701',1,1,2,13,'9','','9','','','','','9','','','','','9','9',0),
(962,'10A702',1,1,2,13,'7','','7','','','','','8','','','','','7','7.3',0),
(963,'10A703',1,1,2,13,'7','','8','','','','','8','','','','','8','7.9',0),
(964,'10A704',1,1,2,13,'8','','7','','','','','7','','','','','8','7.6',0),
(965,'10A705',1,1,2,13,'8','','8','','','','','8','','','','','8','8',0),
(966,'10A706',1,1,2,13,'6','','8','','','','','8','','','','','7','7.3',0),
(967,'10A707',1,1,2,13,'7','','8','','','','','8','','','','','7','7.4',0),
(968,'10A708',1,1,2,13,'8','','7','','','','','8','','','','','8','7.9',0),
(969,'10A709',1,1,2,13,'6','','7','','','','','7','','','','','8','7.3',0),
(970,'10A710',1,1,2,13,'7','','8','','','','','8','','','','','8','7.9',0),
(971,'10A711',1,1,2,13,'8','','8','','','','','8','','','','','8','8',0),
(972,'10A712',1,1,2,13,'7','','7','','','','','7','','','','','8','7.4',0),
(973,'10A713',1,1,2,13,'9','','9','','','','','8','','','','','9','8.7',0),
(974,'10A714',1,1,2,13,'7','','8','','','','','8','','','','','8','7.9',0),
(975,'10A715',1,1,2,13,'7','','7','','','','','8','','','','','7','7.3',0),
(976,'10A716',1,1,2,13,'8','','8','','','','','8','','','','','8','8',0),
(977,'10A717',1,1,2,13,'7','','8','','','','','8','','','','','8','7.9',0),
(978,'10A718',1,1,2,13,'8','','7','','','','','8','','','','','8','7.9',0),
(979,'10A719',1,1,2,13,'8','','7','','','','','8','','','','','8','7.9',0),
(980,'10A720',1,1,2,13,'9','','8','','','','','8','','','','','8','8.1',0),
(981,'10A721',1,1,2,13,'7','','7','','','','','7','','','','','7','7',0),
(982,'10A722',1,1,2,13,'8','','8','','','','','8','','','','','8','8',0),
(983,'10A723',1,1,2,13,'9','','8','','','','','8','','','','','8','8.1',0),
(984,'10A724',1,1,2,13,'7','','7','','','','','7','','','','','8','7.4',0),
(985,'10A725',1,1,2,13,'9','','8','','','','','8','','','','','8','8.1',0),
(986,'10A726',1,1,2,13,'8','','8','','','','','8','','','','','8','8',0),
(987,'10A727',1,1,2,13,'8','','8','','','','','8','','','','','7','7.6',0),
(988,'10A728',1,1,2,13,'7','','7','','','','','8','','','','','8','7.7',0),
(989,'10A729',1,1,2,13,'8','','7','','','','','8','','','','','8','7.9',0),
(990,'10A730',1,1,2,13,'9','','8','','','','','8','','','','','8','8.1',0),
(991,'10A731',1,1,2,13,'8','','8','','','','','8','','','','','8','8',0),
(992,'10A732',1,1,2,13,'9','','9','','','','','9','','','','','9','9',0),
(993,'10A733',1,1,2,13,'9','','9','','','','','8','','','','','8','8.3',0),
(994,'10A734',1,1,2,13,'9','','8','','','','','8','','','','','9','8.6',0),
(995,'10A735',1,1,2,13,'8','','7','','','','','7','','','','','9','8',0),
(996,'10A736',1,1,2,13,'8','','8','','','','','8','','','','','8','8',0),
(997,'10A737',1,1,2,13,'8','','7','','','','','8','','','','','8','7.9',0),
(998,'10A738',1,1,2,13,'8','','8','','','','','8','','','','','7','7.6',0),
(999,'10A739',1,1,2,13,'8','','9','','','','','8','','','','','8','8.1',0),
(1000,'10A740',1,1,2,13,'8','','8','','','','','8','','','','','7','7.6',0),
(1001,'10A701',1,1,2,1,'9','','9','','','','','9','','','','','9','9',0),
(1002,'10A702',1,1,2,1,'7','','7','','','','','8','','','','','7','7.3',0),
(1003,'10A703',1,1,2,1,'7','','8','','','','','8','','','','','8','7.9',0),
(1004,'10A704',1,1,2,1,'8','','7','','','','','7','','','','','8','7.6',0),
(1005,'10A705',1,1,2,1,'8','','8','','','','','8','','','','','8','8',0),
(1006,'10A706',1,1,2,1,'6','','8','','','','','8','','','','','7','7.3',0),
(1007,'10A707',1,1,2,1,'7','','8','','','','','8','','','','','7','7.4',0),
(1008,'10A708',1,1,2,1,'8','','7','','','','','8','','','','','8','7.9',0),
(1009,'10A709',1,1,2,1,'6','','7','','','','','7','','','','','8','7.3',0),
(1010,'10A710',1,1,2,1,'7','','8','','','','','8','','','','','8','7.9',0),
(1011,'10A711',1,1,2,1,'8','','8','','','','','8','','','','','8','8',0),
(1012,'10A712',1,1,2,1,'7','','7','','','','','7','','','','','8','7.4',0),
(1013,'10A713',1,1,2,1,'9','','9','','','','','8','','','','','9','8.7',0),
(1014,'10A714',1,1,2,1,'7','','8','','','','','8','','','','','8','7.9',0),
(1015,'10A715',1,1,2,1,'7','','7','','','','','8','','','','','7','7.3',0),
(1016,'10A716',1,1,2,1,'8','','8','','','','','8','','','','','8','8',0),
(1017,'10A717',1,1,2,1,'7','','8','','','','','8','','','','','8','7.9',0),
(1018,'10A718',1,1,2,1,'8','','7','','','','','8','','','','','8','7.9',0),
(1019,'10A719',1,1,2,1,'8','','7','','','','','8','','','','','8','7.9',0),
(1020,'10A720',1,1,2,1,'9','','8','','','','','8','','','','','8','8.1',0),
(1021,'10A721',1,1,2,1,'7','','7','','','','','7','','','','','7','7',0),
(1022,'10A722',1,1,2,1,'8','','8','','','','','8','','','','','8','8',0),
(1023,'10A723',1,1,2,1,'9','','8','','','','','8','','','','','8','8.1',0),
(1024,'10A724',1,1,2,1,'7','','7','','','','','7','','','','','8','7.4',0),
(1025,'10A725',1,1,2,1,'9','','8','','','','','8','','','','','8','8.1',0),
(1026,'10A726',1,1,2,1,'8','','8','','','','','8','','','','','8','8',0),
(1027,'10A727',1,1,2,1,'8','','8','','','','','8','','','','','7','7.6',0),
(1028,'10A728',1,1,2,1,'7','','7','','','','','8','','','','','8','7.7',0),
(1029,'10A729',1,1,2,1,'8','','7','','','','','8','','','','','8','7.9',0),
(1030,'10A730',1,1,2,1,'9','','8','','','','','8','','','','','8','8.1',0),
(1031,'10A731',1,1,2,1,'8','','8','','','','','8','','','','','8','8',0),
(1032,'10A732',1,1,2,1,'9','','9','','','','','9','','','','','9','9',0),
(1033,'10A733',1,1,2,1,'9','','9','','','','','8','','','','','8','8.3',0),
(1034,'10A734',1,1,2,1,'9','','8','','','','','8','','','','','9','8.6',0),
(1035,'10A735',1,1,2,1,'8','','7','','','','','7','','','','','9','8',0),
(1036,'10A736',1,1,2,1,'8','','8','','','','','8','','','','','8','8',0),
(1037,'10A737',1,1,2,1,'8','','7','','','','','8','','','','','8','7.9',0),
(1038,'10A738',1,1,2,1,'8','','8','','','','','8','','','','','7','7.6',0),
(1039,'10A739',1,1,2,1,'8','','9','','','','','8','','','','','8','8.1',0),
(1040,'10A740',1,1,2,1,'8','','8','','','','','8','','','','','7','7.6',0)	;
#	TC`nv3_vi_tradiem_dsgv`utf8_general_ci	;
CREATE TABLE `nv3_vi_tradiem_dsgv` (
  `gvid` mediumint(3) NOT NULL auto_increment,
  `tengv` varchar(40) NOT NULL,
  `user` varchar(40) default NULL,
  `log` text,
  `chunhiem` tinyint(1) NOT NULL default '0',
  `active` tinyint(1) NOT NULL default '1',
  PRIMARY KEY  (`gvid`)
) ENGINE=MyISAM AUTO_INCREMENT=71 DEFAULT CHARSET=utf8	;
#	TD`nv3_vi_tradiem_dsgv`utf8_general_ci	;
INSERT INTO `nv3_vi_tradiem_dsgv` VALUES 
(1,'Lê Thị Mai Anh','lethimaianh','',1,1),
(2,'Nguyễn Hồng Bích','nguyenhongbich','',1,1),
(3,'Trần Thị Bình','tranthibinh','',1,1),
(4,'Nguyễn Văn Chiến','nguyenvanchien','',1,1),
(5,'Nguyễn Thúy Chinh','nguyenthuychinh','',1,1),
(6,'Tráng Thị Din','trangthidin','',1,1),
(7,'Nguyễn Huy Đoàn','nguyenhuydoan','',1,1),
(8,'Đặng Việt Đức','dangvietduc','',1,1),
(9,'Lê Văn Dũng','levandung','',1,1),
(10,'Cao Trần Dũng','caotrandung','',1,1),
(11,'Trần Đình Dũng','trandinhdung','',1,1),
(12,'Lưu Ngân Hà','luunganha','',1,1),
(13,'Cù Thị Thu Hà','cuthithuha','',1,1),
(14,'Nguyễn Hoàng Hà','nguyenhoangha','',1,1),
(15,'Đỗ Thu Hà','dothuha','',1,1),
(16,'Lê Thanh Hải','lethanhhai','',1,1),
(17,'Mạc Thị Hằng','macthihang','',1,1),
(18,'Trần Thị Hạnh','tranthihanh','',1,1),
(19,'Nguyễn Thị Bích Hạnh','nguyenthibichhanh','',1,1),
(20,'Nguyễn Thị Thu Hiền','nguyenthithuhien','',1,1),
(21,'Lê Thị Hiền','lethihien','',1,1),
(22,'Mai Thị Hiền','maithihien','',1,1),
(23,'Nguyễn Thanh Hiền','nguyenthanhhien','',1,1),
(24,'Trần Kim Hoa','trankimhoa','',1,1),
(25,'Vương Thị Lan Hoa','vuongthilanhoa','',1,1),
(26,'Trần Lệ Hoa','tranlehoa','',1,1),
(27,'Hoàng Thị Hoàn','hoangthihoan','',1,1),
(28,'Nguyễn Thị Minh Huệ','nguyenthiminhhue','',1,1),
(29,'Trần Thị Hương','tranthihuong','',1,1),
(30,'Lê Thị Minh Hường','lethiminhhuong','',1,1),
(31,'Đào Lê Huy','daolehuy','',1,1),
(32,'Bùi Thị Thanh Huyền','buithithanhhuyen','',1,1),
(33,'Lương Thanh Huyền','luongthanhhuyen','',1,1),
(34,'Hoàng Thanh Huyền','hoangthanhhuyen','',1,1),
(35,'Nguyễn Thị Thu Huyền','nguyenthithuhuyen','',1,1),
(36,'Phạm Đình Lợi','phamdinhloi','',1,1),
(37,'Trịnh Thị Minh','trinhthiminh','',1,1),
(38,'Hà Thị Minh','hathiminh','',1,1),
(39,'Hà Thị Tố Nga','hathitonga','',1,1),
(40,'Nguyễn Thị Nga','nguyenthinga','',1,1),
(41,'Phạm Thị Thanh Nga','phamthithanhnga','',1,1),
(42,'Nguyễn Thị Nhin','nguyenthinhin','',1,1),
(43,'Nguyễn Văn Phiến','nguyenvanphien','',1,1),
(44,'Cao Thanh Phương','caothanhphuong','',1,1),
(45,'Phi Thùy Phương','phithuyphuong','',1,1),
(46,'Phạm Nguyệt Quế','phamnguyetque','',1,1),
(47,'Lã Thị Quyên','lathiquyen','',1,1),
(48,'Đỗ Minh Tâm','dominhtam','',1,1),
(49,'Phạm Xuân Thám','phamxuantham','',1,1),
(50,'Bùi Toàn Thắng','buitoanthang','',1,1),
(51,'Trịnh Thị Thanh','trinhthithanh','',1,1),
(52,'Cao Thị Thành','caothithanh','',1,1),
(53,'Nguyễn Đức Thành','nguyenducthanh','',1,1),
(54,'Võ Thị Thành','vothithanh','',1,1),
(55,'Nguyễn Phương Thảo','nguyenphuongthao','',1,1),
(56,'Nguyễn Thị Thơm','nguyenthithom','',1,1),
(57,'Nguyễn Anh Thuấn','nguyenanhthuan','',1,1),
(58,'Nguyễn Thị Thuận','nguyenthithuan','',1,1),
(59,'Lương Văn Thuận','luongvanthuan','',1,1),
(60,'Vũ Huyền Thương','vuhuyenthuong','',1,1),
(61,'Mai Thị Thanh Thúy','maithithanhthuy','',1,1),
(62,'Trần Thanh Thủy','tranthanhthuy','',1,1),
(63,'Vương Thị Thủy','vuongthithuy','',1,1),
(64,'Phạm Thị Thu Thủy','phamthithuthuy','',1,1),
(65,'Đào Văn Tiến','daovantien','',1,1),
(66,'Nguyễn Thu Trang','nguyenthutrang','',1,1),
(67,'Vương Quang Trọng','vuongquangtrong','',1,1),
(68,'Đặng Thanh Tuấn','dangthanhtuan','',1,1),
(69,'Nguyễn Hoàng Vân','nguyenhoangvan','',1,1),
(70,'Khương Khánh Vân','khuongkhanhvan','',1,1)	;
#	TC`nv3_vi_tradiem_dshs`utf8_general_ci	;
CREATE TABLE `nv3_vi_tradiem_dshs` (
  `id` int(9) NOT NULL auto_increment,
  `mahs` varchar(7) NOT NULL,
  `manamhoc` tinyint(2) NOT NULL,
  `lopid` tinyint(3) NOT NULL,
  `hoten` varchar(40) NOT NULL,
  `phai` tinyint(1) NOT NULL default '1',
  `ngaysinh` int(11) NOT NULL,
  `noisinh` varchar(40) NOT NULL,
  PRIMARY KEY  (`id`)
) ENGINE=MyISAM AUTO_INCREMENT=41 DEFAULT CHARSET=utf8	;
#	TD`nv3_vi_tradiem_dshs`utf8_general_ci	;
INSERT INTO `nv3_vi_tradiem_dshs` VALUES 
(1,'10A701',1,1,'Hồ Phương Anh',1,796928400,'Thị xã Lào Cai - Tỉnh Lào Cai'),
(2,'10A702',1,1,'Trương Tuấn Anh',0,819910800,'Bệnh viện Nghĩa Lộ'),
(3,'10A703',1,1,'Phạm Văn Bình',0,809542800,'Lào Cai - Tỉnh Lào Cai'),
(4,'10A704',1,1,'Vũ Thị Kim Chi',1,818874000,'Quang Kim- Bát Xát- Lào Cai'),
(5,'10A705',1,1,'Hoàng Anh Đức',0,795632400,'Bảo Thắng- Lào Cai'),
(6,'10A706',1,1,'Phạm Bá Đức',0,804186000,'Phường Mông Dương'),
(7,'10A707',1,1,'Phạm Thùy Dương',1,811184400,'Thị xã Lào Cai-Lào Cai'),
(8,'10A708',1,1,'Vũ Thị Thu Hà',1,783882000,'Tổ 10 - Phường Kim Tân'),
(9,'10A709',1,1,'Nguyễn Duy Hải',0,819478800,'Lào Cai'),
(10,'10A710',1,1,'Nguyễn Minh Hằng',1,810320400,'Thị xã Lào Cai - Tỉnh Lào Cai'),
(11,'10A711',1,1,'Nguyễn Thị Mỹ Hạnh',1,804099600,'Bảo Yên - Lào Cai'),
(12,'10A712',1,1,'Phạm Hoàng Hiệp',0,799347600,'Thị xã Lào Cai - Tỉnh Lào Cai'),
(13,'10A713',1,1,'Ngô Thị Hoài',1,806173200,'Hải Hậu - Nam Định'),
(14,'10A714',1,1,'Trần Huy Hoàng',0,804013200,'Lào Cai'),
(15,'10A715',1,1,'Nguyễn Thu Hường',1,803754000,'Phú Xuyên - Hà Tây'),
(16,'10A716',1,1,'Lê Quốc Huy',0,819910800,'Bảo Thắng - Lào Cai'),
(17,'10A717',1,1,'Phạm Thanh Lam',1,810579600,'TX Lào Cai- Lào Cai'),
(18,'10A718',1,1,'Phạm Thu Lành',1,809629200,'Phố Lu-Bảo Thắng-Lào Cai'),
(19,'10A719',1,1,'Hoàng Diệu Linh',1,811184400,'BV thị xã Lào Cai'),
(20,'10A720',1,1,'Hoàng Trần Mỹ Linh',1,804618000,'Bệnh viện Bảo Yên- Lào Cai'),
(21,'10A721',1,1,'Nguyễn Công Lực',0,809542800,'Thị xã Lào Cai - Tỉnh Lào Cai'),
(22,'10A722',1,1,'Hồ Đức Mạnh',0,798829200,'Vĩnh Tường - Vĩnh Phúc'),
(23,'10A723',1,1,'Nguyễn Thị Minh',1,801334800,'Phường Duyên Hải - TX Lào Cai'),
(24,'10A724',1,1,'Đào Ánh Ngọc',1,809542800,'Sapa- Lào Cai'),
(25,'10A725',1,1,'Hoàng Thị Bích Ngọc',1,811270800,'BV Cốc Lếu- Lào Cai'),
(26,'10A726',1,1,'Hoàng Thanh Nhàn',1,799434000,'BV thị xã Yên Bái'),
(27,'10A727',1,1,'Phạm Yến Nhi',1,810147600,'Mường Khương - Lào Cai'),
(28,'10A728',1,1,'Nguyễn Thị Bích Phương',1,810406800,'Thị xã Lào Cai - Tỉnh Lào Cai'),
(29,'10A729',1,1,'Phan Thị Thu Phương',1,807814800,'Bệnh viện thị xã Cam Đường'),
(30,'10A730',1,1,'Nguyễn Thái',0,796150800,'Thanh Hòa - Vĩnh Phú'),
(31,'10A731',1,1,'Vương Tất Thành',0,794250000,'Bảo Thắng- Lào Cai'),
(32,'10A732',1,1,'Dương Thị Thúy',1,774291600,'Sông Thao - Phú Thọ'),
(33,'10A733',1,1,'Tạ Thị Thùy',1,791744400,'Trạm xá xã Yên Đồng'),
(34,'10A734',1,1,'Vũ Thị Thủy Tiên',1,809370000,'Gia Phú- Bảo Thắng- Lào Cai'),
(35,'10A735',1,1,'Hán Đức Toàn',0,807555600,'Bát Xát- Lào Cai'),
(36,'10A736',1,1,'Chử Thị Thùy Trang',1,812912400,'Lào Cai'),
(37,'10A737',1,1,'Nguyễn Minh Trang',1,797274000,'BV Thị xã Cam Đường-Lào Cai'),
(38,'10A738',1,1,'Trần Việt Trinh',1,807382800,'Bệnh viện mỏ apatit'),
(39,'10A739',1,1,'Nguyễn Đức Trung',0,801507600,'Bệnh viện thị xã Yên Bái'),
(40,'10A740',1,1,'Trần Văn Vinh',0,776624400,'Định Quán - Đồng Nai')	;
#	TC`nv3_vi_tradiem_lop`utf8_general_ci	;
CREATE TABLE `nv3_vi_tradiem_lop` (
  `lopid` tinyint(3) NOT NULL,
  `tenlop` varchar(50) NOT NULL,
  `gvid` mediumint(3) NOT NULL default '0',
  PRIMARY KEY  (`lopid`)
) ENGINE=MyISAM DEFAULT CHARSET=utf8	;
#	TD`nv3_vi_tradiem_lop`utf8_general_ci	;
INSERT INTO `nv3_vi_tradiem_lop` VALUES 
(1,'10A7',66)	;
#	TC`nv3_vi_tradiem_monhoc`utf8_general_ci	;
CREATE TABLE `nv3_vi_tradiem_monhoc` (
  `monid` tinyint(2) NOT NULL,
  `tenmon` varchar(50) NOT NULL,
  PRIMARY KEY  (`monid`)
) ENGINE=MyISAM DEFAULT CHARSET=utf8	;
#	TD`nv3_vi_tradiem_monhoc`utf8_general_ci	;
INSERT INTO `nv3_vi_tradiem_monhoc` VALUES 
(1,'Toán'),
(2,'Lý'),
(3,'Hóa'),
(4,'Sinh'),
(5,'Tin'),
(6,'Văn'),
(7,'Sử'),
(8,'Địa'),
(9,'Anh'),
(10,'GDCD'),
(11,'CN'),
(12,'TD'),
(13,'GDQP')	;
#	TC`nv3_vi_tradiem_namhoc`utf8_general_ci	;
CREATE TABLE `nv3_vi_tradiem_namhoc` (
  `manamhoc` tinyint(2) NOT NULL,
  `tennamhoc` varchar(9) NOT NULL,
  PRIMARY KEY  (`manamhoc`)
) ENGINE=MyISAM DEFAULT CHARSET=utf8	;
#	TD`nv3_vi_tradiem_namhoc`utf8_general_ci	;
INSERT INTO `nv3_vi_tradiem_namhoc` VALUES 
(1,'2010-2011')	;
#	TC`nv3_vi_tradiem_xeploai`utf8_general_ci	;
CREATE TABLE `nv3_vi_tradiem_xeploai` (
  `id` int(11) NOT NULL auto_increment,
  `mahs` varchar(7) NOT NULL,
  `lopid` tinyint(3) NOT NULL,
  `manamhoc` tinyint(2) NOT NULL,
  `mahocky` tinyint(1) NOT NULL,
  `tbm` varchar(3) NOT NULL,
  `hl` varchar(11) NOT NULL,
  `hk` varchar(11) NOT NULL,
  `snncp` varchar(2) default NULL,
  `snnkp` varchar(2) default NULL,
  `danhhieu` varchar(11) default NULL,
  `nxgvcn` varchar(255) default NULL,
  PRIMARY KEY  (`id`)
) ENGINE=MyISAM AUTO_INCREMENT=121 DEFAULT CHARSET=utf8	;
#	TD`nv3_vi_tradiem_xeploai`utf8_general_ci	;
INSERT INTO `nv3_vi_tradiem_xeploai` VALUES 
(1,'10A701',1,1,1,'6.5','TB','K','1','0','TT','Chăm ngoan, Ý thức học tập tốt'),
(2,'10A702',1,1,1,'6.5','TB','K','2','0','TT','Chăm ngoan, Ý thức học tập tốt'),
(3,'10A703',1,1,1,'6.5','TB','K','0','0','TT','Chăm ngoan, Ý thức học tập tốt'),
(4,'10A704',1,1,1,'6.5','TB','K','0','0','TT','Chăm ngoan, Ý thức học tập tốt'),
(5,'10A705',1,1,1,'6.5','TB','K','0','0','TT','Chăm ngoan, Ý thức học tập tốt'),
(6,'10A706',1,1,1,'6.5','TB','K','0','0','TT','Chăm ngoan, Ý thức học tập tốt'),
(7,'10A707',1,1,1,'6.5','TB','K','2','2','TT','Chăm ngoan, Ý thức học tập tốt'),
(8,'10A708',1,1,1,'4','Yếu','K','2','2','',''),
(9,'10A709',1,1,1,'6.2','TB','K','2','2','','Cần cố gắng để có kết quả tốt hơn'),
(10,'10A710',1,1,1,'6.2','TB','K','2','2','','Cần cố gắng để có kết quả tốt hơn'),
(11,'10A711',1,1,1,'6.2','TB','K','2','2','','Cần cố gắng để có kết quả tốt hơn'),
(12,'10A712',1,1,1,'6.2','TB','K','2','2','','Cần cố gắng để có kết quả tốt hơn'),
(13,'10A713',1,1,1,'6.2','TB','K','0','0','','Cần cố gắng để có kết quả tốt hơn'),
(14,'10A714',1,1,1,'6.2','TB','K','0','0','','Cần cố gắng để có kết quả tốt hơn'),
(15,'10A715',1,1,1,'7','TB','K','0','0','TT','Chăm ngoan, Ý thức học tập tốt'),
(16,'10A716',1,1,1,'7','TB','K','4','4','TT','Chăm ngoan, Ý thức học tập tốt'),
(17,'10A717',1,1,1,'7','TB','K','4','4','TT','Chăm ngoan, Ý thức học tập tốt'),
(18,'10A718',1,1,1,'7','TB','K','4','4','TT','Chăm ngoan, Ý thức học tập tốt'),
(19,'10A719',1,1,1,'7','TB','K','4','4','TT','Chăm ngoan, Ý thức học tập tốt'),
(20,'10A720',1,1,1,'7','TB','K','4','4','TT','Chăm ngoan, Ý thức học tập tốt'),
(21,'10A721',1,1,1,'7','TB','K','4','4','TT','Chăm ngoan, Ý thức học tập tốt'),
(22,'10A722',1,1,1,'6.2','TB','K','4','4','',''),
(23,'10A723',1,1,1,'6.2','TB','K','0','0','',''),
(24,'10A724',1,1,1,'9','TB','K','0','0','G','Chăm ngoan, Ý thức học tập tốt'),
(25,'10A725',1,1,1,'9','TB','K','0','0','G','Chăm ngoan, Ý thức học tập tốt'),
(26,'10A726',1,1,1,'9','TB','K','0','0','G','Chăm ngoan, Ý thức học tập tốt'),
(27,'10A727',1,1,1,'9','TB','K','0','0','G','Chăm ngoan, Ý thức học tập tốt'),
(28,'10A728',1,1,1,'9','TB','K','2','2','G','Chăm ngoan, Ý thức học tập tốt'),
(29,'10A729',1,1,1,'9','TB','K','2','2','G','Chăm ngoan, Ý thức học tập tốt'),
(30,'10A730',1,1,1,'9','TB','K','2','2','G','Chăm ngoan, Ý thức học tập tốt'),
(31,'10A731',1,1,1,'9','TB','K','2','2','G','Chăm ngoan, Ý thức học tập tốt'),
(32,'10A732',1,1,1,'9','TB','K','2','2','G','Chăm ngoan, Ý thức học tập tốt'),
(33,'10A733',1,1,1,'6.2','TB','K','2','2','',''),
(34,'10A734',1,1,1,'6.2','TB','K','2','7','','Vắng học nhiều không lý do'),
(35,'10A735',1,1,1,'6.2','TB','K','2','2','','Chăm ngoan, Ý thức học tập tốt'),
(36,'10A736',1,1,1,'6.2','TB','K','0','0','','Chăm ngoan, Ý thức học tập tốt'),
(37,'10A737',1,1,1,'6.2','TB','K','0','0','','Chăm ngoan, Ý thức học tập tốt'),
(38,'10A738',1,1,1,'6.2','TB','K','0','0','','Chăm ngoan, Ý thức học tập tốt'),
(39,'10A739',1,1,1,'6.2','TB','K','0','0','','Chăm ngoan, Ý thức học tập tốt'),
(40,'10A740',1,1,1,'6.2','TB','K','0','0','','Chăm ngoan, Ý thức học tập tốt'),
(41,'10A701',1,1,2,'6.5','TB','K','1','0','TT','Chăm ngoan, Ý thức học tập tốt'),
(42,'10A702',1,1,2,'6.5','TB','K','2','0','TT','Chăm ngoan, Ý thức học tập tốt'),
(43,'10A703',1,1,2,'6.5','TB','K','0','0','TT','Chăm ngoan, Ý thức học tập tốt'),
(44,'10A704',1,1,2,'6.5','TB','K','0','0','TT','Chăm ngoan, Ý thức học tập tốt'),
(45,'10A705',1,1,2,'6.5','TB','K','0','0','TT','Chăm ngoan, Ý thức học tập tốt'),
(46,'10A706',1,1,2,'6.5','TB','K','0','0','TT','Chăm ngoan, Ý thức học tập tốt'),
(47,'10A707',1,1,2,'6.5','TB','K','2','2','TT','Chăm ngoan, Ý thức học tập tốt'),
(48,'10A708',1,1,2,'4','Yếu','K','2','2','',''),
(49,'10A709',1,1,2,'6.2','TB','K','2','2','','Cần cố gắng để có kết quả tốt hơn'),
(50,'10A710',1,1,2,'6.2','TB','K','2','2','','Cần cố gắng để có kết quả tốt hơn'),
(51,'10A711',1,1,2,'6.2','TB','K','2','2','','Cần cố gắng để có kết quả tốt hơn'),
(52,'10A712',1,1,2,'6.2','TB','K','2','2','','Cần cố gắng để có kết quả tốt hơn'),
(53,'10A713',1,1,2,'6.2','TB','K','0','0','','Cần cố gắng để có kết quả tốt hơn'),
(54,'10A714',1,1,2,'6.2','TB','K','0','0','','Cần cố gắng để có kết quả tốt hơn'),
(55,'10A715',1,1,2,'7','TB','K','0','0','TT','Chăm ngoan, Ý thức học tập tốt'),
(56,'10A716',1,1,2,'7','TB','K','4','4','TT','Chăm ngoan, Ý thức học tập tốt'),
(57,'10A717',1,1,2,'7','TB','K','4','4','TT','Chăm ngoan, Ý thức học tập tốt'),
(58,'10A718',1,1,2,'7','TB','K','4','4','TT','Chăm ngoan, Ý thức học tập tốt'),
(59,'10A719',1,1,2,'7','TB','K','4','4','TT','Chăm ngoan, Ý thức học tập tốt'),
(60,'10A720',1,1,2,'7','TB','K','4','4','TT','Chăm ngoan, Ý thức học tập tốt'),
(61,'10A721',1,1,2,'7','TB','K','4','4','TT','Chăm ngoan, Ý thức học tập tốt'),
(62,'10A722',1,1,2,'6.2','TB','K','4','4','',''),
(63,'10A723',1,1,2,'6.2','TB','K','0','0','',''),
(64,'10A724',1,1,2,'9','TB','K','0','0','G','Chăm ngoan, Ý thức học tập tốt'),
(65,'10A725',1,1,2,'9','TB','K','0','0','G','Chăm ngoan, Ý thức học tập tốt'),
(66,'10A726',1,1,2,'9','TB','K','0','0','G','Chăm ngoan, Ý thức học tập tốt'),
(67,'10A727',1,1,2,'9','TB','K','0','0','G','Chăm ngoan, Ý thức học tập tốt'),
(68,'10A728',1,1,2,'9','TB','K','2','2','G','Chăm ngoan, Ý thức học tập tốt'),
(69,'10A729',1,1,2,'9','TB','K','2','2','G','Chăm ngoan, Ý thức học tập tốt'),
(70,'10A730',1,1,2,'9','TB','K','2','2','G','Chăm ngoan, Ý thức học tập tốt'),
(71,'10A731',1,1,2,'9','TB','K','2','2','G','Chăm ngoan, Ý thức học tập tốt'),
(72,'10A732',1,1,2,'9','TB','K','2','2','G','Chăm ngoan, Ý thức học tập tốt'),
(73,'10A733',1,1,2,'6.2','TB','K','2','2','',''),
(74,'10A734',1,1,2,'6.2','TB','K','2','7','','Vắng học nhiều không lý do'),
(75,'10A735',1,1,2,'6.2','TB','K','2','2','','Chăm ngoan, Ý thức học tập tốt'),
(76,'10A736',1,1,2,'6.2','TB','K','0','0','','Chăm ngoan, Ý thức học tập tốt'),
(77,'10A737',1,1,2,'6.2','TB','K','0','0','','Chăm ngoan, Ý thức học tập tốt'),
(78,'10A738',1,1,2,'6.2','TB','K','0','0','','Chăm ngoan, Ý thức học tập tốt'),
(79,'10A739',1,1,2,'6.2','TB','K','0','0','','Chăm ngoan, Ý thức học tập tốt'),
(80,'10A740',1,1,2,'6.2','TB','K','0','0','','Chăm ngoan, Ý thức học tập tốt'),
(81,'10A701',1,1,3,'6.5','TB','K','1','0','TT','Chăm ngoan, Ý thức học tập tốt'),
(82,'10A702',1,1,3,'6.5','TB','K','2','0','TT','Chăm ngoan, Ý thức học tập tốt'),
(83,'10A703',1,1,3,'6.5','TB','K','0','0','TT','Chăm ngoan, Ý thức học tập tốt'),
(84,'10A704',1,1,3,'6.5','TB','K','0','0','TT','Chăm ngoan, Ý thức học tập tốt'),
(85,'10A705',1,1,3,'6.5','TB','K','0','0','TT','Chăm ngoan, Ý thức học tập tốt'),
(86,'10A706',1,1,3,'6.5','TB','K','0','0','TT','Chăm ngoan, Ý thức học tập tốt'),
(87,'10A707',1,1,3,'6.5','TB','K','2','2','TT','Chăm ngoan, Ý thức học tập tốt'),
(88,'10A708',1,1,3,'4','Yếu','K','2','2','',''),
(89,'10A709',1,1,3,'6.2','TB','K','2','2','','Cần cố gắng để có kết quả tốt hơn'),
(90,'10A710',1,1,3,'6.2','TB','K','2','2','','Cần cố gắng để có kết quả tốt hơn'),
(91,'10A711',1,1,3,'6.2','TB','K','2','2','','Cần cố gắng để có kết quả tốt hơn'),
(92,'10A712',1,1,3,'6.2','TB','K','2','2','','Cần cố gắng để có kết quả tốt hơn'),
(93,'10A713',1,1,3,'6.2','TB','K','0','0','','Cần cố gắng để có kết quả tốt hơn'),
(94,'10A714',1,1,3,'6.2','TB','K','0','0','','Cần cố gắng để có kết quả tốt hơn'),
(95,'10A715',1,1,3,'7','TB','K','0','0','TT','Chăm ngoan, Ý thức học tập tốt'),
(96,'10A716',1,1,3,'7','TB','K','4','4','TT','Chăm ngoan, Ý thức học tập tốt'),
(97,'10A717',1,1,3,'7','TB','K','4','4','TT','Chăm ngoan, Ý thức học tập tốt'),
(98,'10A718',1,1,3,'7','TB','K','4','4','TT','Chăm ngoan, Ý thức học tập tốt'),
(99,'10A719',1,1,3,'7','TB','K','4','4','TT','Chăm ngoan, Ý thức học tập tốt'),
(100,'10A720',1,1,3,'7','TB','K','4','4','TT','Chăm ngoan, Ý thức học tập tốt'),
(101,'10A721',1,1,3,'7','TB','K','4','4','TT','Chăm ngoan, Ý thức học tập tốt'),
(102,'10A722',1,1,3,'6.2','TB','K','4','4','',''),
(103,'10A723',1,1,3,'6.2','TB','K','0','0','',''),
(104,'10A724',1,1,3,'9','TB','K','0','0','G','Chăm ngoan, Ý thức học tập tốt'),
(105,'10A725',1,1,3,'9','TB','K','0','0','G','Chăm ngoan, Ý thức học tập tốt'),
(106,'10A726',1,1,3,'9','TB','K','0','0','G','Chăm ngoan, Ý thức học tập tốt'),
(107,'10A727',1,1,3,'9','TB','K','0','0','G','Chăm ngoan, Ý thức học tập tốt'),
(108,'10A728',1,1,3,'9','TB','K','2','2','G','Chăm ngoan, Ý thức học tập tốt'),
(109,'10A729',1,1,3,'9','TB','K','2','2','G','Chăm ngoan, Ý thức học tập tốt'),
(110,'10A730',1,1,3,'9','TB','K','2','2','G','Chăm ngoan, Ý thức học tập tốt'),
(111,'10A731',1,1,3,'9','TB','K','2','2','G','Chăm ngoan, Ý thức học tập tốt'),
(112,'10A732',1,1,3,'9','TB','K','2','2','G','Chăm ngoan, Ý thức học tập tốt'),
(113,'10A733',1,1,3,'6.2','TB','K','2','2','',''),
(114,'10A734',1,1,3,'6.2','TB','K','2','7','','Vắng học nhiều không lý do'),
(115,'10A735',1,1,3,'6.2','TB','K','2','2','','Chăm ngoan, Ý thức học tập tốt'),
(116,'10A736',1,1,3,'6.2','TB','K','0','0','','Chăm ngoan, Ý thức học tập tốt'),
(117,'10A737',1,1,3,'6.2','TB','K','0','0','','Chăm ngoan, Ý thức học tập tốt'),
(118,'10A738',1,1,3,'6.2','TB','K','0','0','','Chăm ngoan, Ý thức học tập tốt'),
(119,'10A739',1,1,3,'6.2','TB','K','0','0','','Chăm ngoan, Ý thức học tập tốt'),
(120,'10A740',1,1,3,'6.2','TB','K','0','0','','Chăm ngoan, Ý thức học tập tốt')	;
#	TC`nv3_vi_voting`utf8_general_ci	;
CREATE TABLE `nv3_vi_voting` (
  `vid` mediumint(8) unsigned NOT NULL auto_increment,
  `question` varchar(255) NOT NULL,
  `acceptcm` int(2) NOT NULL default '1',
  `admin_id` mediumint(8) unsigned NOT NULL default '0',
  `who_view` tinyint(2) unsigned NOT NULL default '0',
  `groups_view` varchar(255) NOT NULL,
  `publ_time` int(11) unsigned NOT NULL default '0',
  `exp_time` int(11) unsigned NOT NULL default '0',
  `act` tinyint(1) unsigned NOT NULL default '0',
  PRIMARY KEY  (`vid`),
  UNIQUE KEY `question` (`question`)
) ENGINE=MyISAM AUTO_INCREMENT=4 DEFAULT CHARSET=utf8	;
#	TD`nv3_vi_voting`utf8_general_ci	;
INSERT INTO `nv3_vi_voting` VALUES 
(2,'Bộ GD-ĐT vừa công bố nội dung dự kiến giảm tải chương trình sách giáo khoa phổ thông các bậc học, từ cấp tiểu học, THCS đến THPT. Theo bạn, có cần thiết giảm tải sách giáo khoa&#x3A;',1,1,0,'',1275318540,0,1)	;
#	TC`nv3_vi_voting_rows`utf8_general_ci	;
CREATE TABLE `nv3_vi_voting_rows` (
  `id` int(11) unsigned NOT NULL auto_increment,
  `vid` int(11) unsigned NOT NULL,
  `title` varchar(255) NOT NULL default '',
  `hitstotal` int(11) unsigned NOT NULL default '0',
  PRIMARY KEY  (`id`),
  UNIQUE KEY `vid` (`vid`,`title`)
) ENGINE=MyISAM AUTO_INCREMENT=14 DEFAULT CHARSET=utf8	;
#	TD`nv3_vi_voting_rows`utf8_general_ci	;
INSERT INTO `nv3_vi_voting_rows` VALUES 
(5,2,'Có, vì SGK hiện có những nội dung không phù hợp trình độ nhận thức và tâm sinh lý lứa tuổi học sinh.',1),
(6,2,'Không, vì SGK chỉ là một tài liệu, một kênh thông tin giúp giáo viên chuyển tải kiến thức tới học sinh.',0),
(7,2,'Ý kiến khác',0)	;
